ISO-10303-21;
HEADER;
FILE_DESCRIPTION(('FreeCAD Model'),'2;1');
FILE_NAME('Open CASCADE Shape Model','2026-01-04T11:13:52',(''),(''),
  'Open CASCADE STEP processor 7.8','FreeCAD','Unknown');
FILE_SCHEMA(('AUTOMOTIVE_DESIGN { 1 0 10303 214 1 1 1 1 }'));
ENDSEC;
DATA;
#1 = APPLICATION_PROTOCOL_DEFINITION('international standard',
  'automotive_design',2000,#2);
#2 = APPLICATION_CONTEXT(
  'core data for automotive mechanical design processes');
#3 = SHAPE_DEFINITION_REPRESENTATION(#4,#10);
#4 = PRODUCT_DEFINITION_SHAPE('','',#5);
#5 = PRODUCT_DEFINITION('design','',#6,#9);
#6 = PRODUCT_DEFINITION_FORMATION('','',#7);
#7 = PRODUCT('NEMA 23 FLAT BRACKET','NEMA 23 FLAT BRACKET','',(#8));
#8 = PRODUCT_CONTEXT('',#2,'mechanical');
#9 = PRODUCT_DEFINITION_CONTEXT('part definition',#2,'design');
#10 = ADVANCED_BREP_SHAPE_REPRESENTATION('',(#11,#15),#18263);
#11 = AXIS2_PLACEMENT_3D('',#12,#13,#14);
#12 = CARTESIAN_POINT('',(0.,0.,0.));
#13 = DIRECTION('',(0.,0.,1.));
#14 = DIRECTION('',(1.,0.,-0.));
#15 = BREP_WITH_VOIDS('',#16,(#761,#1507,#2253,#2999));
#16 = CLOSED_SHELL('',(#17,#57,#88,#119,#150,#181,#212,#243,#274,#305,
    #336,#367,#398,#429,#460,#491,#522,#553,#584,#615,#646,#677,#708,
    #739));
#17 = ADVANCED_FACE('',(#18),#52,.T.);
#18 = FACE_BOUND('',#19,.T.);
#19 = EDGE_LOOP('',(#20,#30,#38,#46));
#20 = ORIENTED_EDGE('',*,*,#21,.F.);
#21 = EDGE_CURVE('',#22,#24,#26,.T.);
#22 = VERTEX_POINT('',#23);
#23 = CARTESIAN_POINT('',(9.,-6.150000095367,0.));
#24 = VERTEX_POINT('',#25);
#25 = CARTESIAN_POINT('',(8.913110733032,-6.809988498688,0.));
#26 = LINE('',#27,#28);
#27 = CARTESIAN_POINT('',(9.,-6.150000095367,0.));
#28 = VECTOR('',#29,1.);
#29 = DIRECTION('',(-0.130526406761,-0.991444833129,0.));
#30 = ORIENTED_EDGE('',*,*,#31,.F.);
#31 = EDGE_CURVE('',#32,#22,#34,.T.);
#32 = VERTEX_POINT('',#33);
#33 = CARTESIAN_POINT('',(9.,-6.150000095367,3.));
#34 = LINE('',#35,#36);
#35 = CARTESIAN_POINT('',(9.,-6.150000095367,3.));
#36 = VECTOR('',#37,1.);
#37 = DIRECTION('',(0.,0.,-1.));
#38 = ORIENTED_EDGE('',*,*,#39,.F.);
#39 = EDGE_CURVE('',#40,#32,#42,.T.);
#40 = VERTEX_POINT('',#41);
#41 = CARTESIAN_POINT('',(8.913110733032,-6.809988498688,3.));
#42 = LINE('',#43,#44);
#43 = CARTESIAN_POINT('',(8.913110733032,-6.809988498688,3.));
#44 = VECTOR('',#45,1.);
#45 = DIRECTION('',(0.130526406761,0.991444833129,0.));
#46 = ORIENTED_EDGE('',*,*,#47,.F.);
#47 = EDGE_CURVE('',#24,#40,#48,.T.);
#48 = LINE('',#49,#50);
#49 = CARTESIAN_POINT('',(8.913110733032,-6.809988498688,0.));
#50 = VECTOR('',#51,1.);
#51 = DIRECTION('',(0.,0.,1.));
#52 = PLANE('',#53);
#53 = AXIS2_PLACEMENT_3D('',#54,#55,#56);
#54 = CARTESIAN_POINT('',(8.956555366516,-6.479994297028,1.5));
#55 = DIRECTION('',(0.991444833129,-0.130526406761,0.));
#56 = DIRECTION('',(0.130526406761,0.991444833129,0.));
#57 = ADVANCED_FACE('',(#58),#83,.T.);
#58 = FACE_BOUND('',#59,.T.);
#59 = EDGE_LOOP('',(#60,#68,#76,#82));
#60 = ORIENTED_EDGE('',*,*,#61,.F.);
#61 = EDGE_CURVE('',#62,#40,#64,.T.);
#62 = VERTEX_POINT('',#63);
#63 = CARTESIAN_POINT('',(8.658365249634,-7.425000190735,3.));
#64 = LINE('',#65,#66);
#65 = CARTESIAN_POINT('',(8.658365249634,-7.425000190735,3.));
#66 = VECTOR('',#67,1.);
#67 = DIRECTION('',(0.382682534213,0.923879904537,0.));
#68 = ORIENTED_EDGE('',*,*,#69,.F.);
#69 = EDGE_CURVE('',#70,#62,#72,.T.);
#70 = VERTEX_POINT('',#71);
#71 = CARTESIAN_POINT('',(8.658365249634,-7.425000190735,0.));
#72 = LINE('',#73,#74);
#73 = CARTESIAN_POINT('',(8.658365249634,-7.425000190735,0.));
#74 = VECTOR('',#75,1.);
#75 = DIRECTION('',(0.,0.,1.));
#76 = ORIENTED_EDGE('',*,*,#77,.F.);
#77 = EDGE_CURVE('',#24,#70,#78,.T.);
#78 = LINE('',#79,#80);
#79 = CARTESIAN_POINT('',(8.913110733032,-6.809988498688,0.));
#80 = VECTOR('',#81,1.);
#81 = DIRECTION('',(-0.382682534213,-0.923879904537,0.));
#82 = ORIENTED_EDGE('',*,*,#47,.T.);
#83 = PLANE('',#84);
#84 = AXIS2_PLACEMENT_3D('',#85,#86,#87);
#85 = CARTESIAN_POINT('',(8.785737991333,-7.117494344711,1.5));
#86 = DIRECTION('',(0.923879904537,-0.382682534213,0.));
#87 = DIRECTION('',(0.382682534213,0.923879904537,0.));
#88 = ADVANCED_FACE('',(#89),#114,.T.);
#89 = FACE_BOUND('',#90,.T.);
#90 = EDGE_LOOP('',(#91,#99,#107,#113));
#91 = ORIENTED_EDGE('',*,*,#92,.F.);
#92 = EDGE_CURVE('',#93,#62,#95,.T.);
#93 = VERTEX_POINT('',#94);
#94 = CARTESIAN_POINT('',(8.253122329712,-7.953122138977,3.));
#95 = LINE('',#96,#97);
#96 = CARTESIAN_POINT('',(8.253122329712,-7.953122138977,3.));
#97 = VECTOR('',#98,1.);
#98 = DIRECTION('',(0.608762087169,0.793352835267,0.));
#99 = ORIENTED_EDGE('',*,*,#100,.F.);
#100 = EDGE_CURVE('',#101,#93,#103,.T.);
#101 = VERTEX_POINT('',#102);
#102 = CARTESIAN_POINT('',(8.253122329712,-7.953122138977,0.));
#103 = LINE('',#104,#105);
#104 = CARTESIAN_POINT('',(8.253122329712,-7.953122138977,0.));
#105 = VECTOR('',#106,1.);
#106 = DIRECTION('',(0.,0.,1.));
#107 = ORIENTED_EDGE('',*,*,#108,.F.);
#108 = EDGE_CURVE('',#70,#101,#109,.T.);
#109 = LINE('',#110,#111);
#110 = CARTESIAN_POINT('',(8.658365249634,-7.425000190735,0.));
#111 = VECTOR('',#112,1.);
#112 = DIRECTION('',(-0.608762087169,-0.793352835267,0.));
#113 = ORIENTED_EDGE('',*,*,#69,.T.);
#114 = PLANE('',#115);
#115 = AXIS2_PLACEMENT_3D('',#116,#117,#118);
#116 = CARTESIAN_POINT('',(8.455743789673,-7.689061164856,1.5));
#117 = DIRECTION('',(0.793352835267,-0.608762087169,0.));
#118 = DIRECTION('',(0.608762087169,0.793352835267,0.));
#119 = ADVANCED_FACE('',(#120),#145,.T.);
#120 = FACE_BOUND('',#121,.T.);
#121 = EDGE_LOOP('',(#122,#130,#138,#144));
#122 = ORIENTED_EDGE('',*,*,#123,.F.);
#123 = EDGE_CURVE('',#124,#93,#126,.T.);
#124 = VERTEX_POINT('',#125);
#125 = CARTESIAN_POINT('',(7.724999904633,-8.358365058899,3.));
#126 = LINE('',#127,#128);
#127 = CARTESIAN_POINT('',(7.724999904633,-8.358365058899,3.));
#128 = VECTOR('',#129,1.);
#129 = DIRECTION('',(0.793353100725,0.608761741217,0.));
#130 = ORIENTED_EDGE('',*,*,#131,.F.);
#131 = EDGE_CURVE('',#132,#124,#134,.T.);
#132 = VERTEX_POINT('',#133);
#133 = CARTESIAN_POINT('',(7.724999904633,-8.358365058899,0.));
#134 = LINE('',#135,#136);
#135 = CARTESIAN_POINT('',(7.724999904633,-8.358365058899,0.));
#136 = VECTOR('',#137,1.);
#137 = DIRECTION('',(0.,0.,1.));
#138 = ORIENTED_EDGE('',*,*,#139,.F.);
#139 = EDGE_CURVE('',#101,#132,#140,.T.);
#140 = LINE('',#141,#142);
#141 = CARTESIAN_POINT('',(8.253122329712,-7.953122138977,0.));
#142 = VECTOR('',#143,1.);
#143 = DIRECTION('',(-0.793353100725,-0.608761741217,0.));
#144 = ORIENTED_EDGE('',*,*,#100,.T.);
#145 = PLANE('',#146);
#146 = AXIS2_PLACEMENT_3D('',#147,#148,#149);
#147 = CARTESIAN_POINT('',(7.989061117172,-8.155743598938,1.5));
#148 = DIRECTION('',(0.608761741217,-0.793353100725,0.));
#149 = DIRECTION('',(-0.793353100725,-0.608761741217,0.));
#150 = ADVANCED_FACE('',(#151),#176,.T.);
#151 = FACE_BOUND('',#152,.T.);
#152 = EDGE_LOOP('',(#153,#161,#169,#175));
#153 = ORIENTED_EDGE('',*,*,#154,.F.);
#154 = EDGE_CURVE('',#155,#124,#157,.T.);
#155 = VERTEX_POINT('',#156);
#156 = CARTESIAN_POINT('',(7.109988689423,-8.613110542297,3.));
#157 = LINE('',#158,#159);
#158 = CARTESIAN_POINT('',(7.109988689423,-8.613110542297,3.));
#159 = VECTOR('',#160,1.);
#160 = DIRECTION('',(0.923879799636,0.382682787468,0.));
#161 = ORIENTED_EDGE('',*,*,#162,.F.);
#162 = EDGE_CURVE('',#163,#155,#165,.T.);
#163 = VERTEX_POINT('',#164);
#164 = CARTESIAN_POINT('',(7.109988689423,-8.613110542297,0.));
#165 = LINE('',#166,#167);
#166 = CARTESIAN_POINT('',(7.109988689423,-8.613110542297,0.));
#167 = VECTOR('',#168,1.);
#168 = DIRECTION('',(0.,0.,1.));
#169 = ORIENTED_EDGE('',*,*,#170,.F.);
#170 = EDGE_CURVE('',#132,#163,#171,.T.);
#171 = LINE('',#172,#173);
#172 = CARTESIAN_POINT('',(7.724999904633,-8.358365058899,0.));
#173 = VECTOR('',#174,1.);
#174 = DIRECTION('',(-0.923879799636,-0.382682787468,0.));
#175 = ORIENTED_EDGE('',*,*,#131,.T.);
#176 = PLANE('',#177);
#177 = AXIS2_PLACEMENT_3D('',#178,#179,#180);
#178 = CARTESIAN_POINT('',(7.417494297028,-8.485737800598,1.5));
#179 = DIRECTION('',(0.382682787468,-0.923879799636,0.));
#180 = DIRECTION('',(-0.923879799636,-0.382682787468,0.));
#181 = ADVANCED_FACE('',(#182),#207,.T.);
#182 = FACE_BOUND('',#183,.T.);
#183 = EDGE_LOOP('',(#184,#192,#200,#206));
#184 = ORIENTED_EDGE('',*,*,#185,.F.);
#185 = EDGE_CURVE('',#186,#155,#188,.T.);
#186 = VERTEX_POINT('',#187);
#187 = CARTESIAN_POINT('',(6.449999809265,-8.699999809265,3.));
#188 = LINE('',#189,#190);
#189 = CARTESIAN_POINT('',(6.449999809265,-8.699999809265,3.));
#190 = VECTOR('',#191,1.);
#191 = DIRECTION('',(0.991444845333,0.130526314064,0.));
#192 = ORIENTED_EDGE('',*,*,#193,.F.);
#193 = EDGE_CURVE('',#194,#186,#196,.T.);
#194 = VERTEX_POINT('',#195);
#195 = CARTESIAN_POINT('',(6.449999809265,-8.699999809265,0.));
#196 = LINE('',#197,#198);
#197 = CARTESIAN_POINT('',(6.449999809265,-8.699999809265,0.));
#198 = VECTOR('',#199,1.);
#199 = DIRECTION('',(0.,0.,1.));
#200 = ORIENTED_EDGE('',*,*,#201,.F.);
#201 = EDGE_CURVE('',#163,#194,#202,.T.);
#202 = LINE('',#203,#204);
#203 = CARTESIAN_POINT('',(7.109988689423,-8.613110542297,0.));
#204 = VECTOR('',#205,1.);
#205 = DIRECTION('',(-0.991444845333,-0.130526314064,0.));
#206 = ORIENTED_EDGE('',*,*,#162,.T.);
#207 = PLANE('',#208);
#208 = AXIS2_PLACEMENT_3D('',#209,#210,#211);
#209 = CARTESIAN_POINT('',(6.779994249344,-8.656555175781,1.5));
#210 = DIRECTION('',(0.130526314064,-0.991444845333,0.));
#211 = DIRECTION('',(-0.991444845333,-0.130526314064,0.));
#212 = ADVANCED_FACE('',(#213),#238,.T.);
#213 = FACE_BOUND('',#214,.T.);
#214 = EDGE_LOOP('',(#215,#223,#231,#237));
#215 = ORIENTED_EDGE('',*,*,#216,.F.);
#216 = EDGE_CURVE('',#217,#186,#219,.T.);
#217 = VERTEX_POINT('',#218);
#218 = CARTESIAN_POINT('',(5.790011405945,-8.613110542297,3.));
#219 = LINE('',#220,#221);
#220 = CARTESIAN_POINT('',(5.790011405945,-8.613110542297,3.));
#221 = VECTOR('',#222,1.);
#222 = DIRECTION('',(0.991444833129,-0.130526406761,0.));
#223 = ORIENTED_EDGE('',*,*,#224,.F.);
#224 = EDGE_CURVE('',#225,#217,#227,.T.);
#225 = VERTEX_POINT('',#226);
#226 = CARTESIAN_POINT('',(5.790011405945,-8.613110542297,0.));
#227 = LINE('',#228,#229);
#228 = CARTESIAN_POINT('',(5.790011405945,-8.613110542297,0.));
#229 = VECTOR('',#230,1.);
#230 = DIRECTION('',(0.,0.,1.));
#231 = ORIENTED_EDGE('',*,*,#232,.F.);
#232 = EDGE_CURVE('',#194,#225,#233,.T.);
#233 = LINE('',#234,#235);
#234 = CARTESIAN_POINT('',(6.449999809265,-8.699999809265,0.));
#235 = VECTOR('',#236,1.);
#236 = DIRECTION('',(-0.991444833129,0.130526406761,0.));
#237 = ORIENTED_EDGE('',*,*,#193,.T.);
#238 = PLANE('',#239);
#239 = AXIS2_PLACEMENT_3D('',#240,#241,#242);
#240 = CARTESIAN_POINT('',(6.120005607605,-8.656555175781,1.5));
#241 = DIRECTION('',(-0.130526406761,-0.991444833129,-0.));
#242 = DIRECTION('',(-0.991444833129,0.130526406761,0.));
#243 = ADVANCED_FACE('',(#244),#269,.T.);
#244 = FACE_BOUND('',#245,.T.);
#245 = EDGE_LOOP('',(#246,#254,#262,#268));
#246 = ORIENTED_EDGE('',*,*,#247,.F.);
#247 = EDGE_CURVE('',#248,#217,#250,.T.);
#248 = VERTEX_POINT('',#249);
#249 = CARTESIAN_POINT('',(5.175000190735,-8.358365058899,3.));
#250 = LINE('',#251,#252);
#251 = CARTESIAN_POINT('',(5.175000190735,-8.358365058899,3.));
#252 = VECTOR('',#253,1.);
#253 = DIRECTION('',(0.923879799636,-0.382682787468,0.));
#254 = ORIENTED_EDGE('',*,*,#255,.F.);
#255 = EDGE_CURVE('',#256,#248,#258,.T.);
#256 = VERTEX_POINT('',#257);
#257 = CARTESIAN_POINT('',(5.175000190735,-8.358365058899,0.));
#258 = LINE('',#259,#260);
#259 = CARTESIAN_POINT('',(5.175000190735,-8.358365058899,0.));
#260 = VECTOR('',#261,1.);
#261 = DIRECTION('',(0.,0.,1.));
#262 = ORIENTED_EDGE('',*,*,#263,.F.);
#263 = EDGE_CURVE('',#225,#256,#264,.T.);
#264 = LINE('',#265,#266);
#265 = CARTESIAN_POINT('',(5.790011405945,-8.613110542297,0.));
#266 = VECTOR('',#267,1.);
#267 = DIRECTION('',(-0.923879799636,0.382682787468,0.));
#268 = ORIENTED_EDGE('',*,*,#224,.T.);
#269 = PLANE('',#270);
#270 = AXIS2_PLACEMENT_3D('',#271,#272,#273);
#271 = CARTESIAN_POINT('',(5.48250579834,-8.485737800598,1.5));
#272 = DIRECTION('',(-0.382682787468,-0.923879799636,-0.));
#273 = DIRECTION('',(-0.923879799636,0.382682787468,0.));
#274 = ADVANCED_FACE('',(#275),#300,.T.);
#275 = FACE_BOUND('',#276,.T.);
#276 = EDGE_LOOP('',(#277,#285,#293,#299));
#277 = ORIENTED_EDGE('',*,*,#278,.F.);
#278 = EDGE_CURVE('',#279,#248,#281,.T.);
#279 = VERTEX_POINT('',#280);
#280 = CARTESIAN_POINT('',(4.646877765656,-7.953122138977,3.));
#281 = LINE('',#282,#283);
#282 = CARTESIAN_POINT('',(4.646877765656,-7.953122138977,3.));
#283 = VECTOR('',#284,1.);
#284 = DIRECTION('',(0.793353100725,-0.608761741217,0.));
#285 = ORIENTED_EDGE('',*,*,#286,.F.);
#286 = EDGE_CURVE('',#287,#279,#289,.T.);
#287 = VERTEX_POINT('',#288);
#288 = CARTESIAN_POINT('',(4.646877765656,-7.953122138977,0.));
#289 = LINE('',#290,#291);
#290 = CARTESIAN_POINT('',(4.646877765656,-7.953122138977,0.));
#291 = VECTOR('',#292,1.);
#292 = DIRECTION('',(0.,0.,1.));
#293 = ORIENTED_EDGE('',*,*,#294,.F.);
#294 = EDGE_CURVE('',#256,#287,#295,.T.);
#295 = LINE('',#296,#297);
#296 = CARTESIAN_POINT('',(5.175000190735,-8.358365058899,0.));
#297 = VECTOR('',#298,1.);
#298 = DIRECTION('',(-0.793353100725,0.608761741217,0.));
#299 = ORIENTED_EDGE('',*,*,#255,.T.);
#300 = PLANE('',#301);
#301 = AXIS2_PLACEMENT_3D('',#302,#303,#304);
#302 = CARTESIAN_POINT('',(4.910938978195,-8.155743598938,1.5));
#303 = DIRECTION('',(-0.608761741217,-0.793353100725,-0.));
#304 = DIRECTION('',(-0.793353100725,0.608761741217,0.));
#305 = ADVANCED_FACE('',(#306),#331,.T.);
#306 = FACE_BOUND('',#307,.T.);
#307 = EDGE_LOOP('',(#308,#316,#324,#330));
#308 = ORIENTED_EDGE('',*,*,#309,.F.);
#309 = EDGE_CURVE('',#310,#279,#312,.T.);
#310 = VERTEX_POINT('',#311);
#311 = CARTESIAN_POINT('',(4.241635322571,-7.425000190735,3.));
#312 = LINE('',#313,#314);
#313 = CARTESIAN_POINT('',(4.241635322571,-7.425000190735,3.));
#314 = VECTOR('',#315,1.);
#315 = DIRECTION('',(0.608761636316,-0.793353181219,0.));
#316 = ORIENTED_EDGE('',*,*,#317,.T.);
#317 = EDGE_CURVE('',#310,#318,#320,.T.);
#318 = VERTEX_POINT('',#319);
#319 = CARTESIAN_POINT('',(4.241635322571,-7.425000190735,0.));
#320 = LINE('',#321,#322);
#321 = CARTESIAN_POINT('',(4.241635322571,-7.425000190735,3.));
#322 = VECTOR('',#323,1.);
#323 = DIRECTION('',(0.,0.,-1.));
#324 = ORIENTED_EDGE('',*,*,#325,.F.);
#325 = EDGE_CURVE('',#287,#318,#326,.T.);
#326 = LINE('',#327,#328);
#327 = CARTESIAN_POINT('',(4.646877765656,-7.953122138977,0.));
#328 = VECTOR('',#329,1.);
#329 = DIRECTION('',(-0.608761636316,0.793353181219,0.));
#330 = ORIENTED_EDGE('',*,*,#286,.T.);
#331 = PLANE('',#332);
#332 = AXIS2_PLACEMENT_3D('',#333,#334,#335);
#333 = CARTESIAN_POINT('',(4.444256544113,-7.689061164856,1.5));
#334 = DIRECTION('',(-0.793353181219,-0.608761636316,-0.));
#335 = DIRECTION('',(0.608761636316,-0.793353181219,0.));
#336 = ADVANCED_FACE('',(#337),#362,.T.);
#337 = FACE_BOUND('',#338,.T.);
#338 = EDGE_LOOP('',(#339,#340,#348,#356));
#339 = ORIENTED_EDGE('',*,*,#317,.F.);
#340 = ORIENTED_EDGE('',*,*,#341,.F.);
#341 = EDGE_CURVE('',#342,#310,#344,.T.);
#342 = VERTEX_POINT('',#343);
#343 = CARTESIAN_POINT('',(3.986889123917,-6.809988498688,3.));
#344 = LINE('',#345,#346);
#345 = CARTESIAN_POINT('',(3.986889123917,-6.809988498688,3.));
#346 = VECTOR('',#347,1.);
#347 = DIRECTION('',(0.382683451329,-0.923879524656,0.));
#348 = ORIENTED_EDGE('',*,*,#349,.F.);
#349 = EDGE_CURVE('',#350,#342,#352,.T.);
#350 = VERTEX_POINT('',#351);
#351 = CARTESIAN_POINT('',(3.986889123917,-6.809988498688,0.));
#352 = LINE('',#353,#354);
#353 = CARTESIAN_POINT('',(3.986889123917,-6.809988498688,0.));
#354 = VECTOR('',#355,1.);
#355 = DIRECTION('',(0.,0.,1.));
#356 = ORIENTED_EDGE('',*,*,#357,.F.);
#357 = EDGE_CURVE('',#318,#350,#358,.T.);
#358 = LINE('',#359,#360);
#359 = CARTESIAN_POINT('',(4.241635322571,-7.425000190735,0.));
#360 = VECTOR('',#361,1.);
#361 = DIRECTION('',(-0.382683451329,0.923879524656,0.));
#362 = PLANE('',#363);
#363 = AXIS2_PLACEMENT_3D('',#364,#365,#366);
#364 = CARTESIAN_POINT('',(4.114262223244,-7.117494344711,1.5));
#365 = DIRECTION('',(-0.923879524656,-0.382683451329,-0.));
#366 = DIRECTION('',(0.382683451329,-0.923879524656,0.));
#367 = ADVANCED_FACE('',(#368),#393,.T.);
#368 = FACE_BOUND('',#369,.T.);
#369 = EDGE_LOOP('',(#370,#378,#386,#392));
#370 = ORIENTED_EDGE('',*,*,#371,.F.);
#371 = EDGE_CURVE('',#372,#342,#374,.T.);
#372 = VERTEX_POINT('',#373);
#373 = CARTESIAN_POINT('',(3.900000095367,-6.150000095367,3.));
#374 = LINE('',#375,#376);
#375 = CARTESIAN_POINT('',(3.900000095367,-6.150000095367,3.));
#376 = VECTOR('',#377,1.);
#377 = DIRECTION('',(0.130526054707,-0.991444879478,0.));
#378 = ORIENTED_EDGE('',*,*,#379,.F.);
#379 = EDGE_CURVE('',#380,#372,#382,.T.);
#380 = VERTEX_POINT('',#381);
#381 = CARTESIAN_POINT('',(3.900000095367,-6.150000095367,0.));
#382 = LINE('',#383,#384);
#383 = CARTESIAN_POINT('',(3.900000095367,-6.150000095367,0.));
#384 = VECTOR('',#385,1.);
#385 = DIRECTION('',(0.,0.,1.));
#386 = ORIENTED_EDGE('',*,*,#387,.F.);
#387 = EDGE_CURVE('',#350,#380,#388,.T.);
#388 = LINE('',#389,#390);
#389 = CARTESIAN_POINT('',(3.986889123917,-6.809988498688,0.));
#390 = VECTOR('',#391,1.);
#391 = DIRECTION('',(-0.130526054707,0.991444879478,0.));
#392 = ORIENTED_EDGE('',*,*,#349,.T.);
#393 = PLANE('',#394);
#394 = AXIS2_PLACEMENT_3D('',#395,#396,#397);
#395 = CARTESIAN_POINT('',(3.943444609642,-6.479994297028,1.5));
#396 = DIRECTION('',(-0.991444879478,-0.130526054707,-0.));
#397 = DIRECTION('',(0.130526054707,-0.991444879478,0.));
#398 = ADVANCED_FACE('',(#399),#424,.T.);
#399 = FACE_BOUND('',#400,.T.);
#400 = EDGE_LOOP('',(#401,#409,#417,#423));
#401 = ORIENTED_EDGE('',*,*,#402,.F.);
#402 = EDGE_CURVE('',#403,#372,#405,.T.);
#403 = VERTEX_POINT('',#404);
#404 = CARTESIAN_POINT('',(3.986889123917,-5.49001121521,3.));
#405 = LINE('',#406,#407);
#406 = CARTESIAN_POINT('',(3.986889123917,-5.49001121521,3.));
#407 = VECTOR('',#408,1.);
#408 = DIRECTION('',(-0.13052596201,-0.991444891682,0.));
#409 = ORIENTED_EDGE('',*,*,#410,.F.);
#410 = EDGE_CURVE('',#411,#403,#413,.T.);
#411 = VERTEX_POINT('',#412);
#412 = CARTESIAN_POINT('',(3.986889123917,-5.49001121521,0.));
#413 = LINE('',#414,#415);
#414 = CARTESIAN_POINT('',(3.986889123917,-5.49001121521,0.));
#415 = VECTOR('',#416,1.);
#416 = DIRECTION('',(0.,0.,1.));
#417 = ORIENTED_EDGE('',*,*,#418,.F.);
#418 = EDGE_CURVE('',#380,#411,#419,.T.);
#419 = LINE('',#420,#421);
#420 = CARTESIAN_POINT('',(3.900000095367,-6.150000095367,0.));
#421 = VECTOR('',#422,1.);
#422 = DIRECTION('',(0.13052596201,0.991444891682,0.));
#423 = ORIENTED_EDGE('',*,*,#379,.T.);
#424 = PLANE('',#425);
#425 = AXIS2_PLACEMENT_3D('',#426,#427,#428);
#426 = CARTESIAN_POINT('',(3.943444609642,-5.820005655289,1.5));
#427 = DIRECTION('',(-0.991444891682,0.13052596201,0.));
#428 = DIRECTION('',(-0.13052596201,-0.991444891682,0.));
#429 = ADVANCED_FACE('',(#430),#455,.T.);
#430 = FACE_BOUND('',#431,.T.);
#431 = EDGE_LOOP('',(#432,#440,#448,#454));
#432 = ORIENTED_EDGE('',*,*,#433,.F.);
#433 = EDGE_CURVE('',#434,#403,#436,.T.);
#434 = VERTEX_POINT('',#435);
#435 = CARTESIAN_POINT('',(4.241635322571,-4.875,3.));
#436 = LINE('',#437,#438);
#437 = CARTESIAN_POINT('',(4.241635322571,-4.875,3.));
#438 = VECTOR('',#439,1.);
#439 = DIRECTION('',(-0.382683704584,-0.923879419754,0.));
#440 = ORIENTED_EDGE('',*,*,#441,.F.);
#441 = EDGE_CURVE('',#442,#434,#444,.T.);
#442 = VERTEX_POINT('',#443);
#443 = CARTESIAN_POINT('',(4.241635322571,-4.875,0.));
#444 = LINE('',#445,#446);
#445 = CARTESIAN_POINT('',(4.241635322571,-4.875,0.));
#446 = VECTOR('',#447,1.);
#447 = DIRECTION('',(0.,0.,1.));
#448 = ORIENTED_EDGE('',*,*,#449,.F.);
#449 = EDGE_CURVE('',#411,#442,#450,.T.);
#450 = LINE('',#451,#452);
#451 = CARTESIAN_POINT('',(3.986889123917,-5.49001121521,0.));
#452 = VECTOR('',#453,1.);
#453 = DIRECTION('',(0.382683704584,0.923879419754,0.));
#454 = ORIENTED_EDGE('',*,*,#410,.T.);
#455 = PLANE('',#456);
#456 = AXIS2_PLACEMENT_3D('',#457,#458,#459);
#457 = CARTESIAN_POINT('',(4.114262223244,-5.182505607605,1.5));
#458 = DIRECTION('',(-0.923879419754,0.382683704584,0.));
#459 = DIRECTION('',(-0.382683704584,-0.923879419754,0.));
#460 = ADVANCED_FACE('',(#461),#486,.T.);
#461 = FACE_BOUND('',#462,.T.);
#462 = EDGE_LOOP('',(#463,#471,#479,#485));
#463 = ORIENTED_EDGE('',*,*,#464,.F.);
#464 = EDGE_CURVE('',#465,#434,#467,.T.);
#465 = VERTEX_POINT('',#466);
#466 = CARTESIAN_POINT('',(4.646877765656,-4.346877574921,3.));
#467 = LINE('',#468,#469);
#468 = CARTESIAN_POINT('',(4.646877765656,-4.346877574921,3.));
#469 = VECTOR('',#470,1.);
#470 = DIRECTION('',(-0.608761290364,-0.793353446677,0.));
#471 = ORIENTED_EDGE('',*,*,#472,.F.);
#472 = EDGE_CURVE('',#473,#465,#475,.T.);
#473 = VERTEX_POINT('',#474);
#474 = CARTESIAN_POINT('',(4.646877765656,-4.346877574921,0.));
#475 = LINE('',#476,#477);
#476 = CARTESIAN_POINT('',(4.646877765656,-4.346877574921,0.));
#477 = VECTOR('',#478,1.);
#478 = DIRECTION('',(0.,0.,1.));
#479 = ORIENTED_EDGE('',*,*,#480,.F.);
#480 = EDGE_CURVE('',#442,#473,#481,.T.);
#481 = LINE('',#482,#483);
#482 = CARTESIAN_POINT('',(4.241635322571,-4.875,0.));
#483 = VECTOR('',#484,1.);
#484 = DIRECTION('',(0.608761290364,0.793353446677,0.));
#485 = ORIENTED_EDGE('',*,*,#441,.T.);
#486 = PLANE('',#487);
#487 = AXIS2_PLACEMENT_3D('',#488,#489,#490);
#488 = CARTESIAN_POINT('',(4.444256544113,-4.61093878746,1.5));
#489 = DIRECTION('',(-0.793353446677,0.608761290364,0.));
#490 = DIRECTION('',(-0.608761290364,-0.793353446677,0.));
#491 = ADVANCED_FACE('',(#492),#517,.T.);
#492 = FACE_BOUND('',#493,.T.);
#493 = EDGE_LOOP('',(#494,#502,#510,#516));
#494 = ORIENTED_EDGE('',*,*,#495,.F.);
#495 = EDGE_CURVE('',#496,#465,#498,.T.);
#496 = VERTEX_POINT('',#497);
#497 = CARTESIAN_POINT('',(5.175000190735,-3.941635131836,3.));
#498 = LINE('',#499,#500);
#499 = CARTESIAN_POINT('',(5.175000190735,-3.941635131836,3.));
#500 = VECTOR('',#501,1.);
#501 = DIRECTION('',(-0.793353446677,-0.608761290364,0.));
#502 = ORIENTED_EDGE('',*,*,#503,.F.);
#503 = EDGE_CURVE('',#504,#496,#506,.T.);
#504 = VERTEX_POINT('',#505);
#505 = CARTESIAN_POINT('',(5.175000190735,-3.941635131836,0.));
#506 = LINE('',#507,#508);
#507 = CARTESIAN_POINT('',(5.175000190735,-3.941635131836,0.));
#508 = VECTOR('',#509,1.);
#509 = DIRECTION('',(0.,0.,1.));
#510 = ORIENTED_EDGE('',*,*,#511,.F.);
#511 = EDGE_CURVE('',#473,#504,#512,.T.);
#512 = LINE('',#513,#514);
#513 = CARTESIAN_POINT('',(4.646877765656,-4.346877574921,0.));
#514 = VECTOR('',#515,1.);
#515 = DIRECTION('',(0.793353446677,0.608761290364,0.));
#516 = ORIENTED_EDGE('',*,*,#472,.T.);
#517 = PLANE('',#518);
#518 = AXIS2_PLACEMENT_3D('',#519,#520,#521);
#519 = CARTESIAN_POINT('',(4.910938978195,-4.144256353378,1.5));
#520 = DIRECTION('',(-0.608761290364,0.793353446677,0.));
#521 = DIRECTION('',(0.793353446677,0.608761290364,0.));
#522 = ADVANCED_FACE('',(#523),#548,.T.);
#523 = FACE_BOUND('',#524,.T.);
#524 = EDGE_LOOP('',(#525,#533,#541,#547));
#525 = ORIENTED_EDGE('',*,*,#526,.F.);
#526 = EDGE_CURVE('',#527,#496,#529,.T.);
#527 = VERTEX_POINT('',#528);
#528 = CARTESIAN_POINT('',(5.790011405945,-3.6868891716,3.));
#529 = LINE('',#530,#531);
#530 = CARTESIAN_POINT('',(5.790011405945,-3.6868891716,3.));
#531 = VECTOR('',#532,1.);
#532 = DIRECTION('',(-0.923879546382,-0.382683398879,0.));
#533 = ORIENTED_EDGE('',*,*,#534,.F.);
#534 = EDGE_CURVE('',#535,#527,#537,.T.);
#535 = VERTEX_POINT('',#536);
#536 = CARTESIAN_POINT('',(5.790011405945,-3.6868891716,0.));
#537 = LINE('',#538,#539);
#538 = CARTESIAN_POINT('',(5.790011405945,-3.6868891716,0.));
#539 = VECTOR('',#540,1.);
#540 = DIRECTION('',(0.,0.,1.));
#541 = ORIENTED_EDGE('',*,*,#542,.F.);
#542 = EDGE_CURVE('',#504,#535,#543,.T.);
#543 = LINE('',#544,#545);
#544 = CARTESIAN_POINT('',(5.175000190735,-3.941635131836,0.));
#545 = VECTOR('',#546,1.);
#546 = DIRECTION('',(0.923879546382,0.382683398879,0.));
#547 = ORIENTED_EDGE('',*,*,#503,.T.);
#548 = PLANE('',#549);
#549 = AXIS2_PLACEMENT_3D('',#550,#551,#552);
#550 = CARTESIAN_POINT('',(5.48250579834,-3.814262151718,1.5));
#551 = DIRECTION('',(-0.382683398879,0.923879546382,0.));
#552 = DIRECTION('',(0.923879546382,0.382683398879,0.));
#553 = ADVANCED_FACE('',(#554),#579,.T.);
#554 = FACE_BOUND('',#555,.T.);
#555 = EDGE_LOOP('',(#556,#564,#572,#578));
#556 = ORIENTED_EDGE('',*,*,#557,.F.);
#557 = EDGE_CURVE('',#558,#527,#560,.T.);
#558 = VERTEX_POINT('',#559);
#559 = CARTESIAN_POINT('',(6.449999809265,-3.599999904633,3.));
#560 = LINE('',#561,#562);
#561 = CARTESIAN_POINT('',(6.449999809265,-3.599999904633,3.));
#562 = VECTOR('',#563,1.);
#563 = DIRECTION('',(-0.991444833129,-0.130526406761,0.));
#564 = ORIENTED_EDGE('',*,*,#565,.F.);
#565 = EDGE_CURVE('',#566,#558,#568,.T.);
#566 = VERTEX_POINT('',#567);
#567 = CARTESIAN_POINT('',(6.449999809265,-3.599999904633,0.));
#568 = LINE('',#569,#570);
#569 = CARTESIAN_POINT('',(6.449999809265,-3.599999904633,0.));
#570 = VECTOR('',#571,1.);
#571 = DIRECTION('',(0.,0.,1.));
#572 = ORIENTED_EDGE('',*,*,#573,.F.);
#573 = EDGE_CURVE('',#535,#566,#574,.T.);
#574 = LINE('',#575,#576);
#575 = CARTESIAN_POINT('',(5.790011405945,-3.6868891716,0.));
#576 = VECTOR('',#577,1.);
#577 = DIRECTION('',(0.991444833129,0.130526406761,0.));
#578 = ORIENTED_EDGE('',*,*,#534,.T.);
#579 = PLANE('',#580);
#580 = AXIS2_PLACEMENT_3D('',#581,#582,#583);
#581 = CARTESIAN_POINT('',(6.120005607605,-3.643444538116,1.5));
#582 = DIRECTION('',(-0.130526406761,0.991444833129,0.));
#583 = DIRECTION('',(0.991444833129,0.130526406761,0.));
#584 = ADVANCED_FACE('',(#585),#610,.T.);
#585 = FACE_BOUND('',#586,.T.);
#586 = EDGE_LOOP('',(#587,#595,#603,#609));
#587 = ORIENTED_EDGE('',*,*,#588,.F.);
#588 = EDGE_CURVE('',#589,#558,#591,.T.);
#589 = VERTEX_POINT('',#590);
#590 = CARTESIAN_POINT('',(7.109988689423,-3.6868891716,3.));
#591 = LINE('',#592,#593);
#592 = CARTESIAN_POINT('',(7.109988689423,-3.6868891716,3.));
#593 = VECTOR('',#594,1.);
#594 = DIRECTION('',(-0.991444845333,0.130526314064,0.));
#595 = ORIENTED_EDGE('',*,*,#596,.F.);
#596 = EDGE_CURVE('',#597,#589,#599,.T.);
#597 = VERTEX_POINT('',#598);
#598 = CARTESIAN_POINT('',(7.109988689423,-3.6868891716,0.));
#599 = LINE('',#600,#601);
#600 = CARTESIAN_POINT('',(7.109988689423,-3.6868891716,0.));
#601 = VECTOR('',#602,1.);
#602 = DIRECTION('',(0.,0.,1.));
#603 = ORIENTED_EDGE('',*,*,#604,.F.);
#604 = EDGE_CURVE('',#566,#597,#605,.T.);
#605 = LINE('',#606,#607);
#606 = CARTESIAN_POINT('',(6.449999809265,-3.599999904633,0.));
#607 = VECTOR('',#608,1.);
#608 = DIRECTION('',(0.991444845333,-0.130526314064,0.));
#609 = ORIENTED_EDGE('',*,*,#565,.T.);
#610 = PLANE('',#611);
#611 = AXIS2_PLACEMENT_3D('',#612,#613,#614);
#612 = CARTESIAN_POINT('',(6.779994249344,-3.643444538116,1.5));
#613 = DIRECTION('',(0.130526314064,0.991444845333,0.));
#614 = DIRECTION('',(0.991444845333,-0.130526314064,0.));
#615 = ADVANCED_FACE('',(#616),#641,.T.);
#616 = FACE_BOUND('',#617,.T.);
#617 = EDGE_LOOP('',(#618,#626,#634,#640));
#618 = ORIENTED_EDGE('',*,*,#619,.F.);
#619 = EDGE_CURVE('',#620,#589,#622,.T.);
#620 = VERTEX_POINT('',#621);
#621 = CARTESIAN_POINT('',(7.724999904633,-3.941635131836,3.));
#622 = LINE('',#623,#624);
#623 = CARTESIAN_POINT('',(7.724999904633,-3.941635131836,3.));
#624 = VECTOR('',#625,1.);
#625 = DIRECTION('',(-0.923879546382,0.382683398879,0.));
#626 = ORIENTED_EDGE('',*,*,#627,.F.);
#627 = EDGE_CURVE('',#628,#620,#630,.T.);
#628 = VERTEX_POINT('',#629);
#629 = CARTESIAN_POINT('',(7.724999904633,-3.941635131836,0.));
#630 = LINE('',#631,#632);
#631 = CARTESIAN_POINT('',(7.724999904633,-3.941635131836,0.));
#632 = VECTOR('',#633,1.);
#633 = DIRECTION('',(0.,0.,1.));
#634 = ORIENTED_EDGE('',*,*,#635,.F.);
#635 = EDGE_CURVE('',#597,#628,#636,.T.);
#636 = LINE('',#637,#638);
#637 = CARTESIAN_POINT('',(7.109988689423,-3.6868891716,0.));
#638 = VECTOR('',#639,1.);
#639 = DIRECTION('',(0.923879546382,-0.382683398879,0.));
#640 = ORIENTED_EDGE('',*,*,#596,.T.);
#641 = PLANE('',#642);
#642 = AXIS2_PLACEMENT_3D('',#643,#644,#645);
#643 = CARTESIAN_POINT('',(7.417494297028,-3.814262151718,1.5));
#644 = DIRECTION('',(0.382683398879,0.923879546382,0.));
#645 = DIRECTION('',(0.923879546382,-0.382683398879,0.));
#646 = ADVANCED_FACE('',(#647),#672,.T.);
#647 = FACE_BOUND('',#648,.T.);
#648 = EDGE_LOOP('',(#649,#657,#665,#671));
#649 = ORIENTED_EDGE('',*,*,#650,.F.);
#650 = EDGE_CURVE('',#651,#620,#653,.T.);
#651 = VERTEX_POINT('',#652);
#652 = CARTESIAN_POINT('',(8.253122329712,-4.346877574921,3.));
#653 = LINE('',#654,#655);
#654 = CARTESIAN_POINT('',(8.253122329712,-4.346877574921,3.));
#655 = VECTOR('',#656,1.);
#656 = DIRECTION('',(-0.793353446677,0.608761290364,0.));
#657 = ORIENTED_EDGE('',*,*,#658,.F.);
#658 = EDGE_CURVE('',#659,#651,#661,.T.);
#659 = VERTEX_POINT('',#660);
#660 = CARTESIAN_POINT('',(8.253122329712,-4.346877574921,0.));
#661 = LINE('',#662,#663);
#662 = CARTESIAN_POINT('',(8.253122329712,-4.346877574921,0.));
#663 = VECTOR('',#664,1.);
#664 = DIRECTION('',(0.,0.,1.));
#665 = ORIENTED_EDGE('',*,*,#666,.F.);
#666 = EDGE_CURVE('',#628,#659,#667,.T.);
#667 = LINE('',#668,#669);
#668 = CARTESIAN_POINT('',(7.724999904633,-3.941635131836,0.));
#669 = VECTOR('',#670,1.);
#670 = DIRECTION('',(0.793353446677,-0.608761290364,0.));
#671 = ORIENTED_EDGE('',*,*,#627,.T.);
#672 = PLANE('',#673);
#673 = AXIS2_PLACEMENT_3D('',#674,#675,#676);
#674 = CARTESIAN_POINT('',(7.989061117172,-4.144256353378,1.5));
#675 = DIRECTION('',(0.608761290364,0.793353446677,0.));
#676 = DIRECTION('',(0.793353446677,-0.608761290364,0.));
#677 = ADVANCED_FACE('',(#678),#703,.T.);
#678 = FACE_BOUND('',#679,.T.);
#679 = EDGE_LOOP('',(#680,#688,#696,#702));
#680 = ORIENTED_EDGE('',*,*,#681,.F.);
#681 = EDGE_CURVE('',#682,#651,#684,.T.);
#682 = VERTEX_POINT('',#683);
#683 = CARTESIAN_POINT('',(8.658365249634,-4.875,3.));
#684 = LINE('',#685,#686);
#685 = CARTESIAN_POINT('',(8.658365249634,-4.875,3.));
#686 = VECTOR('',#687,1.);
#687 = DIRECTION('',(-0.608761741217,0.793353100725,0.));
#688 = ORIENTED_EDGE('',*,*,#689,.F.);
#689 = EDGE_CURVE('',#690,#682,#692,.T.);
#690 = VERTEX_POINT('',#691);
#691 = CARTESIAN_POINT('',(8.658365249634,-4.875,0.));
#692 = LINE('',#693,#694);
#693 = CARTESIAN_POINT('',(8.658365249634,-4.875,0.));
#694 = VECTOR('',#695,1.);
#695 = DIRECTION('',(0.,0.,1.));
#696 = ORIENTED_EDGE('',*,*,#697,.F.);
#697 = EDGE_CURVE('',#659,#690,#698,.T.);
#698 = LINE('',#699,#700);
#699 = CARTESIAN_POINT('',(8.253122329712,-4.346877574921,0.));
#700 = VECTOR('',#701,1.);
#701 = DIRECTION('',(0.608761741217,-0.793353100725,0.));
#702 = ORIENTED_EDGE('',*,*,#658,.T.);
#703 = PLANE('',#704);
#704 = AXIS2_PLACEMENT_3D('',#705,#706,#707);
#705 = CARTESIAN_POINT('',(8.455743789673,-4.61093878746,1.5));
#706 = DIRECTION('',(0.793353100725,0.608761741217,0.));
#707 = DIRECTION('',(-0.608761741217,0.793353100725,0.));
#708 = ADVANCED_FACE('',(#709),#734,.T.);
#709 = FACE_BOUND('',#710,.T.);
#710 = EDGE_LOOP('',(#711,#719,#727,#733));
#711 = ORIENTED_EDGE('',*,*,#712,.F.);
#712 = EDGE_CURVE('',#713,#682,#715,.T.);
#713 = VERTEX_POINT('',#714);
#714 = CARTESIAN_POINT('',(8.913110733032,-5.49001121521,3.));
#715 = LINE('',#716,#717);
#716 = CARTESIAN_POINT('',(8.913110733032,-5.49001121521,3.));
#717 = VECTOR('',#718,1.);
#718 = DIRECTION('',(-0.382682787468,0.923879799636,0.));
#719 = ORIENTED_EDGE('',*,*,#720,.F.);
#720 = EDGE_CURVE('',#721,#713,#723,.T.);
#721 = VERTEX_POINT('',#722);
#722 = CARTESIAN_POINT('',(8.913110733032,-5.49001121521,0.));
#723 = LINE('',#724,#725);
#724 = CARTESIAN_POINT('',(8.913110733032,-5.49001121521,0.));
#725 = VECTOR('',#726,1.);
#726 = DIRECTION('',(0.,0.,1.));
#727 = ORIENTED_EDGE('',*,*,#728,.F.);
#728 = EDGE_CURVE('',#690,#721,#729,.T.);
#729 = LINE('',#730,#731);
#730 = CARTESIAN_POINT('',(8.658365249634,-4.875,0.));
#731 = VECTOR('',#732,1.);
#732 = DIRECTION('',(0.382682787468,-0.923879799636,0.));
#733 = ORIENTED_EDGE('',*,*,#689,.T.);
#734 = PLANE('',#735);
#735 = AXIS2_PLACEMENT_3D('',#736,#737,#738);
#736 = CARTESIAN_POINT('',(8.785737991333,-5.182505607605,1.5));
#737 = DIRECTION('',(0.923879799636,0.382682787468,0.));
#738 = DIRECTION('',(-0.382682787468,0.923879799636,0.));
#739 = ADVANCED_FACE('',(#740),#756,.T.);
#740 = FACE_BOUND('',#741,.T.);
#741 = EDGE_LOOP('',(#742,#748,#749,#755));
#742 = ORIENTED_EDGE('',*,*,#743,.F.);
#743 = EDGE_CURVE('',#721,#22,#744,.T.);
#744 = LINE('',#745,#746);
#745 = CARTESIAN_POINT('',(8.913110733032,-5.49001121521,0.));
#746 = VECTOR('',#747,1.);
#747 = DIRECTION('',(0.130526314064,-0.991444845333,0.));
#748 = ORIENTED_EDGE('',*,*,#720,.T.);
#749 = ORIENTED_EDGE('',*,*,#750,.F.);
#750 = EDGE_CURVE('',#32,#713,#751,.T.);
#751 = LINE('',#752,#753);
#752 = CARTESIAN_POINT('',(9.,-6.150000095367,3.));
#753 = VECTOR('',#754,1.);
#754 = DIRECTION('',(-0.130526314064,0.991444845333,0.));
#755 = ORIENTED_EDGE('',*,*,#31,.T.);
#756 = PLANE('',#757);
#757 = AXIS2_PLACEMENT_3D('',#758,#759,#760);
#758 = CARTESIAN_POINT('',(8.956555366516,-5.820005655289,1.5));
#759 = DIRECTION('',(0.991444845333,0.130526314064,0.));
#760 = DIRECTION('',(-0.130526314064,0.991444845333,0.));
#761 = ORIENTED_CLOSED_SHELL('',*,#762,.F.);
#762 = CLOSED_SHELL('',(#763,#803,#834,#865,#896,#927,#958,#989,#1020,
    #1051,#1082,#1113,#1144,#1175,#1206,#1237,#1268,#1299,#1330,#1361,
    #1392,#1423,#1454,#1485));
#763 = ADVANCED_FACE('',(#764),#798,.F.);
#764 = FACE_BOUND('',#765,.F.);
#765 = EDGE_LOOP('',(#766,#776,#784,#792));
#766 = ORIENTED_EDGE('',*,*,#767,.F.);
#767 = EDGE_CURVE('',#768,#770,#772,.T.);
#768 = VERTEX_POINT('',#769);
#769 = CARTESIAN_POINT('',(9.,-53.25,0.));
#770 = VERTEX_POINT('',#771);
#771 = CARTESIAN_POINT('',(8.913110733032,-53.90998840332,0.));
#772 = LINE('',#773,#774);
#773 = CARTESIAN_POINT('',(9.,-53.25,0.));
#774 = VECTOR('',#775,1.);
#775 = DIRECTION('',(-0.130526406761,-0.991444833129,0.));
#776 = ORIENTED_EDGE('',*,*,#777,.F.);
#777 = EDGE_CURVE('',#778,#768,#780,.T.);
#778 = VERTEX_POINT('',#779);
#779 = CARTESIAN_POINT('',(9.,-53.25,3.));
#780 = LINE('',#781,#782);
#781 = CARTESIAN_POINT('',(9.,-53.25,3.));
#782 = VECTOR('',#783,1.);
#783 = DIRECTION('',(0.,0.,-1.));
#784 = ORIENTED_EDGE('',*,*,#785,.F.);
#785 = EDGE_CURVE('',#786,#778,#788,.T.);
#786 = VERTEX_POINT('',#787);
#787 = CARTESIAN_POINT('',(8.913110733032,-53.90998840332,3.));
#788 = LINE('',#789,#790);
#789 = CARTESIAN_POINT('',(8.913110733032,-53.90998840332,3.));
#790 = VECTOR('',#791,1.);
#791 = DIRECTION('',(0.130526406761,0.991444833129,0.));
#792 = ORIENTED_EDGE('',*,*,#793,.F.);
#793 = EDGE_CURVE('',#770,#786,#794,.T.);
#794 = LINE('',#795,#796);
#795 = CARTESIAN_POINT('',(8.913110733032,-53.90998840332,0.));
#796 = VECTOR('',#797,1.);
#797 = DIRECTION('',(0.,0.,1.));
#798 = PLANE('',#799);
#799 = AXIS2_PLACEMENT_3D('',#800,#801,#802);
#800 = CARTESIAN_POINT('',(8.956555366516,-53.57999420166,1.5));
#801 = DIRECTION('',(0.991444833129,-0.130526406761,0.));
#802 = DIRECTION('',(0.130526406761,0.991444833129,0.));
#803 = ADVANCED_FACE('',(#804),#829,.F.);
#804 = FACE_BOUND('',#805,.F.);
#805 = EDGE_LOOP('',(#806,#814,#822,#828));
#806 = ORIENTED_EDGE('',*,*,#807,.F.);
#807 = EDGE_CURVE('',#808,#786,#810,.T.);
#808 = VERTEX_POINT('',#809);
#809 = CARTESIAN_POINT('',(8.658365249634,-54.52500152587,3.));
#810 = LINE('',#811,#812);
#811 = CARTESIAN_POINT('',(8.658365249634,-54.52500152587,3.));
#812 = VECTOR('',#813,1.);
#813 = DIRECTION('',(0.382681774453,0.923880219239,0.));
#814 = ORIENTED_EDGE('',*,*,#815,.F.);
#815 = EDGE_CURVE('',#816,#808,#818,.T.);
#816 = VERTEX_POINT('',#817);
#817 = CARTESIAN_POINT('',(8.658365249634,-54.52500152587,0.));
#818 = LINE('',#819,#820);
#819 = CARTESIAN_POINT('',(8.658365249634,-54.52500152587,0.));
#820 = VECTOR('',#821,1.);
#821 = DIRECTION('',(0.,0.,1.));
#822 = ORIENTED_EDGE('',*,*,#823,.F.);
#823 = EDGE_CURVE('',#770,#816,#824,.T.);
#824 = LINE('',#825,#826);
#825 = CARTESIAN_POINT('',(8.913110733032,-53.90998840332,0.));
#826 = VECTOR('',#827,1.);
#827 = DIRECTION('',(-0.382681774453,-0.923880219239,0.));
#828 = ORIENTED_EDGE('',*,*,#793,.T.);
#829 = PLANE('',#830);
#830 = AXIS2_PLACEMENT_3D('',#831,#832,#833);
#831 = CARTESIAN_POINT('',(8.785737991333,-54.2174949646,1.5));
#832 = DIRECTION('',(0.923880219239,-0.382681774453,0.));
#833 = DIRECTION('',(0.382681774453,0.923880219239,0.));
#834 = ADVANCED_FACE('',(#835),#860,.F.);
#835 = FACE_BOUND('',#836,.F.);
#836 = EDGE_LOOP('',(#837,#845,#853,#859));
#837 = ORIENTED_EDGE('',*,*,#838,.F.);
#838 = EDGE_CURVE('',#839,#808,#841,.T.);
#839 = VERTEX_POINT('',#840);
#840 = CARTESIAN_POINT('',(8.253122329712,-55.05312347412,3.));
#841 = LINE('',#842,#843);
#842 = CARTESIAN_POINT('',(8.253122329712,-55.05312347412,3.));
#843 = VECTOR('',#844,1.);
#844 = DIRECTION('',(0.608762087169,0.793352835267,0.));
#845 = ORIENTED_EDGE('',*,*,#846,.F.);
#846 = EDGE_CURVE('',#847,#839,#849,.T.);
#847 = VERTEX_POINT('',#848);
#848 = CARTESIAN_POINT('',(8.253122329712,-55.05312347412,0.));
#849 = LINE('',#850,#851);
#850 = CARTESIAN_POINT('',(8.253122329712,-55.05312347412,0.));
#851 = VECTOR('',#852,1.);
#852 = DIRECTION('',(0.,0.,1.));
#853 = ORIENTED_EDGE('',*,*,#854,.F.);
#854 = EDGE_CURVE('',#816,#847,#855,.T.);
#855 = LINE('',#856,#857);
#856 = CARTESIAN_POINT('',(8.658365249634,-54.52500152587,0.));
#857 = VECTOR('',#858,1.);
#858 = DIRECTION('',(-0.608762087169,-0.793352835267,0.));
#859 = ORIENTED_EDGE('',*,*,#815,.T.);
#860 = PLANE('',#861);
#861 = AXIS2_PLACEMENT_3D('',#862,#863,#864);
#862 = CARTESIAN_POINT('',(8.455743789673,-54.7890625,1.5));
#863 = DIRECTION('',(0.793352835267,-0.608762087169,0.));
#864 = DIRECTION('',(0.608762087169,0.793352835267,0.));
#865 = ADVANCED_FACE('',(#866),#891,.F.);
#866 = FACE_BOUND('',#867,.F.);
#867 = EDGE_LOOP('',(#868,#876,#884,#890));
#868 = ORIENTED_EDGE('',*,*,#869,.F.);
#869 = EDGE_CURVE('',#870,#839,#872,.T.);
#870 = VERTEX_POINT('',#871);
#871 = CARTESIAN_POINT('',(7.724999904633,-55.45836639404,3.));
#872 = LINE('',#873,#874);
#873 = CARTESIAN_POINT('',(7.724999904633,-55.45836639404,3.));
#874 = VECTOR('',#875,1.);
#875 = DIRECTION('',(0.793353100725,0.608761741217,0.));
#876 = ORIENTED_EDGE('',*,*,#877,.F.);
#877 = EDGE_CURVE('',#878,#870,#880,.T.);
#878 = VERTEX_POINT('',#879);
#879 = CARTESIAN_POINT('',(7.724999904633,-55.45836639404,0.));
#880 = LINE('',#881,#882);
#881 = CARTESIAN_POINT('',(7.724999904633,-55.45836639404,0.));
#882 = VECTOR('',#883,1.);
#883 = DIRECTION('',(0.,0.,1.));
#884 = ORIENTED_EDGE('',*,*,#885,.F.);
#885 = EDGE_CURVE('',#847,#878,#886,.T.);
#886 = LINE('',#887,#888);
#887 = CARTESIAN_POINT('',(8.253122329712,-55.05312347412,0.));
#888 = VECTOR('',#889,1.);
#889 = DIRECTION('',(-0.793353100725,-0.608761741217,0.));
#890 = ORIENTED_EDGE('',*,*,#846,.T.);
#891 = PLANE('',#892);
#892 = AXIS2_PLACEMENT_3D('',#893,#894,#895);
#893 = CARTESIAN_POINT('',(7.989061117172,-55.25574493408,1.5));
#894 = DIRECTION('',(0.608761741217,-0.793353100725,0.));
#895 = DIRECTION('',(-0.793353100725,-0.608761741217,0.));
#896 = ADVANCED_FACE('',(#897),#922,.F.);
#897 = FACE_BOUND('',#898,.F.);
#898 = EDGE_LOOP('',(#899,#907,#915,#921));
#899 = ORIENTED_EDGE('',*,*,#900,.F.);
#900 = EDGE_CURVE('',#901,#870,#903,.T.);
#901 = VERTEX_POINT('',#902);
#902 = CARTESIAN_POINT('',(7.109988689423,-55.71311187744,3.));
#903 = LINE('',#904,#905);
#904 = CARTESIAN_POINT('',(7.109988689423,-55.71311187744,3.));
#905 = VECTOR('',#906,1.);
#906 = DIRECTION('',(0.923879799636,0.382682787468,0.));
#907 = ORIENTED_EDGE('',*,*,#908,.F.);
#908 = EDGE_CURVE('',#909,#901,#911,.T.);
#909 = VERTEX_POINT('',#910);
#910 = CARTESIAN_POINT('',(7.109988689423,-55.71311187744,0.));
#911 = LINE('',#912,#913);
#912 = CARTESIAN_POINT('',(7.109988689423,-55.71311187744,0.));
#913 = VECTOR('',#914,1.);
#914 = DIRECTION('',(0.,0.,1.));
#915 = ORIENTED_EDGE('',*,*,#916,.F.);
#916 = EDGE_CURVE('',#878,#909,#917,.T.);
#917 = LINE('',#918,#919);
#918 = CARTESIAN_POINT('',(7.724999904633,-55.45836639404,0.));
#919 = VECTOR('',#920,1.);
#920 = DIRECTION('',(-0.923879799636,-0.382682787468,0.));
#921 = ORIENTED_EDGE('',*,*,#877,.T.);
#922 = PLANE('',#923);
#923 = AXIS2_PLACEMENT_3D('',#924,#925,#926);
#924 = CARTESIAN_POINT('',(7.417494297028,-55.58573913574,1.5));
#925 = DIRECTION('',(0.382682787468,-0.923879799636,0.));
#926 = DIRECTION('',(-0.923879799636,-0.382682787468,0.));
#927 = ADVANCED_FACE('',(#928),#953,.F.);
#928 = FACE_BOUND('',#929,.F.);
#929 = EDGE_LOOP('',(#930,#938,#946,#952));
#930 = ORIENTED_EDGE('',*,*,#931,.F.);
#931 = EDGE_CURVE('',#932,#901,#934,.T.);
#932 = VERTEX_POINT('',#933);
#933 = CARTESIAN_POINT('',(6.449999809265,-55.79999923706,3.));
#934 = LINE('',#935,#936);
#935 = CARTESIAN_POINT('',(6.449999809265,-55.79999923706,3.));
#936 = VECTOR('',#937,1.);
#937 = DIRECTION('',(0.991445216119,0.130523497631,0.));
#938 = ORIENTED_EDGE('',*,*,#939,.F.);
#939 = EDGE_CURVE('',#940,#932,#942,.T.);
#940 = VERTEX_POINT('',#941);
#941 = CARTESIAN_POINT('',(6.449999809265,-55.79999923706,0.));
#942 = LINE('',#943,#944);
#943 = CARTESIAN_POINT('',(6.449999809265,-55.79999923706,0.));
#944 = VECTOR('',#945,1.);
#945 = DIRECTION('',(0.,0.,1.));
#946 = ORIENTED_EDGE('',*,*,#947,.F.);
#947 = EDGE_CURVE('',#909,#940,#948,.T.);
#948 = LINE('',#949,#950);
#949 = CARTESIAN_POINT('',(7.109988689423,-55.71311187744,0.));
#950 = VECTOR('',#951,1.);
#951 = DIRECTION('',(-0.991445216119,-0.130523497631,0.));
#952 = ORIENTED_EDGE('',*,*,#908,.T.);
#953 = PLANE('',#954);
#954 = AXIS2_PLACEMENT_3D('',#955,#956,#957);
#955 = CARTESIAN_POINT('',(6.779994249344,-55.75655555725,1.5));
#956 = DIRECTION('',(0.130523497631,-0.991445216119,0.));
#957 = DIRECTION('',(-0.991445216119,-0.130523497631,0.));
#958 = ADVANCED_FACE('',(#959),#984,.F.);
#959 = FACE_BOUND('',#960,.F.);
#960 = EDGE_LOOP('',(#961,#969,#977,#983));
#961 = ORIENTED_EDGE('',*,*,#962,.F.);
#962 = EDGE_CURVE('',#963,#932,#965,.T.);
#963 = VERTEX_POINT('',#964);
#964 = CARTESIAN_POINT('',(5.790011405945,-55.71311187744,3.));
#965 = LINE('',#966,#967);
#966 = CARTESIAN_POINT('',(5.790011405945,-55.71311187744,3.));
#967 = VECTOR('',#968,1.);
#968 = DIRECTION('',(0.991445203916,-0.130523590327,0.));
#969 = ORIENTED_EDGE('',*,*,#970,.T.);
#970 = EDGE_CURVE('',#963,#971,#973,.T.);
#971 = VERTEX_POINT('',#972);
#972 = CARTESIAN_POINT('',(5.790011405945,-55.71311187744,0.));
#973 = LINE('',#974,#975);
#974 = CARTESIAN_POINT('',(5.790011405945,-55.71311187744,3.));
#975 = VECTOR('',#976,1.);
#976 = DIRECTION('',(0.,0.,-1.));
#977 = ORIENTED_EDGE('',*,*,#978,.F.);
#978 = EDGE_CURVE('',#940,#971,#979,.T.);
#979 = LINE('',#980,#981);
#980 = CARTESIAN_POINT('',(6.449999809265,-55.79999923706,0.));
#981 = VECTOR('',#982,1.);
#982 = DIRECTION('',(-0.991445203916,0.130523590327,0.));
#983 = ORIENTED_EDGE('',*,*,#939,.T.);
#984 = PLANE('',#985);
#985 = AXIS2_PLACEMENT_3D('',#986,#987,#988);
#986 = CARTESIAN_POINT('',(6.120005607605,-55.75655555725,1.5));
#987 = DIRECTION('',(-0.130523590327,-0.991445203916,-0.));
#988 = DIRECTION('',(-0.991445203916,0.130523590327,0.));
#989 = ADVANCED_FACE('',(#990),#1015,.F.);
#990 = FACE_BOUND('',#991,.F.);
#991 = EDGE_LOOP('',(#992,#993,#1001,#1009));
#992 = ORIENTED_EDGE('',*,*,#970,.F.);
#993 = ORIENTED_EDGE('',*,*,#994,.F.);
#994 = EDGE_CURVE('',#995,#963,#997,.T.);
#995 = VERTEX_POINT('',#996);
#996 = CARTESIAN_POINT('',(5.175000190735,-55.45836639404,3.));
#997 = LINE('',#998,#999);
#998 = CARTESIAN_POINT('',(5.175000190735,-55.45836639404,3.));
#999 = VECTOR('',#1000,1.);
#1000 = DIRECTION('',(0.923879799636,-0.382682787468,0.));
#1001 = ORIENTED_EDGE('',*,*,#1002,.F.);
#1002 = EDGE_CURVE('',#1003,#995,#1005,.T.);
#1003 = VERTEX_POINT('',#1004);
#1004 = CARTESIAN_POINT('',(5.175000190735,-55.45836639404,0.));
#1005 = LINE('',#1006,#1007);
#1006 = CARTESIAN_POINT('',(5.175000190735,-55.45836639404,0.));
#1007 = VECTOR('',#1008,1.);
#1008 = DIRECTION('',(0.,0.,1.));
#1009 = ORIENTED_EDGE('',*,*,#1010,.F.);
#1010 = EDGE_CURVE('',#971,#1003,#1011,.T.);
#1011 = LINE('',#1012,#1013);
#1012 = CARTESIAN_POINT('',(5.790011405945,-55.71311187744,0.));
#1013 = VECTOR('',#1014,1.);
#1014 = DIRECTION('',(-0.923879799636,0.382682787468,0.));
#1015 = PLANE('',#1016);
#1016 = AXIS2_PLACEMENT_3D('',#1017,#1018,#1019);
#1017 = CARTESIAN_POINT('',(5.48250579834,-55.58573913574,1.5));
#1018 = DIRECTION('',(-0.382682787468,-0.923879799636,-0.));
#1019 = DIRECTION('',(-0.923879799636,0.382682787468,0.));
#1020 = ADVANCED_FACE('',(#1021),#1046,.F.);
#1021 = FACE_BOUND('',#1022,.F.);
#1022 = EDGE_LOOP('',(#1023,#1031,#1039,#1045));
#1023 = ORIENTED_EDGE('',*,*,#1024,.F.);
#1024 = EDGE_CURVE('',#1025,#995,#1027,.T.);
#1025 = VERTEX_POINT('',#1026);
#1026 = CARTESIAN_POINT('',(4.646877765656,-55.05312347412,3.));
#1027 = LINE('',#1028,#1029);
#1028 = CARTESIAN_POINT('',(4.646877765656,-55.05312347412,3.));
#1029 = VECTOR('',#1030,1.);
#1030 = DIRECTION('',(0.793353100725,-0.608761741217,0.));
#1031 = ORIENTED_EDGE('',*,*,#1032,.T.);
#1032 = EDGE_CURVE('',#1025,#1033,#1035,.T.);
#1033 = VERTEX_POINT('',#1034);
#1034 = CARTESIAN_POINT('',(4.646877765656,-55.05312347412,0.));
#1035 = LINE('',#1036,#1037);
#1036 = CARTESIAN_POINT('',(4.646877765656,-55.05312347412,3.));
#1037 = VECTOR('',#1038,1.);
#1038 = DIRECTION('',(0.,0.,-1.));
#1039 = ORIENTED_EDGE('',*,*,#1040,.F.);
#1040 = EDGE_CURVE('',#1003,#1033,#1041,.T.);
#1041 = LINE('',#1042,#1043);
#1042 = CARTESIAN_POINT('',(5.175000190735,-55.45836639404,0.));
#1043 = VECTOR('',#1044,1.);
#1044 = DIRECTION('',(-0.793353100725,0.608761741217,0.));
#1045 = ORIENTED_EDGE('',*,*,#1002,.T.);
#1046 = PLANE('',#1047);
#1047 = AXIS2_PLACEMENT_3D('',#1048,#1049,#1050);
#1048 = CARTESIAN_POINT('',(4.910938978195,-55.25574493408,1.5));
#1049 = DIRECTION('',(-0.608761741217,-0.793353100725,-0.));
#1050 = DIRECTION('',(-0.793353100725,0.608761741217,0.));
#1051 = ADVANCED_FACE('',(#1052),#1077,.F.);
#1052 = FACE_BOUND('',#1053,.F.);
#1053 = EDGE_LOOP('',(#1054,#1055,#1063,#1071));
#1054 = ORIENTED_EDGE('',*,*,#1032,.F.);
#1055 = ORIENTED_EDGE('',*,*,#1056,.F.);
#1056 = EDGE_CURVE('',#1057,#1025,#1059,.T.);
#1057 = VERTEX_POINT('',#1058);
#1058 = CARTESIAN_POINT('',(4.241635322571,-54.52500152587,3.));
#1059 = LINE('',#1060,#1061);
#1060 = CARTESIAN_POINT('',(4.241635322571,-54.52500152587,3.));
#1061 = VECTOR('',#1062,1.);
#1062 = DIRECTION('',(0.608761636316,-0.793353181219,0.));
#1063 = ORIENTED_EDGE('',*,*,#1064,.F.);
#1064 = EDGE_CURVE('',#1065,#1057,#1067,.T.);
#1065 = VERTEX_POINT('',#1066);
#1066 = CARTESIAN_POINT('',(4.241635322571,-54.52500152587,0.));
#1067 = LINE('',#1068,#1069);
#1068 = CARTESIAN_POINT('',(4.241635322571,-54.52500152587,0.));
#1069 = VECTOR('',#1070,1.);
#1070 = DIRECTION('',(0.,0.,1.));
#1071 = ORIENTED_EDGE('',*,*,#1072,.F.);
#1072 = EDGE_CURVE('',#1033,#1065,#1073,.T.);
#1073 = LINE('',#1074,#1075);
#1074 = CARTESIAN_POINT('',(4.646877765656,-55.05312347412,0.));
#1075 = VECTOR('',#1076,1.);
#1076 = DIRECTION('',(-0.608761636316,0.793353181219,0.));
#1077 = PLANE('',#1078);
#1078 = AXIS2_PLACEMENT_3D('',#1079,#1080,#1081);
#1079 = CARTESIAN_POINT('',(4.444256544113,-54.7890625,1.5));
#1080 = DIRECTION('',(-0.793353181219,-0.608761636316,-0.));
#1081 = DIRECTION('',(0.608761636316,-0.793353181219,0.));
#1082 = ADVANCED_FACE('',(#1083),#1108,.F.);
#1083 = FACE_BOUND('',#1084,.F.);
#1084 = EDGE_LOOP('',(#1085,#1093,#1101,#1107));
#1085 = ORIENTED_EDGE('',*,*,#1086,.F.);
#1086 = EDGE_CURVE('',#1087,#1057,#1089,.T.);
#1087 = VERTEX_POINT('',#1088);
#1088 = CARTESIAN_POINT('',(3.986889123917,-53.90998840332,3.));
#1089 = LINE('',#1090,#1091);
#1090 = CARTESIAN_POINT('',(3.986889123917,-53.90998840332,3.));
#1091 = VECTOR('',#1092,1.);
#1092 = DIRECTION('',(0.382682691567,-0.923879839359,0.));
#1093 = ORIENTED_EDGE('',*,*,#1094,.F.);
#1094 = EDGE_CURVE('',#1095,#1087,#1097,.T.);
#1095 = VERTEX_POINT('',#1096);
#1096 = CARTESIAN_POINT('',(3.986889123917,-53.90998840332,0.));
#1097 = LINE('',#1098,#1099);
#1098 = CARTESIAN_POINT('',(3.986889123917,-53.90998840332,0.));
#1099 = VECTOR('',#1100,1.);
#1100 = DIRECTION('',(0.,0.,1.));
#1101 = ORIENTED_EDGE('',*,*,#1102,.F.);
#1102 = EDGE_CURVE('',#1065,#1095,#1103,.T.);
#1103 = LINE('',#1104,#1105);
#1104 = CARTESIAN_POINT('',(4.241635322571,-54.52500152587,0.));
#1105 = VECTOR('',#1106,1.);
#1106 = DIRECTION('',(-0.382682691567,0.923879839359,0.));
#1107 = ORIENTED_EDGE('',*,*,#1064,.T.);
#1108 = PLANE('',#1109);
#1109 = AXIS2_PLACEMENT_3D('',#1110,#1111,#1112);
#1110 = CARTESIAN_POINT('',(4.114262223244,-54.2174949646,1.5));
#1111 = DIRECTION('',(-0.923879839359,-0.382682691567,-0.));
#1112 = DIRECTION('',(0.382682691567,-0.923879839359,0.));
#1113 = ADVANCED_FACE('',(#1114),#1139,.F.);
#1114 = FACE_BOUND('',#1115,.F.);
#1115 = EDGE_LOOP('',(#1116,#1124,#1132,#1138));
#1116 = ORIENTED_EDGE('',*,*,#1117,.F.);
#1117 = EDGE_CURVE('',#1118,#1087,#1120,.T.);
#1118 = VERTEX_POINT('',#1119);
#1119 = CARTESIAN_POINT('',(3.900000095367,-53.25,3.));
#1120 = LINE('',#1121,#1122);
#1121 = CARTESIAN_POINT('',(3.900000095367,-53.25,3.));
#1122 = VECTOR('',#1123,1.);
#1123 = DIRECTION('',(0.130526054707,-0.991444879478,0.));
#1124 = ORIENTED_EDGE('',*,*,#1125,.F.);
#1125 = EDGE_CURVE('',#1126,#1118,#1128,.T.);
#1126 = VERTEX_POINT('',#1127);
#1127 = CARTESIAN_POINT('',(3.900000095367,-53.25,0.));
#1128 = LINE('',#1129,#1130);
#1129 = CARTESIAN_POINT('',(3.900000095367,-53.25,0.));
#1130 = VECTOR('',#1131,1.);
#1131 = DIRECTION('',(0.,0.,1.));
#1132 = ORIENTED_EDGE('',*,*,#1133,.F.);
#1133 = EDGE_CURVE('',#1095,#1126,#1134,.T.);
#1134 = LINE('',#1135,#1136);
#1135 = CARTESIAN_POINT('',(3.986889123917,-53.90998840332,0.));
#1136 = VECTOR('',#1137,1.);
#1137 = DIRECTION('',(-0.130526054707,0.991444879478,0.));
#1138 = ORIENTED_EDGE('',*,*,#1094,.T.);
#1139 = PLANE('',#1140);
#1140 = AXIS2_PLACEMENT_3D('',#1141,#1142,#1143);
#1141 = CARTESIAN_POINT('',(3.943444609642,-53.57999420166,1.5));
#1142 = DIRECTION('',(-0.991444879478,-0.130526054707,-0.));
#1143 = DIRECTION('',(0.130526054707,-0.991444879478,0.));
#1144 = ADVANCED_FACE('',(#1145),#1170,.F.);
#1145 = FACE_BOUND('',#1146,.F.);
#1146 = EDGE_LOOP('',(#1147,#1155,#1163,#1169));
#1147 = ORIENTED_EDGE('',*,*,#1148,.F.);
#1148 = EDGE_CURVE('',#1149,#1118,#1151,.T.);
#1149 = VERTEX_POINT('',#1150);
#1150 = CARTESIAN_POINT('',(3.986889123917,-52.59001159668,3.));
#1151 = LINE('',#1152,#1153);
#1152 = CARTESIAN_POINT('',(3.986889123917,-52.59001159668,3.));
#1153 = VECTOR('',#1154,1.);
#1154 = DIRECTION('',(-0.130526054707,-0.991444879478,0.));
#1155 = ORIENTED_EDGE('',*,*,#1156,.F.);
#1156 = EDGE_CURVE('',#1157,#1149,#1159,.T.);
#1157 = VERTEX_POINT('',#1158);
#1158 = CARTESIAN_POINT('',(3.986889123917,-52.59001159668,0.));
#1159 = LINE('',#1160,#1161);
#1160 = CARTESIAN_POINT('',(3.986889123917,-52.59001159668,0.));
#1161 = VECTOR('',#1162,1.);
#1162 = DIRECTION('',(0.,0.,1.));
#1163 = ORIENTED_EDGE('',*,*,#1164,.F.);
#1164 = EDGE_CURVE('',#1126,#1157,#1165,.T.);
#1165 = LINE('',#1166,#1167);
#1166 = CARTESIAN_POINT('',(3.900000095367,-53.25,0.));
#1167 = VECTOR('',#1168,1.);
#1168 = DIRECTION('',(0.130526054707,0.991444879478,0.));
#1169 = ORIENTED_EDGE('',*,*,#1125,.T.);
#1170 = PLANE('',#1171);
#1171 = AXIS2_PLACEMENT_3D('',#1172,#1173,#1174);
#1172 = CARTESIAN_POINT('',(3.943444609642,-52.92000579834,1.5));
#1173 = DIRECTION('',(-0.991444879478,0.130526054707,0.));
#1174 = DIRECTION('',(-0.130526054707,-0.991444879478,0.));
#1175 = ADVANCED_FACE('',(#1176),#1201,.F.);
#1176 = FACE_BOUND('',#1177,.F.);
#1177 = EDGE_LOOP('',(#1178,#1186,#1194,#1200));
#1178 = ORIENTED_EDGE('',*,*,#1179,.F.);
#1179 = EDGE_CURVE('',#1180,#1149,#1182,.T.);
#1180 = VERTEX_POINT('',#1181);
#1181 = CARTESIAN_POINT('',(4.241635322571,-51.97499847412,3.));
#1182 = LINE('',#1183,#1184);
#1183 = CARTESIAN_POINT('',(4.241635322571,-51.97499847412,3.));
#1184 = VECTOR('',#1185,1.);
#1185 = DIRECTION('',(-0.382682691567,-0.923879839359,0.));
#1186 = ORIENTED_EDGE('',*,*,#1187,.F.);
#1187 = EDGE_CURVE('',#1188,#1180,#1190,.T.);
#1188 = VERTEX_POINT('',#1189);
#1189 = CARTESIAN_POINT('',(4.241635322571,-51.97499847412,0.));
#1190 = LINE('',#1191,#1192);
#1191 = CARTESIAN_POINT('',(4.241635322571,-51.97499847412,0.));
#1192 = VECTOR('',#1193,1.);
#1193 = DIRECTION('',(0.,0.,1.));
#1194 = ORIENTED_EDGE('',*,*,#1195,.F.);
#1195 = EDGE_CURVE('',#1157,#1188,#1196,.T.);
#1196 = LINE('',#1197,#1198);
#1197 = CARTESIAN_POINT('',(3.986889123917,-52.59001159668,0.));
#1198 = VECTOR('',#1199,1.);
#1199 = DIRECTION('',(0.382682691567,0.923879839359,0.));
#1200 = ORIENTED_EDGE('',*,*,#1156,.T.);
#1201 = PLANE('',#1202);
#1202 = AXIS2_PLACEMENT_3D('',#1203,#1204,#1205);
#1203 = CARTESIAN_POINT('',(4.114262223244,-52.2825050354,1.5));
#1204 = DIRECTION('',(-0.923879839359,0.382682691567,0.));
#1205 = DIRECTION('',(-0.382682691567,-0.923879839359,0.));
#1206 = ADVANCED_FACE('',(#1207),#1232,.F.);
#1207 = FACE_BOUND('',#1208,.F.);
#1208 = EDGE_LOOP('',(#1209,#1217,#1225,#1231));
#1209 = ORIENTED_EDGE('',*,*,#1210,.F.);
#1210 = EDGE_CURVE('',#1211,#1180,#1213,.T.);
#1211 = VERTEX_POINT('',#1212);
#1212 = CARTESIAN_POINT('',(4.646877765656,-51.44687652587,3.));
#1213 = LINE('',#1214,#1215);
#1214 = CARTESIAN_POINT('',(4.646877765656,-51.44687652587,3.));
#1215 = VECTOR('',#1216,1.);
#1216 = DIRECTION('',(-0.608761636316,-0.793353181219,0.));
#1217 = ORIENTED_EDGE('',*,*,#1218,.F.);
#1218 = EDGE_CURVE('',#1219,#1211,#1221,.T.);
#1219 = VERTEX_POINT('',#1220);
#1220 = CARTESIAN_POINT('',(4.646877765656,-51.44687652587,0.));
#1221 = LINE('',#1222,#1223);
#1222 = CARTESIAN_POINT('',(4.646877765656,-51.44687652587,0.));
#1223 = VECTOR('',#1224,1.);
#1224 = DIRECTION('',(0.,0.,1.));
#1225 = ORIENTED_EDGE('',*,*,#1226,.F.);
#1226 = EDGE_CURVE('',#1188,#1219,#1227,.T.);
#1227 = LINE('',#1228,#1229);
#1228 = CARTESIAN_POINT('',(4.241635322571,-51.97499847412,0.));
#1229 = VECTOR('',#1230,1.);
#1230 = DIRECTION('',(0.608761636316,0.793353181219,0.));
#1231 = ORIENTED_EDGE('',*,*,#1187,.T.);
#1232 = PLANE('',#1233);
#1233 = AXIS2_PLACEMENT_3D('',#1234,#1235,#1236);
#1234 = CARTESIAN_POINT('',(4.444256544113,-51.7109375,1.5));
#1235 = DIRECTION('',(-0.793353181219,0.608761636316,0.));
#1236 = DIRECTION('',(-0.608761636316,-0.793353181219,0.));
#1237 = ADVANCED_FACE('',(#1238),#1263,.F.);
#1238 = FACE_BOUND('',#1239,.F.);
#1239 = EDGE_LOOP('',(#1240,#1248,#1256,#1262));
#1240 = ORIENTED_EDGE('',*,*,#1241,.F.);
#1241 = EDGE_CURVE('',#1242,#1211,#1244,.T.);
#1242 = VERTEX_POINT('',#1243);
#1243 = CARTESIAN_POINT('',(5.175000190735,-51.04163360595,3.));
#1244 = LINE('',#1245,#1246);
#1245 = CARTESIAN_POINT('',(5.175000190735,-51.04163360595,3.));
#1246 = VECTOR('',#1247,1.);
#1247 = DIRECTION('',(-0.793353100725,-0.608761741217,0.));
#1248 = ORIENTED_EDGE('',*,*,#1249,.F.);
#1249 = EDGE_CURVE('',#1250,#1242,#1252,.T.);
#1250 = VERTEX_POINT('',#1251);
#1251 = CARTESIAN_POINT('',(5.175000190735,-51.04163360595,0.));
#1252 = LINE('',#1253,#1254);
#1253 = CARTESIAN_POINT('',(5.175000190735,-51.04163360595,0.));
#1254 = VECTOR('',#1255,1.);
#1255 = DIRECTION('',(0.,0.,1.));
#1256 = ORIENTED_EDGE('',*,*,#1257,.F.);
#1257 = EDGE_CURVE('',#1219,#1250,#1258,.T.);
#1258 = LINE('',#1259,#1260);
#1259 = CARTESIAN_POINT('',(4.646877765656,-51.44687652587,0.));
#1260 = VECTOR('',#1261,1.);
#1261 = DIRECTION('',(0.793353100725,0.608761741217,0.));
#1262 = ORIENTED_EDGE('',*,*,#1218,.T.);
#1263 = PLANE('',#1264);
#1264 = AXIS2_PLACEMENT_3D('',#1265,#1266,#1267);
#1265 = CARTESIAN_POINT('',(4.910938978195,-51.24425506591,1.5));
#1266 = DIRECTION('',(-0.608761741217,0.793353100725,0.));
#1267 = DIRECTION('',(0.793353100725,0.608761741217,0.));
#1268 = ADVANCED_FACE('',(#1269),#1294,.F.);
#1269 = FACE_BOUND('',#1270,.F.);
#1270 = EDGE_LOOP('',(#1271,#1279,#1287,#1293));
#1271 = ORIENTED_EDGE('',*,*,#1272,.F.);
#1272 = EDGE_CURVE('',#1273,#1242,#1275,.T.);
#1273 = VERTEX_POINT('',#1274);
#1274 = CARTESIAN_POINT('',(5.790011405945,-50.78688812255,3.));
#1275 = LINE('',#1276,#1277);
#1276 = CARTESIAN_POINT('',(5.790011405945,-50.78688812255,3.));
#1277 = VECTOR('',#1278,1.);
#1278 = DIRECTION('',(-0.923879799636,-0.382682787468,0.));
#1279 = ORIENTED_EDGE('',*,*,#1280,.F.);
#1280 = EDGE_CURVE('',#1281,#1273,#1283,.T.);
#1281 = VERTEX_POINT('',#1282);
#1282 = CARTESIAN_POINT('',(5.790011405945,-50.78688812255,0.));
#1283 = LINE('',#1284,#1285);
#1284 = CARTESIAN_POINT('',(5.790011405945,-50.78688812255,0.));
#1285 = VECTOR('',#1286,1.);
#1286 = DIRECTION('',(0.,0.,1.));
#1287 = ORIENTED_EDGE('',*,*,#1288,.F.);
#1288 = EDGE_CURVE('',#1250,#1281,#1289,.T.);
#1289 = LINE('',#1290,#1291);
#1290 = CARTESIAN_POINT('',(5.175000190735,-51.04163360595,0.));
#1291 = VECTOR('',#1292,1.);
#1292 = DIRECTION('',(0.923879799636,0.382682787468,0.));
#1293 = ORIENTED_EDGE('',*,*,#1249,.T.);
#1294 = PLANE('',#1295);
#1295 = AXIS2_PLACEMENT_3D('',#1296,#1297,#1298);
#1296 = CARTESIAN_POINT('',(5.48250579834,-50.91426086425,1.5));
#1297 = DIRECTION('',(-0.382682787468,0.923879799636,0.));
#1298 = DIRECTION('',(0.923879799636,0.382682787468,0.));
#1299 = ADVANCED_FACE('',(#1300),#1325,.F.);
#1300 = FACE_BOUND('',#1301,.F.);
#1301 = EDGE_LOOP('',(#1302,#1310,#1318,#1324));
#1302 = ORIENTED_EDGE('',*,*,#1303,.F.);
#1303 = EDGE_CURVE('',#1304,#1273,#1306,.T.);
#1304 = VERTEX_POINT('',#1305);
#1305 = CARTESIAN_POINT('',(6.449999809265,-50.70000076293,3.));
#1306 = LINE('',#1307,#1308);
#1307 = CARTESIAN_POINT('',(6.449999809265,-50.70000076293,3.));
#1308 = VECTOR('',#1309,1.);
#1309 = DIRECTION('',(-0.991445203916,-0.130523590327,0.));
#1310 = ORIENTED_EDGE('',*,*,#1311,.F.);
#1311 = EDGE_CURVE('',#1312,#1304,#1314,.T.);
#1312 = VERTEX_POINT('',#1313);
#1313 = CARTESIAN_POINT('',(6.449999809265,-50.70000076293,0.));
#1314 = LINE('',#1315,#1316);
#1315 = CARTESIAN_POINT('',(6.449999809265,-50.70000076293,0.));
#1316 = VECTOR('',#1317,1.);
#1317 = DIRECTION('',(0.,0.,1.));
#1318 = ORIENTED_EDGE('',*,*,#1319,.F.);
#1319 = EDGE_CURVE('',#1281,#1312,#1320,.T.);
#1320 = LINE('',#1321,#1322);
#1321 = CARTESIAN_POINT('',(5.790011405945,-50.78688812255,0.));
#1322 = VECTOR('',#1323,1.);
#1323 = DIRECTION('',(0.991445203916,0.130523590327,0.));
#1324 = ORIENTED_EDGE('',*,*,#1280,.T.);
#1325 = PLANE('',#1326);
#1326 = AXIS2_PLACEMENT_3D('',#1327,#1328,#1329);
#1327 = CARTESIAN_POINT('',(6.120005607605,-50.74344444274,1.5));
#1328 = DIRECTION('',(-0.130523590327,0.991445203916,0.));
#1329 = DIRECTION('',(0.991445203916,0.130523590327,0.));
#1330 = ADVANCED_FACE('',(#1331),#1356,.F.);
#1331 = FACE_BOUND('',#1332,.F.);
#1332 = EDGE_LOOP('',(#1333,#1341,#1349,#1355));
#1333 = ORIENTED_EDGE('',*,*,#1334,.F.);
#1334 = EDGE_CURVE('',#1335,#1304,#1337,.T.);
#1335 = VERTEX_POINT('',#1336);
#1336 = CARTESIAN_POINT('',(7.109988689423,-50.78688812255,3.));
#1337 = LINE('',#1338,#1339);
#1338 = CARTESIAN_POINT('',(7.109988689423,-50.78688812255,3.));
#1339 = VECTOR('',#1340,1.);
#1340 = DIRECTION('',(-0.991445216119,0.130523497631,0.));
#1341 = ORIENTED_EDGE('',*,*,#1342,.F.);
#1342 = EDGE_CURVE('',#1343,#1335,#1345,.T.);
#1343 = VERTEX_POINT('',#1344);
#1344 = CARTESIAN_POINT('',(7.109988689423,-50.78688812255,0.));
#1345 = LINE('',#1346,#1347);
#1346 = CARTESIAN_POINT('',(7.109988689423,-50.78688812255,0.));
#1347 = VECTOR('',#1348,1.);
#1348 = DIRECTION('',(0.,0.,1.));
#1349 = ORIENTED_EDGE('',*,*,#1350,.F.);
#1350 = EDGE_CURVE('',#1312,#1343,#1351,.T.);
#1351 = LINE('',#1352,#1353);
#1352 = CARTESIAN_POINT('',(6.449999809265,-50.70000076293,0.));
#1353 = VECTOR('',#1354,1.);
#1354 = DIRECTION('',(0.991445216119,-0.130523497631,0.));
#1355 = ORIENTED_EDGE('',*,*,#1311,.T.);
#1356 = PLANE('',#1357);
#1357 = AXIS2_PLACEMENT_3D('',#1358,#1359,#1360);
#1358 = CARTESIAN_POINT('',(6.779994249344,-50.74344444274,1.5));
#1359 = DIRECTION('',(0.130523497631,0.991445216119,0.));
#1360 = DIRECTION('',(0.991445216119,-0.130523497631,0.));
#1361 = ADVANCED_FACE('',(#1362),#1387,.F.);
#1362 = FACE_BOUND('',#1363,.F.);
#1363 = EDGE_LOOP('',(#1364,#1372,#1380,#1386));
#1364 = ORIENTED_EDGE('',*,*,#1365,.F.);
#1365 = EDGE_CURVE('',#1366,#1335,#1368,.T.);
#1366 = VERTEX_POINT('',#1367);
#1367 = CARTESIAN_POINT('',(7.724999904633,-51.04163360595,3.));
#1368 = LINE('',#1369,#1370);
#1369 = CARTESIAN_POINT('',(7.724999904633,-51.04163360595,3.));
#1370 = VECTOR('',#1371,1.);
#1371 = DIRECTION('',(-0.923879799636,0.382682787468,0.));
#1372 = ORIENTED_EDGE('',*,*,#1373,.F.);
#1373 = EDGE_CURVE('',#1374,#1366,#1376,.T.);
#1374 = VERTEX_POINT('',#1375);
#1375 = CARTESIAN_POINT('',(7.724999904633,-51.04163360595,0.));
#1376 = LINE('',#1377,#1378);
#1377 = CARTESIAN_POINT('',(7.724999904633,-51.04163360595,0.));
#1378 = VECTOR('',#1379,1.);
#1379 = DIRECTION('',(0.,0.,1.));
#1380 = ORIENTED_EDGE('',*,*,#1381,.F.);
#1381 = EDGE_CURVE('',#1343,#1374,#1382,.T.);
#1382 = LINE('',#1383,#1384);
#1383 = CARTESIAN_POINT('',(7.109988689423,-50.78688812255,0.));
#1384 = VECTOR('',#1385,1.);
#1385 = DIRECTION('',(0.923879799636,-0.382682787468,0.));
#1386 = ORIENTED_EDGE('',*,*,#1342,.T.);
#1387 = PLANE('',#1388);
#1388 = AXIS2_PLACEMENT_3D('',#1389,#1390,#1391);
#1389 = CARTESIAN_POINT('',(7.417494297028,-50.91426086425,1.5));
#1390 = DIRECTION('',(0.382682787468,0.923879799636,0.));
#1391 = DIRECTION('',(0.923879799636,-0.382682787468,0.));
#1392 = ADVANCED_FACE('',(#1393),#1418,.F.);
#1393 = FACE_BOUND('',#1394,.F.);
#1394 = EDGE_LOOP('',(#1395,#1403,#1411,#1417));
#1395 = ORIENTED_EDGE('',*,*,#1396,.F.);
#1396 = EDGE_CURVE('',#1397,#1366,#1399,.T.);
#1397 = VERTEX_POINT('',#1398);
#1398 = CARTESIAN_POINT('',(8.253122329712,-51.44687652587,3.));
#1399 = LINE('',#1400,#1401);
#1400 = CARTESIAN_POINT('',(8.253122329712,-51.44687652587,3.));
#1401 = VECTOR('',#1402,1.);
#1402 = DIRECTION('',(-0.793353100725,0.608761741217,0.));
#1403 = ORIENTED_EDGE('',*,*,#1404,.F.);
#1404 = EDGE_CURVE('',#1405,#1397,#1407,.T.);
#1405 = VERTEX_POINT('',#1406);
#1406 = CARTESIAN_POINT('',(8.253122329712,-51.44687652587,0.));
#1407 = LINE('',#1408,#1409);
#1408 = CARTESIAN_POINT('',(8.253122329712,-51.44687652587,0.));
#1409 = VECTOR('',#1410,1.);
#1410 = DIRECTION('',(0.,0.,1.));
#1411 = ORIENTED_EDGE('',*,*,#1412,.F.);
#1412 = EDGE_CURVE('',#1374,#1405,#1413,.T.);
#1413 = LINE('',#1414,#1415);
#1414 = CARTESIAN_POINT('',(7.724999904633,-51.04163360595,0.));
#1415 = VECTOR('',#1416,1.);
#1416 = DIRECTION('',(0.793353100725,-0.608761741217,0.));
#1417 = ORIENTED_EDGE('',*,*,#1373,.T.);
#1418 = PLANE('',#1419);
#1419 = AXIS2_PLACEMENT_3D('',#1420,#1421,#1422);
#1420 = CARTESIAN_POINT('',(7.989061117172,-51.24425506591,1.5));
#1421 = DIRECTION('',(0.608761741217,0.793353100725,0.));
#1422 = DIRECTION('',(0.793353100725,-0.608761741217,0.));
#1423 = ADVANCED_FACE('',(#1424),#1449,.F.);
#1424 = FACE_BOUND('',#1425,.F.);
#1425 = EDGE_LOOP('',(#1426,#1434,#1442,#1448));
#1426 = ORIENTED_EDGE('',*,*,#1427,.F.);
#1427 = EDGE_CURVE('',#1428,#1397,#1430,.T.);
#1428 = VERTEX_POINT('',#1429);
#1429 = CARTESIAN_POINT('',(8.658365249634,-51.97499847412,3.));
#1430 = LINE('',#1431,#1432);
#1431 = CARTESIAN_POINT('',(8.658365249634,-51.97499847412,3.));
#1432 = VECTOR('',#1433,1.);
#1433 = DIRECTION('',(-0.608762087169,0.793352835267,0.));
#1434 = ORIENTED_EDGE('',*,*,#1435,.T.);
#1435 = EDGE_CURVE('',#1428,#1436,#1438,.T.);
#1436 = VERTEX_POINT('',#1437);
#1437 = CARTESIAN_POINT('',(8.658365249634,-51.97499847412,0.));
#1438 = LINE('',#1439,#1440);
#1439 = CARTESIAN_POINT('',(8.658365249634,-51.97499847412,3.));
#1440 = VECTOR('',#1441,1.);
#1441 = DIRECTION('',(0.,0.,-1.));
#1442 = ORIENTED_EDGE('',*,*,#1443,.F.);
#1443 = EDGE_CURVE('',#1405,#1436,#1444,.T.);
#1444 = LINE('',#1445,#1446);
#1445 = CARTESIAN_POINT('',(8.253122329712,-51.44687652587,0.));
#1446 = VECTOR('',#1447,1.);
#1447 = DIRECTION('',(0.608762087169,-0.793352835267,0.));
#1448 = ORIENTED_EDGE('',*,*,#1404,.T.);
#1449 = PLANE('',#1450);
#1450 = AXIS2_PLACEMENT_3D('',#1451,#1452,#1453);
#1451 = CARTESIAN_POINT('',(8.455743789673,-51.7109375,1.5));
#1452 = DIRECTION('',(0.793352835267,0.608762087169,0.));
#1453 = DIRECTION('',(-0.608762087169,0.793352835267,0.));
#1454 = ADVANCED_FACE('',(#1455),#1480,.F.);
#1455 = FACE_BOUND('',#1456,.F.);
#1456 = EDGE_LOOP('',(#1457,#1458,#1466,#1474));
#1457 = ORIENTED_EDGE('',*,*,#1435,.F.);
#1458 = ORIENTED_EDGE('',*,*,#1459,.F.);
#1459 = EDGE_CURVE('',#1460,#1428,#1462,.T.);
#1460 = VERTEX_POINT('',#1461);
#1461 = CARTESIAN_POINT('',(8.913110733032,-52.59001159668,3.));
#1462 = LINE('',#1463,#1464);
#1463 = CARTESIAN_POINT('',(8.913110733032,-52.59001159668,3.));
#1464 = VECTOR('',#1465,1.);
#1465 = DIRECTION('',(-0.382681774453,0.923880219239,0.));
#1466 = ORIENTED_EDGE('',*,*,#1467,.F.);
#1467 = EDGE_CURVE('',#1468,#1460,#1470,.T.);
#1468 = VERTEX_POINT('',#1469);
#1469 = CARTESIAN_POINT('',(8.913110733032,-52.59001159668,0.));
#1470 = LINE('',#1471,#1472);
#1471 = CARTESIAN_POINT('',(8.913110733032,-52.59001159668,0.));
#1472 = VECTOR('',#1473,1.);
#1473 = DIRECTION('',(0.,0.,1.));
#1474 = ORIENTED_EDGE('',*,*,#1475,.F.);
#1475 = EDGE_CURVE('',#1436,#1468,#1476,.T.);
#1476 = LINE('',#1477,#1478);
#1477 = CARTESIAN_POINT('',(8.658365249634,-51.97499847412,0.));
#1478 = VECTOR('',#1479,1.);
#1479 = DIRECTION('',(0.382681774453,-0.923880219239,0.));
#1480 = PLANE('',#1481);
#1481 = AXIS2_PLACEMENT_3D('',#1482,#1483,#1484);
#1482 = CARTESIAN_POINT('',(8.785737991333,-52.2825050354,1.5));
#1483 = DIRECTION('',(0.923880219239,0.382681774453,0.));
#1484 = DIRECTION('',(-0.382681774453,0.923880219239,0.));
#1485 = ADVANCED_FACE('',(#1486),#1502,.F.);
#1486 = FACE_BOUND('',#1487,.F.);
#1487 = EDGE_LOOP('',(#1488,#1494,#1495,#1501));
#1488 = ORIENTED_EDGE('',*,*,#1489,.F.);
#1489 = EDGE_CURVE('',#1468,#768,#1490,.T.);
#1490 = LINE('',#1491,#1492);
#1491 = CARTESIAN_POINT('',(8.913110733032,-52.59001159668,0.));
#1492 = VECTOR('',#1493,1.);
#1493 = DIRECTION('',(0.130526406761,-0.991444833129,0.));
#1494 = ORIENTED_EDGE('',*,*,#1467,.T.);
#1495 = ORIENTED_EDGE('',*,*,#1496,.F.);
#1496 = EDGE_CURVE('',#778,#1460,#1497,.T.);
#1497 = LINE('',#1498,#1499);
#1498 = CARTESIAN_POINT('',(9.,-53.25,3.));
#1499 = VECTOR('',#1500,1.);
#1500 = DIRECTION('',(-0.130526406761,0.991444833129,0.));
#1501 = ORIENTED_EDGE('',*,*,#777,.T.);
#1502 = PLANE('',#1503);
#1503 = AXIS2_PLACEMENT_3D('',#1504,#1505,#1506);
#1504 = CARTESIAN_POINT('',(8.956555366516,-52.92000579834,1.5));
#1505 = DIRECTION('',(0.991444833129,0.130526406761,0.));
#1506 = DIRECTION('',(-0.130526406761,0.991444833129,0.));
#1507 = ORIENTED_CLOSED_SHELL('',*,#1508,.F.);
#1508 = CLOSED_SHELL('',(#1509,#1549,#1580,#1611,#1642,#1673,#1704,#1735
    ,#1766,#1797,#1828,#1859,#1890,#1921,#1952,#1983,#2014,#2045,#2076,
    #2107,#2138,#2169,#2200,#2231));
#1509 = ADVANCED_FACE('',(#1510),#1544,.F.);
#1510 = FACE_BOUND('',#1511,.F.);
#1511 = EDGE_LOOP('',(#1512,#1522,#1530,#1538));
#1512 = ORIENTED_EDGE('',*,*,#1513,.F.);
#1513 = EDGE_CURVE('',#1514,#1516,#1518,.T.);
#1514 = VERTEX_POINT('',#1515);
#1515 = CARTESIAN_POINT('',(56.099998474121,-53.25,0.));
#1516 = VERTEX_POINT('',#1517);
#1517 = CARTESIAN_POINT('',(56.013111114502,-53.90998840332,0.));
#1518 = LINE('',#1519,#1520);
#1519 = CARTESIAN_POINT('',(56.099998474121,-53.25,0.));
#1520 = VECTOR('',#1521,1.);
#1521 = DIRECTION('',(-0.130523590327,-0.991445203916,0.));
#1522 = ORIENTED_EDGE('',*,*,#1523,.F.);
#1523 = EDGE_CURVE('',#1524,#1514,#1526,.T.);
#1524 = VERTEX_POINT('',#1525);
#1525 = CARTESIAN_POINT('',(56.099998474121,-53.25,3.));
#1526 = LINE('',#1527,#1528);
#1527 = CARTESIAN_POINT('',(56.099998474121,-53.25,3.));
#1528 = VECTOR('',#1529,1.);
#1529 = DIRECTION('',(0.,0.,-1.));
#1530 = ORIENTED_EDGE('',*,*,#1531,.F.);
#1531 = EDGE_CURVE('',#1532,#1524,#1534,.T.);
#1532 = VERTEX_POINT('',#1533);
#1533 = CARTESIAN_POINT('',(56.013111114502,-53.90998840332,3.));
#1534 = LINE('',#1535,#1536);
#1535 = CARTESIAN_POINT('',(56.013111114502,-53.90998840332,3.));
#1536 = VECTOR('',#1537,1.);
#1537 = DIRECTION('',(0.130523590327,0.991445203916,0.));
#1538 = ORIENTED_EDGE('',*,*,#1539,.F.);
#1539 = EDGE_CURVE('',#1516,#1532,#1540,.T.);
#1540 = LINE('',#1541,#1542);
#1541 = CARTESIAN_POINT('',(56.013111114502,-53.90998840332,0.));
#1542 = VECTOR('',#1543,1.);
#1543 = DIRECTION('',(0.,0.,1.));
#1544 = PLANE('',#1545);
#1545 = AXIS2_PLACEMENT_3D('',#1546,#1547,#1548);
#1546 = CARTESIAN_POINT('',(56.056554794312,-53.57999420166,1.5));
#1547 = DIRECTION('',(0.991445203916,-0.130523590327,0.));
#1548 = DIRECTION('',(0.130523590327,0.991445203916,0.));
#1549 = ADVANCED_FACE('',(#1550),#1575,.F.);
#1550 = FACE_BOUND('',#1551,.F.);
#1551 = EDGE_LOOP('',(#1552,#1560,#1568,#1574));
#1552 = ORIENTED_EDGE('',*,*,#1553,.F.);
#1553 = EDGE_CURVE('',#1554,#1532,#1556,.T.);
#1554 = VERTEX_POINT('',#1555);
#1555 = CARTESIAN_POINT('',(55.758365631104,-54.52500152587,3.));
#1556 = LINE('',#1557,#1558);
#1557 = CARTESIAN_POINT('',(55.758365631104,-54.52500152587,3.));
#1558 = VECTOR('',#1559,1.);
#1559 = DIRECTION('',(0.382681774453,0.923880219239,0.));
#1560 = ORIENTED_EDGE('',*,*,#1561,.F.);
#1561 = EDGE_CURVE('',#1562,#1554,#1564,.T.);
#1562 = VERTEX_POINT('',#1563);
#1563 = CARTESIAN_POINT('',(55.758365631104,-54.52500152587,0.));
#1564 = LINE('',#1565,#1566);
#1565 = CARTESIAN_POINT('',(55.758365631104,-54.52500152587,0.));
#1566 = VECTOR('',#1567,1.);
#1567 = DIRECTION('',(0.,0.,1.));
#1568 = ORIENTED_EDGE('',*,*,#1569,.F.);
#1569 = EDGE_CURVE('',#1516,#1562,#1570,.T.);
#1570 = LINE('',#1571,#1572);
#1571 = CARTESIAN_POINT('',(56.013111114502,-53.90998840332,0.));
#1572 = VECTOR('',#1573,1.);
#1573 = DIRECTION('',(-0.382681774453,-0.923880219239,0.));
#1574 = ORIENTED_EDGE('',*,*,#1539,.T.);
#1575 = PLANE('',#1576);
#1576 = AXIS2_PLACEMENT_3D('',#1577,#1578,#1579);
#1577 = CARTESIAN_POINT('',(55.885738372803,-54.2174949646,1.5));
#1578 = DIRECTION('',(0.923880219239,-0.382681774453,0.));
#1579 = DIRECTION('',(0.382681774453,0.923880219239,0.));
#1580 = ADVANCED_FACE('',(#1581),#1606,.F.);
#1581 = FACE_BOUND('',#1582,.F.);
#1582 = EDGE_LOOP('',(#1583,#1591,#1599,#1605));
#1583 = ORIENTED_EDGE('',*,*,#1584,.F.);
#1584 = EDGE_CURVE('',#1585,#1554,#1587,.T.);
#1585 = VERTEX_POINT('',#1586);
#1586 = CARTESIAN_POINT('',(55.353122711182,-55.05312347412,3.));
#1587 = LINE('',#1588,#1589);
#1588 = CARTESIAN_POINT('',(55.353122711182,-55.05312347412,3.));
#1589 = VECTOR('',#1590,1.);
#1590 = DIRECTION('',(0.608762087169,0.793352835267,0.));
#1591 = ORIENTED_EDGE('',*,*,#1592,.F.);
#1592 = EDGE_CURVE('',#1593,#1585,#1595,.T.);
#1593 = VERTEX_POINT('',#1594);
#1594 = CARTESIAN_POINT('',(55.353122711182,-55.05312347412,0.));
#1595 = LINE('',#1596,#1597);
#1596 = CARTESIAN_POINT('',(55.353122711182,-55.05312347412,0.));
#1597 = VECTOR('',#1598,1.);
#1598 = DIRECTION('',(0.,0.,1.));
#1599 = ORIENTED_EDGE('',*,*,#1600,.F.);
#1600 = EDGE_CURVE('',#1562,#1593,#1601,.T.);
#1601 = LINE('',#1602,#1603);
#1602 = CARTESIAN_POINT('',(55.758365631104,-54.52500152587,0.));
#1603 = VECTOR('',#1604,1.);
#1604 = DIRECTION('',(-0.608762087169,-0.793352835267,0.));
#1605 = ORIENTED_EDGE('',*,*,#1561,.T.);
#1606 = PLANE('',#1607);
#1607 = AXIS2_PLACEMENT_3D('',#1608,#1609,#1610);
#1608 = CARTESIAN_POINT('',(55.555744171143,-54.7890625,1.5));
#1609 = DIRECTION('',(0.793352835267,-0.608762087169,0.));
#1610 = DIRECTION('',(0.608762087169,0.793352835267,0.));
#1611 = ADVANCED_FACE('',(#1612),#1637,.F.);
#1612 = FACE_BOUND('',#1613,.F.);
#1613 = EDGE_LOOP('',(#1614,#1622,#1630,#1636));
#1614 = ORIENTED_EDGE('',*,*,#1615,.F.);
#1615 = EDGE_CURVE('',#1616,#1585,#1618,.T.);
#1616 = VERTEX_POINT('',#1617);
#1617 = CARTESIAN_POINT('',(54.825000762939,-55.45836639404,3.));
#1618 = LINE('',#1619,#1620);
#1619 = CARTESIAN_POINT('',(54.825000762939,-55.45836639404,3.));
#1620 = VECTOR('',#1621,1.);
#1621 = DIRECTION('',(0.793352835267,0.608762087169,0.));
#1622 = ORIENTED_EDGE('',*,*,#1623,.F.);
#1623 = EDGE_CURVE('',#1624,#1616,#1626,.T.);
#1624 = VERTEX_POINT('',#1625);
#1625 = CARTESIAN_POINT('',(54.825000762939,-55.45836639404,0.));
#1626 = LINE('',#1627,#1628);
#1627 = CARTESIAN_POINT('',(54.825000762939,-55.45836639404,0.));
#1628 = VECTOR('',#1629,1.);
#1629 = DIRECTION('',(0.,0.,1.));
#1630 = ORIENTED_EDGE('',*,*,#1631,.F.);
#1631 = EDGE_CURVE('',#1593,#1624,#1632,.T.);
#1632 = LINE('',#1633,#1634);
#1633 = CARTESIAN_POINT('',(55.353122711182,-55.05312347412,0.));
#1634 = VECTOR('',#1635,1.);
#1635 = DIRECTION('',(-0.793352835267,-0.608762087169,0.));
#1636 = ORIENTED_EDGE('',*,*,#1592,.T.);
#1637 = PLANE('',#1638);
#1638 = AXIS2_PLACEMENT_3D('',#1639,#1640,#1641);
#1639 = CARTESIAN_POINT('',(55.089061737061,-55.25574493408,1.5));
#1640 = DIRECTION('',(0.608762087169,-0.793352835267,0.));
#1641 = DIRECTION('',(-0.793352835267,-0.608762087169,0.));
#1642 = ADVANCED_FACE('',(#1643),#1668,.F.);
#1643 = FACE_BOUND('',#1644,.F.);
#1644 = EDGE_LOOP('',(#1645,#1653,#1661,#1667));
#1645 = ORIENTED_EDGE('',*,*,#1646,.F.);
#1646 = EDGE_CURVE('',#1647,#1616,#1649,.T.);
#1647 = VERTEX_POINT('',#1648);
#1648 = CARTESIAN_POINT('',(54.209987640381,-55.71311187744,3.));
#1649 = LINE('',#1650,#1651);
#1650 = CARTESIAN_POINT('',(54.209987640381,-55.71311187744,3.));
#1651 = VECTOR('',#1652,1.);
#1652 = DIRECTION('',(0.923880219239,0.382681774453,0.));
#1653 = ORIENTED_EDGE('',*,*,#1654,.F.);
#1654 = EDGE_CURVE('',#1655,#1647,#1657,.T.);
#1655 = VERTEX_POINT('',#1656);
#1656 = CARTESIAN_POINT('',(54.209987640381,-55.71311187744,0.));
#1657 = LINE('',#1658,#1659);
#1658 = CARTESIAN_POINT('',(54.209987640381,-55.71311187744,0.));
#1659 = VECTOR('',#1660,1.);
#1660 = DIRECTION('',(0.,0.,1.));
#1661 = ORIENTED_EDGE('',*,*,#1662,.F.);
#1662 = EDGE_CURVE('',#1624,#1655,#1663,.T.);
#1663 = LINE('',#1664,#1665);
#1664 = CARTESIAN_POINT('',(54.825000762939,-55.45836639404,0.));
#1665 = VECTOR('',#1666,1.);
#1666 = DIRECTION('',(-0.923880219239,-0.382681774453,0.));
#1667 = ORIENTED_EDGE('',*,*,#1623,.T.);
#1668 = PLANE('',#1669);
#1669 = AXIS2_PLACEMENT_3D('',#1670,#1671,#1672);
#1670 = CARTESIAN_POINT('',(54.51749420166,-55.58573913574,1.5));
#1671 = DIRECTION('',(0.382681774453,-0.923880219239,0.));
#1672 = DIRECTION('',(-0.923880219239,-0.382681774453,0.));
#1673 = ADVANCED_FACE('',(#1674),#1699,.F.);
#1674 = FACE_BOUND('',#1675,.F.);
#1675 = EDGE_LOOP('',(#1676,#1684,#1692,#1698));
#1676 = ORIENTED_EDGE('',*,*,#1677,.F.);
#1677 = EDGE_CURVE('',#1678,#1647,#1680,.T.);
#1678 = VERTEX_POINT('',#1679);
#1679 = CARTESIAN_POINT('',(53.549999237061,-55.79999923706,3.));
#1680 = LINE('',#1681,#1682);
#1681 = CARTESIAN_POINT('',(53.549999237061,-55.79999923706,3.));
#1682 = VECTOR('',#1683,1.);
#1683 = DIRECTION('',(0.991445203916,0.130523590327,0.));
#1684 = ORIENTED_EDGE('',*,*,#1685,.F.);
#1685 = EDGE_CURVE('',#1686,#1678,#1688,.T.);
#1686 = VERTEX_POINT('',#1687);
#1687 = CARTESIAN_POINT('',(53.549999237061,-55.79999923706,0.));
#1688 = LINE('',#1689,#1690);
#1689 = CARTESIAN_POINT('',(53.549999237061,-55.79999923706,0.));
#1690 = VECTOR('',#1691,1.);
#1691 = DIRECTION('',(0.,0.,1.));
#1692 = ORIENTED_EDGE('',*,*,#1693,.F.);
#1693 = EDGE_CURVE('',#1655,#1686,#1694,.T.);
#1694 = LINE('',#1695,#1696);
#1695 = CARTESIAN_POINT('',(54.209987640381,-55.71311187744,0.));
#1696 = VECTOR('',#1697,1.);
#1697 = DIRECTION('',(-0.991445203916,-0.130523590327,0.));
#1698 = ORIENTED_EDGE('',*,*,#1654,.T.);
#1699 = PLANE('',#1700);
#1700 = AXIS2_PLACEMENT_3D('',#1701,#1702,#1703);
#1701 = CARTESIAN_POINT('',(53.879993438721,-55.75655555725,1.5));
#1702 = DIRECTION('',(0.130523590327,-0.991445203916,0.));
#1703 = DIRECTION('',(-0.991445203916,-0.130523590327,0.));
#1704 = ADVANCED_FACE('',(#1705),#1730,.F.);
#1705 = FACE_BOUND('',#1706,.F.);
#1706 = EDGE_LOOP('',(#1707,#1715,#1723,#1729));
#1707 = ORIENTED_EDGE('',*,*,#1708,.F.);
#1708 = EDGE_CURVE('',#1709,#1678,#1711,.T.);
#1709 = VERTEX_POINT('',#1710);
#1710 = CARTESIAN_POINT('',(52.89001083374,-55.71311187744,3.));
#1711 = LINE('',#1712,#1713);
#1712 = CARTESIAN_POINT('',(52.89001083374,-55.71311187744,3.));
#1713 = VECTOR('',#1714,1.);
#1714 = DIRECTION('',(0.991445203916,-0.130523590327,0.));
#1715 = ORIENTED_EDGE('',*,*,#1716,.F.);
#1716 = EDGE_CURVE('',#1717,#1709,#1719,.T.);
#1717 = VERTEX_POINT('',#1718);
#1718 = CARTESIAN_POINT('',(52.89001083374,-55.71311187744,0.));
#1719 = LINE('',#1720,#1721);
#1720 = CARTESIAN_POINT('',(52.89001083374,-55.71311187744,0.));
#1721 = VECTOR('',#1722,1.);
#1722 = DIRECTION('',(0.,0.,1.));
#1723 = ORIENTED_EDGE('',*,*,#1724,.F.);
#1724 = EDGE_CURVE('',#1686,#1717,#1725,.T.);
#1725 = LINE('',#1726,#1727);
#1726 = CARTESIAN_POINT('',(53.549999237061,-55.79999923706,0.));
#1727 = VECTOR('',#1728,1.);
#1728 = DIRECTION('',(-0.991445203916,0.130523590327,0.));
#1729 = ORIENTED_EDGE('',*,*,#1685,.T.);
#1730 = PLANE('',#1731);
#1731 = AXIS2_PLACEMENT_3D('',#1732,#1733,#1734);
#1732 = CARTESIAN_POINT('',(53.2200050354,-55.75655555725,1.5));
#1733 = DIRECTION('',(-0.130523590327,-0.991445203916,-0.));
#1734 = DIRECTION('',(-0.991445203916,0.130523590327,0.));
#1735 = ADVANCED_FACE('',(#1736),#1761,.F.);
#1736 = FACE_BOUND('',#1737,.F.);
#1737 = EDGE_LOOP('',(#1738,#1746,#1754,#1760));
#1738 = ORIENTED_EDGE('',*,*,#1739,.F.);
#1739 = EDGE_CURVE('',#1740,#1709,#1742,.T.);
#1740 = VERTEX_POINT('',#1741);
#1741 = CARTESIAN_POINT('',(52.275001525879,-55.45836639404,3.));
#1742 = LINE('',#1743,#1744);
#1743 = CARTESIAN_POINT('',(52.275001525879,-55.45836639404,3.));
#1744 = VECTOR('',#1745,1.);
#1745 = DIRECTION('',(0.92387938003,-0.382683800488,0.));
#1746 = ORIENTED_EDGE('',*,*,#1747,.F.);
#1747 = EDGE_CURVE('',#1748,#1740,#1750,.T.);
#1748 = VERTEX_POINT('',#1749);
#1749 = CARTESIAN_POINT('',(52.275001525879,-55.45836639404,0.));
#1750 = LINE('',#1751,#1752);
#1751 = CARTESIAN_POINT('',(52.275001525879,-55.45836639404,0.));
#1752 = VECTOR('',#1753,1.);
#1753 = DIRECTION('',(0.,0.,1.));
#1754 = ORIENTED_EDGE('',*,*,#1755,.F.);
#1755 = EDGE_CURVE('',#1717,#1748,#1756,.T.);
#1756 = LINE('',#1757,#1758);
#1757 = CARTESIAN_POINT('',(52.89001083374,-55.71311187744,0.));
#1758 = VECTOR('',#1759,1.);
#1759 = DIRECTION('',(-0.92387938003,0.382683800488,0.));
#1760 = ORIENTED_EDGE('',*,*,#1716,.T.);
#1761 = PLANE('',#1762);
#1762 = AXIS2_PLACEMENT_3D('',#1763,#1764,#1765);
#1763 = CARTESIAN_POINT('',(52.58250617981,-55.58573913574,1.5));
#1764 = DIRECTION('',(-0.382683800488,-0.92387938003,-0.));
#1765 = DIRECTION('',(-0.92387938003,0.382683800488,0.));
#1766 = ADVANCED_FACE('',(#1767),#1792,.F.);
#1767 = FACE_BOUND('',#1768,.F.);
#1768 = EDGE_LOOP('',(#1769,#1777,#1785,#1791));
#1769 = ORIENTED_EDGE('',*,*,#1770,.F.);
#1770 = EDGE_CURVE('',#1771,#1740,#1773,.T.);
#1771 = VERTEX_POINT('',#1772);
#1772 = CARTESIAN_POINT('',(51.746879577637,-55.05312347412,3.));
#1773 = LINE('',#1774,#1775);
#1774 = CARTESIAN_POINT('',(51.746879577637,-55.05312347412,3.));
#1775 = VECTOR('',#1776,1.);
#1776 = DIRECTION('',(0.793352835267,-0.608762087169,0.));
#1777 = ORIENTED_EDGE('',*,*,#1778,.T.);
#1778 = EDGE_CURVE('',#1771,#1779,#1781,.T.);
#1779 = VERTEX_POINT('',#1780);
#1780 = CARTESIAN_POINT('',(51.746879577637,-55.05312347412,0.));
#1781 = LINE('',#1782,#1783);
#1782 = CARTESIAN_POINT('',(51.746879577637,-55.05312347412,3.));
#1783 = VECTOR('',#1784,1.);
#1784 = DIRECTION('',(0.,0.,-1.));
#1785 = ORIENTED_EDGE('',*,*,#1786,.F.);
#1786 = EDGE_CURVE('',#1748,#1779,#1787,.T.);
#1787 = LINE('',#1788,#1789);
#1788 = CARTESIAN_POINT('',(52.275001525879,-55.45836639404,0.));
#1789 = VECTOR('',#1790,1.);
#1790 = DIRECTION('',(-0.793352835267,0.608762087169,0.));
#1791 = ORIENTED_EDGE('',*,*,#1747,.T.);
#1792 = PLANE('',#1793);
#1793 = AXIS2_PLACEMENT_3D('',#1794,#1795,#1796);
#1794 = CARTESIAN_POINT('',(52.010940551758,-55.25574493408,1.5));
#1795 = DIRECTION('',(-0.608762087169,-0.793352835267,-0.));
#1796 = DIRECTION('',(-0.793352835267,0.608762087169,0.));
#1797 = ADVANCED_FACE('',(#1798),#1823,.F.);
#1798 = FACE_BOUND('',#1799,.F.);
#1799 = EDGE_LOOP('',(#1800,#1801,#1809,#1817));
#1800 = ORIENTED_EDGE('',*,*,#1778,.F.);
#1801 = ORIENTED_EDGE('',*,*,#1802,.F.);
#1802 = EDGE_CURVE('',#1803,#1771,#1805,.T.);
#1803 = VERTEX_POINT('',#1804);
#1804 = CARTESIAN_POINT('',(51.341636657715,-54.52500152587,3.));
#1805 = LINE('',#1806,#1807);
#1806 = CARTESIAN_POINT('',(51.341636657715,-54.52500152587,3.));
#1807 = VECTOR('',#1808,1.);
#1808 = DIRECTION('',(0.608762087169,-0.793352835267,0.));
#1809 = ORIENTED_EDGE('',*,*,#1810,.F.);
#1810 = EDGE_CURVE('',#1811,#1803,#1813,.T.);
#1811 = VERTEX_POINT('',#1812);
#1812 = CARTESIAN_POINT('',(51.341636657715,-54.52500152587,0.));
#1813 = LINE('',#1814,#1815);
#1814 = CARTESIAN_POINT('',(51.341636657715,-54.52500152587,0.));
#1815 = VECTOR('',#1816,1.);
#1816 = DIRECTION('',(0.,0.,1.));
#1817 = ORIENTED_EDGE('',*,*,#1818,.F.);
#1818 = EDGE_CURVE('',#1779,#1811,#1819,.T.);
#1819 = LINE('',#1820,#1821);
#1820 = CARTESIAN_POINT('',(51.746879577637,-55.05312347412,0.));
#1821 = VECTOR('',#1822,1.);
#1822 = DIRECTION('',(-0.608762087169,0.793352835267,0.));
#1823 = PLANE('',#1824);
#1824 = AXIS2_PLACEMENT_3D('',#1825,#1826,#1827);
#1825 = CARTESIAN_POINT('',(51.544258117676,-54.7890625,1.5));
#1826 = DIRECTION('',(-0.793352835267,-0.608762087169,-0.));
#1827 = DIRECTION('',(0.608762087169,-0.793352835267,0.));
#1828 = ADVANCED_FACE('',(#1829),#1854,.F.);
#1829 = FACE_BOUND('',#1830,.F.);
#1830 = EDGE_LOOP('',(#1831,#1839,#1847,#1853));
#1831 = ORIENTED_EDGE('',*,*,#1832,.F.);
#1832 = EDGE_CURVE('',#1833,#1803,#1835,.T.);
#1833 = VERTEX_POINT('',#1834);
#1834 = CARTESIAN_POINT('',(51.086887359619,-53.90998840332,3.));
#1835 = LINE('',#1836,#1837);
#1836 = CARTESIAN_POINT('',(51.086887359619,-53.90998840332,3.));
#1837 = VECTOR('',#1838,1.);
#1838 = DIRECTION('',(0.382686665719,-0.923878193206,0.));
#1839 = ORIENTED_EDGE('',*,*,#1840,.F.);
#1840 = EDGE_CURVE('',#1841,#1833,#1843,.T.);
#1841 = VERTEX_POINT('',#1842);
#1842 = CARTESIAN_POINT('',(51.086887359619,-53.90998840332,0.));
#1843 = LINE('',#1844,#1845);
#1844 = CARTESIAN_POINT('',(51.086887359619,-53.90998840332,0.));
#1845 = VECTOR('',#1846,1.);
#1846 = DIRECTION('',(0.,0.,1.));
#1847 = ORIENTED_EDGE('',*,*,#1848,.F.);
#1848 = EDGE_CURVE('',#1811,#1841,#1849,.T.);
#1849 = LINE('',#1850,#1851);
#1850 = CARTESIAN_POINT('',(51.341636657715,-54.52500152587,0.));
#1851 = VECTOR('',#1852,1.);
#1852 = DIRECTION('',(-0.382686665719,0.923878193206,0.));
#1853 = ORIENTED_EDGE('',*,*,#1810,.T.);
#1854 = PLANE('',#1855);
#1855 = AXIS2_PLACEMENT_3D('',#1856,#1857,#1858);
#1856 = CARTESIAN_POINT('',(51.214262008667,-54.2174949646,1.5));
#1857 = DIRECTION('',(-0.923878193206,-0.382686665719,-0.));
#1858 = DIRECTION('',(0.382686665719,-0.923878193206,0.));
#1859 = ADVANCED_FACE('',(#1860),#1885,.F.);
#1860 = FACE_BOUND('',#1861,.F.);
#1861 = EDGE_LOOP('',(#1862,#1870,#1878,#1884));
#1862 = ORIENTED_EDGE('',*,*,#1863,.F.);
#1863 = EDGE_CURVE('',#1864,#1833,#1866,.T.);
#1864 = VERTEX_POINT('',#1865);
#1865 = CARTESIAN_POINT('',(51.,-53.25,3.));
#1866 = LINE('',#1867,#1868);
#1867 = CARTESIAN_POINT('',(51.,-53.25,3.));
#1868 = VECTOR('',#1869,1.);
#1869 = DIRECTION('',(0.130523590327,-0.991445203916,0.));
#1870 = ORIENTED_EDGE('',*,*,#1871,.F.);
#1871 = EDGE_CURVE('',#1872,#1864,#1874,.T.);
#1872 = VERTEX_POINT('',#1873);
#1873 = CARTESIAN_POINT('',(51.,-53.25,0.));
#1874 = LINE('',#1875,#1876);
#1875 = CARTESIAN_POINT('',(51.,-53.25,0.));
#1876 = VECTOR('',#1877,1.);
#1877 = DIRECTION('',(0.,0.,1.));
#1878 = ORIENTED_EDGE('',*,*,#1879,.F.);
#1879 = EDGE_CURVE('',#1841,#1872,#1880,.T.);
#1880 = LINE('',#1881,#1882);
#1881 = CARTESIAN_POINT('',(51.086887359619,-53.90998840332,0.));
#1882 = VECTOR('',#1883,1.);
#1883 = DIRECTION('',(-0.130523590327,0.991445203916,0.));
#1884 = ORIENTED_EDGE('',*,*,#1840,.T.);
#1885 = PLANE('',#1886);
#1886 = AXIS2_PLACEMENT_3D('',#1887,#1888,#1889);
#1887 = CARTESIAN_POINT('',(51.04344367981,-53.57999420166,1.5));
#1888 = DIRECTION('',(-0.991445203916,-0.130523590327,-0.));
#1889 = DIRECTION('',(0.130523590327,-0.991445203916,0.));
#1890 = ADVANCED_FACE('',(#1891),#1916,.F.);
#1891 = FACE_BOUND('',#1892,.F.);
#1892 = EDGE_LOOP('',(#1893,#1901,#1909,#1915));
#1893 = ORIENTED_EDGE('',*,*,#1894,.F.);
#1894 = EDGE_CURVE('',#1895,#1864,#1897,.T.);
#1895 = VERTEX_POINT('',#1896);
#1896 = CARTESIAN_POINT('',(51.086887359619,-52.59001159668,3.));
#1897 = LINE('',#1898,#1899);
#1898 = CARTESIAN_POINT('',(51.086887359619,-52.59001159668,3.));
#1899 = VECTOR('',#1900,1.);
#1900 = DIRECTION('',(-0.130523590327,-0.991445203916,0.));
#1901 = ORIENTED_EDGE('',*,*,#1902,.F.);
#1902 = EDGE_CURVE('',#1903,#1895,#1905,.T.);
#1903 = VERTEX_POINT('',#1904);
#1904 = CARTESIAN_POINT('',(51.086887359619,-52.59001159668,0.));
#1905 = LINE('',#1906,#1907);
#1906 = CARTESIAN_POINT('',(51.086887359619,-52.59001159668,0.));
#1907 = VECTOR('',#1908,1.);
#1908 = DIRECTION('',(0.,0.,1.));
#1909 = ORIENTED_EDGE('',*,*,#1910,.F.);
#1910 = EDGE_CURVE('',#1872,#1903,#1911,.T.);
#1911 = LINE('',#1912,#1913);
#1912 = CARTESIAN_POINT('',(51.,-53.25,0.));
#1913 = VECTOR('',#1914,1.);
#1914 = DIRECTION('',(0.130523590327,0.991445203916,0.));
#1915 = ORIENTED_EDGE('',*,*,#1871,.T.);
#1916 = PLANE('',#1917);
#1917 = AXIS2_PLACEMENT_3D('',#1918,#1919,#1920);
#1918 = CARTESIAN_POINT('',(51.04344367981,-52.92000579834,1.5));
#1919 = DIRECTION('',(-0.991445203916,0.130523590327,0.));
#1920 = DIRECTION('',(-0.130523590327,-0.991445203916,0.));
#1921 = ADVANCED_FACE('',(#1922),#1947,.F.);
#1922 = FACE_BOUND('',#1923,.F.);
#1923 = EDGE_LOOP('',(#1924,#1932,#1940,#1946));
#1924 = ORIENTED_EDGE('',*,*,#1925,.F.);
#1925 = EDGE_CURVE('',#1926,#1895,#1928,.T.);
#1926 = VERTEX_POINT('',#1927);
#1927 = CARTESIAN_POINT('',(51.341636657715,-51.97499847412,3.));
#1928 = LINE('',#1929,#1930);
#1929 = CARTESIAN_POINT('',(51.341636657715,-51.97499847412,3.));
#1930 = VECTOR('',#1931,1.);
#1931 = DIRECTION('',(-0.382686665719,-0.923878193206,0.));
#1932 = ORIENTED_EDGE('',*,*,#1933,.F.);
#1933 = EDGE_CURVE('',#1934,#1926,#1936,.T.);
#1934 = VERTEX_POINT('',#1935);
#1935 = CARTESIAN_POINT('',(51.341636657715,-51.97499847412,0.));
#1936 = LINE('',#1937,#1938);
#1937 = CARTESIAN_POINT('',(51.341636657715,-51.97499847412,0.));
#1938 = VECTOR('',#1939,1.);
#1939 = DIRECTION('',(0.,0.,1.));
#1940 = ORIENTED_EDGE('',*,*,#1941,.F.);
#1941 = EDGE_CURVE('',#1903,#1934,#1942,.T.);
#1942 = LINE('',#1943,#1944);
#1943 = CARTESIAN_POINT('',(51.086887359619,-52.59001159668,0.));
#1944 = VECTOR('',#1945,1.);
#1945 = DIRECTION('',(0.382686665719,0.923878193206,0.));
#1946 = ORIENTED_EDGE('',*,*,#1902,.T.);
#1947 = PLANE('',#1948);
#1948 = AXIS2_PLACEMENT_3D('',#1949,#1950,#1951);
#1949 = CARTESIAN_POINT('',(51.214262008667,-52.2825050354,1.5));
#1950 = DIRECTION('',(-0.923878193206,0.382686665719,0.));
#1951 = DIRECTION('',(-0.382686665719,-0.923878193206,0.));
#1952 = ADVANCED_FACE('',(#1953),#1978,.F.);
#1953 = FACE_BOUND('',#1954,.F.);
#1954 = EDGE_LOOP('',(#1955,#1963,#1971,#1977));
#1955 = ORIENTED_EDGE('',*,*,#1956,.F.);
#1956 = EDGE_CURVE('',#1957,#1926,#1959,.T.);
#1957 = VERTEX_POINT('',#1958);
#1958 = CARTESIAN_POINT('',(51.746879577637,-51.44687652587,3.));
#1959 = LINE('',#1960,#1961);
#1960 = CARTESIAN_POINT('',(51.746879577637,-51.44687652587,3.));
#1961 = VECTOR('',#1962,1.);
#1962 = DIRECTION('',(-0.608762087169,-0.793352835267,0.));
#1963 = ORIENTED_EDGE('',*,*,#1964,.F.);
#1964 = EDGE_CURVE('',#1965,#1957,#1967,.T.);
#1965 = VERTEX_POINT('',#1966);
#1966 = CARTESIAN_POINT('',(51.746879577637,-51.44687652587,0.));
#1967 = LINE('',#1968,#1969);
#1968 = CARTESIAN_POINT('',(51.746879577637,-51.44687652587,0.));
#1969 = VECTOR('',#1970,1.);
#1970 = DIRECTION('',(0.,0.,1.));
#1971 = ORIENTED_EDGE('',*,*,#1972,.F.);
#1972 = EDGE_CURVE('',#1934,#1965,#1973,.T.);
#1973 = LINE('',#1974,#1975);
#1974 = CARTESIAN_POINT('',(51.341636657715,-51.97499847412,0.));
#1975 = VECTOR('',#1976,1.);
#1976 = DIRECTION('',(0.608762087169,0.793352835267,0.));
#1977 = ORIENTED_EDGE('',*,*,#1933,.T.);
#1978 = PLANE('',#1979);
#1979 = AXIS2_PLACEMENT_3D('',#1980,#1981,#1982);
#1980 = CARTESIAN_POINT('',(51.544258117676,-51.7109375,1.5));
#1981 = DIRECTION('',(-0.793352835267,0.608762087169,0.));
#1982 = DIRECTION('',(-0.608762087169,-0.793352835267,0.));
#1983 = ADVANCED_FACE('',(#1984),#2009,.F.);
#1984 = FACE_BOUND('',#1985,.F.);
#1985 = EDGE_LOOP('',(#1986,#1994,#2002,#2008));
#1986 = ORIENTED_EDGE('',*,*,#1987,.F.);
#1987 = EDGE_CURVE('',#1988,#1957,#1990,.T.);
#1988 = VERTEX_POINT('',#1989);
#1989 = CARTESIAN_POINT('',(52.275001525879,-51.04163360595,3.));
#1990 = LINE('',#1991,#1992);
#1991 = CARTESIAN_POINT('',(52.275001525879,-51.04163360595,3.));
#1992 = VECTOR('',#1993,1.);
#1993 = DIRECTION('',(-0.793352835267,-0.608762087169,0.));
#1994 = ORIENTED_EDGE('',*,*,#1995,.F.);
#1995 = EDGE_CURVE('',#1996,#1988,#1998,.T.);
#1996 = VERTEX_POINT('',#1997);
#1997 = CARTESIAN_POINT('',(52.275001525879,-51.04163360595,0.));
#1998 = LINE('',#1999,#2000);
#1999 = CARTESIAN_POINT('',(52.275001525879,-51.04163360595,0.));
#2000 = VECTOR('',#2001,1.);
#2001 = DIRECTION('',(0.,0.,1.));
#2002 = ORIENTED_EDGE('',*,*,#2003,.F.);
#2003 = EDGE_CURVE('',#1965,#1996,#2004,.T.);
#2004 = LINE('',#2005,#2006);
#2005 = CARTESIAN_POINT('',(51.746879577637,-51.44687652587,0.));
#2006 = VECTOR('',#2007,1.);
#2007 = DIRECTION('',(0.793352835267,0.608762087169,0.));
#2008 = ORIENTED_EDGE('',*,*,#1964,.T.);
#2009 = PLANE('',#2010);
#2010 = AXIS2_PLACEMENT_3D('',#2011,#2012,#2013);
#2011 = CARTESIAN_POINT('',(52.010940551758,-51.24425506591,1.5));
#2012 = DIRECTION('',(-0.608762087169,0.793352835267,0.));
#2013 = DIRECTION('',(0.793352835267,0.608762087169,0.));
#2014 = ADVANCED_FACE('',(#2015),#2040,.F.);
#2015 = FACE_BOUND('',#2016,.F.);
#2016 = EDGE_LOOP('',(#2017,#2025,#2033,#2039));
#2017 = ORIENTED_EDGE('',*,*,#2018,.F.);
#2018 = EDGE_CURVE('',#2019,#1988,#2021,.T.);
#2019 = VERTEX_POINT('',#2020);
#2020 = CARTESIAN_POINT('',(52.89001083374,-50.78688812255,3.));
#2021 = LINE('',#2022,#2023);
#2022 = CARTESIAN_POINT('',(52.89001083374,-50.78688812255,3.));
#2023 = VECTOR('',#2024,1.);
#2024 = DIRECTION('',(-0.92387938003,-0.382683800488,0.));
#2025 = ORIENTED_EDGE('',*,*,#2026,.F.);
#2026 = EDGE_CURVE('',#2027,#2019,#2029,.T.);
#2027 = VERTEX_POINT('',#2028);
#2028 = CARTESIAN_POINT('',(52.89001083374,-50.78688812255,0.));
#2029 = LINE('',#2030,#2031);
#2030 = CARTESIAN_POINT('',(52.89001083374,-50.78688812255,0.));
#2031 = VECTOR('',#2032,1.);
#2032 = DIRECTION('',(0.,0.,1.));
#2033 = ORIENTED_EDGE('',*,*,#2034,.F.);
#2034 = EDGE_CURVE('',#1996,#2027,#2035,.T.);
#2035 = LINE('',#2036,#2037);
#2036 = CARTESIAN_POINT('',(52.275001525879,-51.04163360595,0.));
#2037 = VECTOR('',#2038,1.);
#2038 = DIRECTION('',(0.92387938003,0.382683800488,0.));
#2039 = ORIENTED_EDGE('',*,*,#1995,.T.);
#2040 = PLANE('',#2041);
#2041 = AXIS2_PLACEMENT_3D('',#2042,#2043,#2044);
#2042 = CARTESIAN_POINT('',(52.58250617981,-50.91426086425,1.5));
#2043 = DIRECTION('',(-0.382683800488,0.92387938003,0.));
#2044 = DIRECTION('',(0.92387938003,0.382683800488,0.));
#2045 = ADVANCED_FACE('',(#2046),#2071,.F.);
#2046 = FACE_BOUND('',#2047,.F.);
#2047 = EDGE_LOOP('',(#2048,#2056,#2064,#2070));
#2048 = ORIENTED_EDGE('',*,*,#2049,.F.);
#2049 = EDGE_CURVE('',#2050,#2019,#2052,.T.);
#2050 = VERTEX_POINT('',#2051);
#2051 = CARTESIAN_POINT('',(53.549999237061,-50.70000076293,3.));
#2052 = LINE('',#2053,#2054);
#2053 = CARTESIAN_POINT('',(53.549999237061,-50.70000076293,3.));
#2054 = VECTOR('',#2055,1.);
#2055 = DIRECTION('',(-0.991445203916,-0.130523590327,0.));
#2056 = ORIENTED_EDGE('',*,*,#2057,.F.);
#2057 = EDGE_CURVE('',#2058,#2050,#2060,.T.);
#2058 = VERTEX_POINT('',#2059);
#2059 = CARTESIAN_POINT('',(53.549999237061,-50.70000076293,0.));
#2060 = LINE('',#2061,#2062);
#2061 = CARTESIAN_POINT('',(53.549999237061,-50.70000076293,0.));
#2062 = VECTOR('',#2063,1.);
#2063 = DIRECTION('',(0.,0.,1.));
#2064 = ORIENTED_EDGE('',*,*,#2065,.F.);
#2065 = EDGE_CURVE('',#2027,#2058,#2066,.T.);
#2066 = LINE('',#2067,#2068);
#2067 = CARTESIAN_POINT('',(52.89001083374,-50.78688812255,0.));
#2068 = VECTOR('',#2069,1.);
#2069 = DIRECTION('',(0.991445203916,0.130523590327,0.));
#2070 = ORIENTED_EDGE('',*,*,#2026,.T.);
#2071 = PLANE('',#2072);
#2072 = AXIS2_PLACEMENT_3D('',#2073,#2074,#2075);
#2073 = CARTESIAN_POINT('',(53.2200050354,-50.74344444274,1.5));
#2074 = DIRECTION('',(-0.130523590327,0.991445203916,0.));
#2075 = DIRECTION('',(0.991445203916,0.130523590327,0.));
#2076 = ADVANCED_FACE('',(#2077),#2102,.F.);
#2077 = FACE_BOUND('',#2078,.F.);
#2078 = EDGE_LOOP('',(#2079,#2087,#2095,#2101));
#2079 = ORIENTED_EDGE('',*,*,#2080,.F.);
#2080 = EDGE_CURVE('',#2081,#2050,#2083,.T.);
#2081 = VERTEX_POINT('',#2082);
#2082 = CARTESIAN_POINT('',(54.209987640381,-50.78688812255,3.));
#2083 = LINE('',#2084,#2085);
#2084 = CARTESIAN_POINT('',(54.209987640381,-50.78688812255,3.));
#2085 = VECTOR('',#2086,1.);
#2086 = DIRECTION('',(-0.991445203916,0.130523590327,0.));
#2087 = ORIENTED_EDGE('',*,*,#2088,.F.);
#2088 = EDGE_CURVE('',#2089,#2081,#2091,.T.);
#2089 = VERTEX_POINT('',#2090);
#2090 = CARTESIAN_POINT('',(54.209987640381,-50.78688812255,0.));
#2091 = LINE('',#2092,#2093);
#2092 = CARTESIAN_POINT('',(54.209987640381,-50.78688812255,0.));
#2093 = VECTOR('',#2094,1.);
#2094 = DIRECTION('',(0.,0.,1.));
#2095 = ORIENTED_EDGE('',*,*,#2096,.F.);
#2096 = EDGE_CURVE('',#2058,#2089,#2097,.T.);
#2097 = LINE('',#2098,#2099);
#2098 = CARTESIAN_POINT('',(53.549999237061,-50.70000076293,0.));
#2099 = VECTOR('',#2100,1.);
#2100 = DIRECTION('',(0.991445203916,-0.130523590327,0.));
#2101 = ORIENTED_EDGE('',*,*,#2057,.T.);
#2102 = PLANE('',#2103);
#2103 = AXIS2_PLACEMENT_3D('',#2104,#2105,#2106);
#2104 = CARTESIAN_POINT('',(53.879993438721,-50.74344444274,1.5));
#2105 = DIRECTION('',(0.130523590327,0.991445203916,0.));
#2106 = DIRECTION('',(0.991445203916,-0.130523590327,0.));
#2107 = ADVANCED_FACE('',(#2108),#2133,.F.);
#2108 = FACE_BOUND('',#2109,.F.);
#2109 = EDGE_LOOP('',(#2110,#2118,#2126,#2132));
#2110 = ORIENTED_EDGE('',*,*,#2111,.F.);
#2111 = EDGE_CURVE('',#2112,#2081,#2114,.T.);
#2112 = VERTEX_POINT('',#2113);
#2113 = CARTESIAN_POINT('',(54.825000762939,-51.04163360595,3.));
#2114 = LINE('',#2115,#2116);
#2115 = CARTESIAN_POINT('',(54.825000762939,-51.04163360595,3.));
#2116 = VECTOR('',#2117,1.);
#2117 = DIRECTION('',(-0.923880219239,0.382681774453,0.));
#2118 = ORIENTED_EDGE('',*,*,#2119,.T.);
#2119 = EDGE_CURVE('',#2112,#2120,#2122,.T.);
#2120 = VERTEX_POINT('',#2121);
#2121 = CARTESIAN_POINT('',(54.825000762939,-51.04163360595,0.));
#2122 = LINE('',#2123,#2124);
#2123 = CARTESIAN_POINT('',(54.825000762939,-51.04163360595,3.));
#2124 = VECTOR('',#2125,1.);
#2125 = DIRECTION('',(0.,0.,-1.));
#2126 = ORIENTED_EDGE('',*,*,#2127,.F.);
#2127 = EDGE_CURVE('',#2089,#2120,#2128,.T.);
#2128 = LINE('',#2129,#2130);
#2129 = CARTESIAN_POINT('',(54.209987640381,-50.78688812255,0.));
#2130 = VECTOR('',#2131,1.);
#2131 = DIRECTION('',(0.923880219239,-0.382681774453,0.));
#2132 = ORIENTED_EDGE('',*,*,#2088,.T.);
#2133 = PLANE('',#2134);
#2134 = AXIS2_PLACEMENT_3D('',#2135,#2136,#2137);
#2135 = CARTESIAN_POINT('',(54.51749420166,-50.91426086425,1.5));
#2136 = DIRECTION('',(0.382681774453,0.923880219239,0.));
#2137 = DIRECTION('',(0.923880219239,-0.382681774453,0.));
#2138 = ADVANCED_FACE('',(#2139),#2164,.F.);
#2139 = FACE_BOUND('',#2140,.F.);
#2140 = EDGE_LOOP('',(#2141,#2142,#2150,#2158));
#2141 = ORIENTED_EDGE('',*,*,#2119,.F.);
#2142 = ORIENTED_EDGE('',*,*,#2143,.F.);
#2143 = EDGE_CURVE('',#2144,#2112,#2146,.T.);
#2144 = VERTEX_POINT('',#2145);
#2145 = CARTESIAN_POINT('',(55.353122711182,-51.44687652587,3.));
#2146 = LINE('',#2147,#2148);
#2147 = CARTESIAN_POINT('',(55.353122711182,-51.44687652587,3.));
#2148 = VECTOR('',#2149,1.);
#2149 = DIRECTION('',(-0.793352835267,0.608762087169,0.));
#2150 = ORIENTED_EDGE('',*,*,#2151,.F.);
#2151 = EDGE_CURVE('',#2152,#2144,#2154,.T.);
#2152 = VERTEX_POINT('',#2153);
#2153 = CARTESIAN_POINT('',(55.353122711182,-51.44687652587,0.));
#2154 = LINE('',#2155,#2156);
#2155 = CARTESIAN_POINT('',(55.353122711182,-51.44687652587,0.));
#2156 = VECTOR('',#2157,1.);
#2157 = DIRECTION('',(0.,0.,1.));
#2158 = ORIENTED_EDGE('',*,*,#2159,.F.);
#2159 = EDGE_CURVE('',#2120,#2152,#2160,.T.);
#2160 = LINE('',#2161,#2162);
#2161 = CARTESIAN_POINT('',(54.825000762939,-51.04163360595,0.));
#2162 = VECTOR('',#2163,1.);
#2163 = DIRECTION('',(0.793352835267,-0.608762087169,0.));
#2164 = PLANE('',#2165);
#2165 = AXIS2_PLACEMENT_3D('',#2166,#2167,#2168);
#2166 = CARTESIAN_POINT('',(55.089061737061,-51.24425506591,1.5));
#2167 = DIRECTION('',(0.608762087169,0.793352835267,0.));
#2168 = DIRECTION('',(0.793352835267,-0.608762087169,0.));
#2169 = ADVANCED_FACE('',(#2170),#2195,.F.);
#2170 = FACE_BOUND('',#2171,.F.);
#2171 = EDGE_LOOP('',(#2172,#2180,#2188,#2194));
#2172 = ORIENTED_EDGE('',*,*,#2173,.F.);
#2173 = EDGE_CURVE('',#2174,#2144,#2176,.T.);
#2174 = VERTEX_POINT('',#2175);
#2175 = CARTESIAN_POINT('',(55.758365631104,-51.97499847412,3.));
#2176 = LINE('',#2177,#2178);
#2177 = CARTESIAN_POINT('',(55.758365631104,-51.97499847412,3.));
#2178 = VECTOR('',#2179,1.);
#2179 = DIRECTION('',(-0.608762087169,0.793352835267,0.));
#2180 = ORIENTED_EDGE('',*,*,#2181,.F.);
#2181 = EDGE_CURVE('',#2182,#2174,#2184,.T.);
#2182 = VERTEX_POINT('',#2183);
#2183 = CARTESIAN_POINT('',(55.758365631104,-51.97499847412,0.));
#2184 = LINE('',#2185,#2186);
#2185 = CARTESIAN_POINT('',(55.758365631104,-51.97499847412,0.));
#2186 = VECTOR('',#2187,1.);
#2187 = DIRECTION('',(0.,0.,1.));
#2188 = ORIENTED_EDGE('',*,*,#2189,.F.);
#2189 = EDGE_CURVE('',#2152,#2182,#2190,.T.);
#2190 = LINE('',#2191,#2192);
#2191 = CARTESIAN_POINT('',(55.353122711182,-51.44687652587,0.));
#2192 = VECTOR('',#2193,1.);
#2193 = DIRECTION('',(0.608762087169,-0.793352835267,0.));
#2194 = ORIENTED_EDGE('',*,*,#2151,.T.);
#2195 = PLANE('',#2196);
#2196 = AXIS2_PLACEMENT_3D('',#2197,#2198,#2199);
#2197 = CARTESIAN_POINT('',(55.555744171143,-51.7109375,1.5));
#2198 = DIRECTION('',(0.793352835267,0.608762087169,0.));
#2199 = DIRECTION('',(-0.608762087169,0.793352835267,0.));
#2200 = ADVANCED_FACE('',(#2201),#2226,.F.);
#2201 = FACE_BOUND('',#2202,.F.);
#2202 = EDGE_LOOP('',(#2203,#2211,#2219,#2225));
#2203 = ORIENTED_EDGE('',*,*,#2204,.F.);
#2204 = EDGE_CURVE('',#2205,#2174,#2207,.T.);
#2205 = VERTEX_POINT('',#2206);
#2206 = CARTESIAN_POINT('',(56.013111114502,-52.59001159668,3.));
#2207 = LINE('',#2208,#2209);
#2208 = CARTESIAN_POINT('',(56.013111114502,-52.59001159668,3.));
#2209 = VECTOR('',#2210,1.);
#2210 = DIRECTION('',(-0.382681774453,0.923880219239,0.));
#2211 = ORIENTED_EDGE('',*,*,#2212,.F.);
#2212 = EDGE_CURVE('',#2213,#2205,#2215,.T.);
#2213 = VERTEX_POINT('',#2214);
#2214 = CARTESIAN_POINT('',(56.013111114502,-52.59001159668,0.));
#2215 = LINE('',#2216,#2217);
#2216 = CARTESIAN_POINT('',(56.013111114502,-52.59001159668,0.));
#2217 = VECTOR('',#2218,1.);
#2218 = DIRECTION('',(0.,0.,1.));
#2219 = ORIENTED_EDGE('',*,*,#2220,.F.);
#2220 = EDGE_CURVE('',#2182,#2213,#2221,.T.);
#2221 = LINE('',#2222,#2223);
#2222 = CARTESIAN_POINT('',(55.758365631104,-51.97499847412,0.));
#2223 = VECTOR('',#2224,1.);
#2224 = DIRECTION('',(0.382681774453,-0.923880219239,0.));
#2225 = ORIENTED_EDGE('',*,*,#2181,.T.);
#2226 = PLANE('',#2227);
#2227 = AXIS2_PLACEMENT_3D('',#2228,#2229,#2230);
#2228 = CARTESIAN_POINT('',(55.885738372803,-52.2825050354,1.5));
#2229 = DIRECTION('',(0.923880219239,0.382681774453,0.));
#2230 = DIRECTION('',(-0.382681774453,0.923880219239,0.));
#2231 = ADVANCED_FACE('',(#2232),#2248,.F.);
#2232 = FACE_BOUND('',#2233,.F.);
#2233 = EDGE_LOOP('',(#2234,#2240,#2241,#2247));
#2234 = ORIENTED_EDGE('',*,*,#2235,.F.);
#2235 = EDGE_CURVE('',#2213,#1514,#2236,.T.);
#2236 = LINE('',#2237,#2238);
#2237 = CARTESIAN_POINT('',(56.013111114502,-52.59001159668,0.));
#2238 = VECTOR('',#2239,1.);
#2239 = DIRECTION('',(0.130523590327,-0.991445203916,0.));
#2240 = ORIENTED_EDGE('',*,*,#2212,.T.);
#2241 = ORIENTED_EDGE('',*,*,#2242,.F.);
#2242 = EDGE_CURVE('',#1524,#2205,#2243,.T.);
#2243 = LINE('',#2244,#2245);
#2244 = CARTESIAN_POINT('',(56.099998474121,-53.25,3.));
#2245 = VECTOR('',#2246,1.);
#2246 = DIRECTION('',(-0.130523590327,0.991445203916,0.));
#2247 = ORIENTED_EDGE('',*,*,#1523,.T.);
#2248 = PLANE('',#2249);
#2249 = AXIS2_PLACEMENT_3D('',#2250,#2251,#2252);
#2250 = CARTESIAN_POINT('',(56.056554794312,-52.92000579834,1.5));
#2251 = DIRECTION('',(0.991445203916,0.130523590327,0.));
#2252 = DIRECTION('',(-0.130523590327,0.991445203916,0.));
#2253 = ORIENTED_CLOSED_SHELL('',*,#2254,.F.);
#2254 = CLOSED_SHELL('',(#2255,#2295,#2326,#2357,#2388,#2419,#2450,#2481
    ,#2512,#2543,#2574,#2605,#2636,#2667,#2698,#2729,#2760,#2791,#2822,
    #2853,#2884,#2915,#2946,#2977));
#2255 = ADVANCED_FACE('',(#2256),#2290,.F.);
#2256 = FACE_BOUND('',#2257,.F.);
#2257 = EDGE_LOOP('',(#2258,#2268,#2276,#2284));
#2258 = ORIENTED_EDGE('',*,*,#2259,.F.);
#2259 = EDGE_CURVE('',#2260,#2262,#2264,.T.);
#2260 = VERTEX_POINT('',#2261);
#2261 = CARTESIAN_POINT('',(56.099998474121,-6.150000095367,0.));
#2262 = VERTEX_POINT('',#2263);
#2263 = CARTESIAN_POINT('',(56.013111114502,-6.809988498688,0.));
#2264 = LINE('',#2265,#2266);
#2265 = CARTESIAN_POINT('',(56.099998474121,-6.150000095367,0.));
#2266 = VECTOR('',#2267,1.);
#2267 = DIRECTION('',(-0.130523590327,-0.991445203916,0.));
#2268 = ORIENTED_EDGE('',*,*,#2269,.F.);
#2269 = EDGE_CURVE('',#2270,#2260,#2272,.T.);
#2270 = VERTEX_POINT('',#2271);
#2271 = CARTESIAN_POINT('',(56.099998474121,-6.150000095367,3.));
#2272 = LINE('',#2273,#2274);
#2273 = CARTESIAN_POINT('',(56.099998474121,-6.150000095367,3.));
#2274 = VECTOR('',#2275,1.);
#2275 = DIRECTION('',(0.,0.,-1.));
#2276 = ORIENTED_EDGE('',*,*,#2277,.F.);
#2277 = EDGE_CURVE('',#2278,#2270,#2280,.T.);
#2278 = VERTEX_POINT('',#2279);
#2279 = CARTESIAN_POINT('',(56.013111114502,-6.809988498688,3.));
#2280 = LINE('',#2281,#2282);
#2281 = CARTESIAN_POINT('',(56.013111114502,-6.809988498688,3.));
#2282 = VECTOR('',#2283,1.);
#2283 = DIRECTION('',(0.130523590327,0.991445203916,0.));
#2284 = ORIENTED_EDGE('',*,*,#2285,.F.);
#2285 = EDGE_CURVE('',#2262,#2278,#2286,.T.);
#2286 = LINE('',#2287,#2288);
#2287 = CARTESIAN_POINT('',(56.013111114502,-6.809988498688,0.));
#2288 = VECTOR('',#2289,1.);
#2289 = DIRECTION('',(0.,0.,1.));
#2290 = PLANE('',#2291);
#2291 = AXIS2_PLACEMENT_3D('',#2292,#2293,#2294);
#2292 = CARTESIAN_POINT('',(56.056554794312,-6.479994297028,1.5));
#2293 = DIRECTION('',(0.991445203916,-0.130523590327,0.));
#2294 = DIRECTION('',(0.130523590327,0.991445203916,0.));
#2295 = ADVANCED_FACE('',(#2296),#2321,.F.);
#2296 = FACE_BOUND('',#2297,.F.);
#2297 = EDGE_LOOP('',(#2298,#2306,#2314,#2320));
#2298 = ORIENTED_EDGE('',*,*,#2299,.F.);
#2299 = EDGE_CURVE('',#2300,#2278,#2302,.T.);
#2300 = VERTEX_POINT('',#2301);
#2301 = CARTESIAN_POINT('',(55.758365631104,-7.425000190735,3.));
#2302 = LINE('',#2303,#2304);
#2303 = CARTESIAN_POINT('',(55.758365631104,-7.425000190735,3.));
#2304 = VECTOR('',#2305,1.);
#2305 = DIRECTION('',(0.382682534213,0.923879904537,0.));
#2306 = ORIENTED_EDGE('',*,*,#2307,.F.);
#2307 = EDGE_CURVE('',#2308,#2300,#2310,.T.);
#2308 = VERTEX_POINT('',#2309);
#2309 = CARTESIAN_POINT('',(55.758365631104,-7.425000190735,0.));
#2310 = LINE('',#2311,#2312);
#2311 = CARTESIAN_POINT('',(55.758365631104,-7.425000190735,0.));
#2312 = VECTOR('',#2313,1.);
#2313 = DIRECTION('',(0.,0.,1.));
#2314 = ORIENTED_EDGE('',*,*,#2315,.F.);
#2315 = EDGE_CURVE('',#2262,#2308,#2316,.T.);
#2316 = LINE('',#2317,#2318);
#2317 = CARTESIAN_POINT('',(56.013111114502,-6.809988498688,0.));
#2318 = VECTOR('',#2319,1.);
#2319 = DIRECTION('',(-0.382682534213,-0.923879904537,0.));
#2320 = ORIENTED_EDGE('',*,*,#2285,.T.);
#2321 = PLANE('',#2322);
#2322 = AXIS2_PLACEMENT_3D('',#2323,#2324,#2325);
#2323 = CARTESIAN_POINT('',(55.885738372803,-7.117494344711,1.5));
#2324 = DIRECTION('',(0.923879904537,-0.382682534213,0.));
#2325 = DIRECTION('',(0.382682534213,0.923879904537,0.));
#2326 = ADVANCED_FACE('',(#2327),#2352,.F.);
#2327 = FACE_BOUND('',#2328,.F.);
#2328 = EDGE_LOOP('',(#2329,#2337,#2345,#2351));
#2329 = ORIENTED_EDGE('',*,*,#2330,.F.);
#2330 = EDGE_CURVE('',#2331,#2300,#2333,.T.);
#2331 = VERTEX_POINT('',#2332);
#2332 = CARTESIAN_POINT('',(55.353122711182,-7.953122138977,3.));
#2333 = LINE('',#2334,#2335);
#2334 = CARTESIAN_POINT('',(55.353122711182,-7.953122138977,3.));
#2335 = VECTOR('',#2336,1.);
#2336 = DIRECTION('',(0.608762087169,0.793352835267,0.));
#2337 = ORIENTED_EDGE('',*,*,#2338,.F.);
#2338 = EDGE_CURVE('',#2339,#2331,#2341,.T.);
#2339 = VERTEX_POINT('',#2340);
#2340 = CARTESIAN_POINT('',(55.353122711182,-7.953122138977,0.));
#2341 = LINE('',#2342,#2343);
#2342 = CARTESIAN_POINT('',(55.353122711182,-7.953122138977,0.));
#2343 = VECTOR('',#2344,1.);
#2344 = DIRECTION('',(0.,0.,1.));
#2345 = ORIENTED_EDGE('',*,*,#2346,.F.);
#2346 = EDGE_CURVE('',#2308,#2339,#2347,.T.);
#2347 = LINE('',#2348,#2349);
#2348 = CARTESIAN_POINT('',(55.758365631104,-7.425000190735,0.));
#2349 = VECTOR('',#2350,1.);
#2350 = DIRECTION('',(-0.608762087169,-0.793352835267,0.));
#2351 = ORIENTED_EDGE('',*,*,#2307,.T.);
#2352 = PLANE('',#2353);
#2353 = AXIS2_PLACEMENT_3D('',#2354,#2355,#2356);
#2354 = CARTESIAN_POINT('',(55.555744171143,-7.689061164856,1.5));
#2355 = DIRECTION('',(0.793352835267,-0.608762087169,0.));
#2356 = DIRECTION('',(0.608762087169,0.793352835267,0.));
#2357 = ADVANCED_FACE('',(#2358),#2383,.F.);
#2358 = FACE_BOUND('',#2359,.F.);
#2359 = EDGE_LOOP('',(#2360,#2368,#2376,#2382));
#2360 = ORIENTED_EDGE('',*,*,#2361,.F.);
#2361 = EDGE_CURVE('',#2362,#2331,#2364,.T.);
#2362 = VERTEX_POINT('',#2363);
#2363 = CARTESIAN_POINT('',(54.825000762939,-8.358365058899,3.));
#2364 = LINE('',#2365,#2366);
#2365 = CARTESIAN_POINT('',(54.825000762939,-8.358365058899,3.));
#2366 = VECTOR('',#2367,1.);
#2367 = DIRECTION('',(0.793352835267,0.608762087169,0.));
#2368 = ORIENTED_EDGE('',*,*,#2369,.F.);
#2369 = EDGE_CURVE('',#2370,#2362,#2372,.T.);
#2370 = VERTEX_POINT('',#2371);
#2371 = CARTESIAN_POINT('',(54.825000762939,-8.358365058899,0.));
#2372 = LINE('',#2373,#2374);
#2373 = CARTESIAN_POINT('',(54.825000762939,-8.358365058899,0.));
#2374 = VECTOR('',#2375,1.);
#2375 = DIRECTION('',(0.,0.,1.));
#2376 = ORIENTED_EDGE('',*,*,#2377,.F.);
#2377 = EDGE_CURVE('',#2339,#2370,#2378,.T.);
#2378 = LINE('',#2379,#2380);
#2379 = CARTESIAN_POINT('',(55.353122711182,-7.953122138977,0.));
#2380 = VECTOR('',#2381,1.);
#2381 = DIRECTION('',(-0.793352835267,-0.608762087169,0.));
#2382 = ORIENTED_EDGE('',*,*,#2338,.T.);
#2383 = PLANE('',#2384);
#2384 = AXIS2_PLACEMENT_3D('',#2385,#2386,#2387);
#2385 = CARTESIAN_POINT('',(55.089061737061,-8.155743598938,1.5));
#2386 = DIRECTION('',(0.608762087169,-0.793352835267,0.));
#2387 = DIRECTION('',(-0.793352835267,-0.608762087169,0.));
#2388 = ADVANCED_FACE('',(#2389),#2414,.F.);
#2389 = FACE_BOUND('',#2390,.F.);
#2390 = EDGE_LOOP('',(#2391,#2399,#2407,#2413));
#2391 = ORIENTED_EDGE('',*,*,#2392,.F.);
#2392 = EDGE_CURVE('',#2393,#2362,#2395,.T.);
#2393 = VERTEX_POINT('',#2394);
#2394 = CARTESIAN_POINT('',(54.209987640381,-8.613110542297,3.));
#2395 = LINE('',#2396,#2397);
#2396 = CARTESIAN_POINT('',(54.209987640381,-8.613110542297,3.));
#2397 = VECTOR('',#2398,1.);
#2398 = DIRECTION('',(0.923880219239,0.382681774453,0.));
#2399 = ORIENTED_EDGE('',*,*,#2400,.F.);
#2400 = EDGE_CURVE('',#2401,#2393,#2403,.T.);
#2401 = VERTEX_POINT('',#2402);
#2402 = CARTESIAN_POINT('',(54.209987640381,-8.613110542297,0.));
#2403 = LINE('',#2404,#2405);
#2404 = CARTESIAN_POINT('',(54.209987640381,-8.613110542297,0.));
#2405 = VECTOR('',#2406,1.);
#2406 = DIRECTION('',(0.,0.,1.));
#2407 = ORIENTED_EDGE('',*,*,#2408,.F.);
#2408 = EDGE_CURVE('',#2370,#2401,#2409,.T.);
#2409 = LINE('',#2410,#2411);
#2410 = CARTESIAN_POINT('',(54.825000762939,-8.358365058899,0.));
#2411 = VECTOR('',#2412,1.);
#2412 = DIRECTION('',(-0.923880219239,-0.382681774453,0.));
#2413 = ORIENTED_EDGE('',*,*,#2369,.T.);
#2414 = PLANE('',#2415);
#2415 = AXIS2_PLACEMENT_3D('',#2416,#2417,#2418);
#2416 = CARTESIAN_POINT('',(54.51749420166,-8.485737800598,1.5));
#2417 = DIRECTION('',(0.382681774453,-0.923880219239,0.));
#2418 = DIRECTION('',(-0.923880219239,-0.382681774453,0.));
#2419 = ADVANCED_FACE('',(#2420),#2445,.F.);
#2420 = FACE_BOUND('',#2421,.F.);
#2421 = EDGE_LOOP('',(#2422,#2430,#2438,#2444));
#2422 = ORIENTED_EDGE('',*,*,#2423,.F.);
#2423 = EDGE_CURVE('',#2424,#2393,#2426,.T.);
#2424 = VERTEX_POINT('',#2425);
#2425 = CARTESIAN_POINT('',(53.549999237061,-8.699999809265,3.));
#2426 = LINE('',#2427,#2428);
#2427 = CARTESIAN_POINT('',(53.549999237061,-8.699999809265,3.));
#2428 = VECTOR('',#2429,1.);
#2429 = DIRECTION('',(0.991444833129,0.130526406761,0.));
#2430 = ORIENTED_EDGE('',*,*,#2431,.F.);
#2431 = EDGE_CURVE('',#2432,#2424,#2434,.T.);
#2432 = VERTEX_POINT('',#2433);
#2433 = CARTESIAN_POINT('',(53.549999237061,-8.699999809265,0.));
#2434 = LINE('',#2435,#2436);
#2435 = CARTESIAN_POINT('',(53.549999237061,-8.699999809265,0.));
#2436 = VECTOR('',#2437,1.);
#2437 = DIRECTION('',(0.,0.,1.));
#2438 = ORIENTED_EDGE('',*,*,#2439,.F.);
#2439 = EDGE_CURVE('',#2401,#2432,#2440,.T.);
#2440 = LINE('',#2441,#2442);
#2441 = CARTESIAN_POINT('',(54.209987640381,-8.613110542297,0.));
#2442 = VECTOR('',#2443,1.);
#2443 = DIRECTION('',(-0.991444833129,-0.130526406761,0.));
#2444 = ORIENTED_EDGE('',*,*,#2400,.T.);
#2445 = PLANE('',#2446);
#2446 = AXIS2_PLACEMENT_3D('',#2447,#2448,#2449);
#2447 = CARTESIAN_POINT('',(53.879993438721,-8.656555175781,1.5));
#2448 = DIRECTION('',(0.130526406761,-0.991444833129,0.));
#2449 = DIRECTION('',(-0.991444833129,-0.130526406761,0.));
#2450 = ADVANCED_FACE('',(#2451),#2476,.F.);
#2451 = FACE_BOUND('',#2452,.F.);
#2452 = EDGE_LOOP('',(#2453,#2461,#2469,#2475));
#2453 = ORIENTED_EDGE('',*,*,#2454,.F.);
#2454 = EDGE_CURVE('',#2455,#2424,#2457,.T.);
#2455 = VERTEX_POINT('',#2456);
#2456 = CARTESIAN_POINT('',(52.89001083374,-8.613110542297,3.));
#2457 = LINE('',#2458,#2459);
#2458 = CARTESIAN_POINT('',(52.89001083374,-8.613110542297,3.));
#2459 = VECTOR('',#2460,1.);
#2460 = DIRECTION('',(0.991444833129,-0.130526406761,0.));
#2461 = ORIENTED_EDGE('',*,*,#2462,.T.);
#2462 = EDGE_CURVE('',#2455,#2463,#2465,.T.);
#2463 = VERTEX_POINT('',#2464);
#2464 = CARTESIAN_POINT('',(52.89001083374,-8.613110542297,0.));
#2465 = LINE('',#2466,#2467);
#2466 = CARTESIAN_POINT('',(52.89001083374,-8.613110542297,3.));
#2467 = VECTOR('',#2468,1.);
#2468 = DIRECTION('',(0.,0.,-1.));
#2469 = ORIENTED_EDGE('',*,*,#2470,.F.);
#2470 = EDGE_CURVE('',#2432,#2463,#2471,.T.);
#2471 = LINE('',#2472,#2473);
#2472 = CARTESIAN_POINT('',(53.549999237061,-8.699999809265,0.));
#2473 = VECTOR('',#2474,1.);
#2474 = DIRECTION('',(-0.991444833129,0.130526406761,0.));
#2475 = ORIENTED_EDGE('',*,*,#2431,.T.);
#2476 = PLANE('',#2477);
#2477 = AXIS2_PLACEMENT_3D('',#2478,#2479,#2480);
#2478 = CARTESIAN_POINT('',(53.2200050354,-8.656555175781,1.5));
#2479 = DIRECTION('',(-0.130526406761,-0.991444833129,-0.));
#2480 = DIRECTION('',(-0.991444833129,0.130526406761,0.));
#2481 = ADVANCED_FACE('',(#2482),#2507,.F.);
#2482 = FACE_BOUND('',#2483,.F.);
#2483 = EDGE_LOOP('',(#2484,#2485,#2493,#2501));
#2484 = ORIENTED_EDGE('',*,*,#2462,.F.);
#2485 = ORIENTED_EDGE('',*,*,#2486,.F.);
#2486 = EDGE_CURVE('',#2487,#2455,#2489,.T.);
#2487 = VERTEX_POINT('',#2488);
#2488 = CARTESIAN_POINT('',(52.275001525879,-8.358365058899,3.));
#2489 = LINE('',#2490,#2491);
#2490 = CARTESIAN_POINT('',(52.275001525879,-8.358365058899,3.));
#2491 = VECTOR('',#2492,1.);
#2492 = DIRECTION('',(0.92387938003,-0.382683800488,0.));
#2493 = ORIENTED_EDGE('',*,*,#2494,.F.);
#2494 = EDGE_CURVE('',#2495,#2487,#2497,.T.);
#2495 = VERTEX_POINT('',#2496);
#2496 = CARTESIAN_POINT('',(52.275001525879,-8.358365058899,0.));
#2497 = LINE('',#2498,#2499);
#2498 = CARTESIAN_POINT('',(52.275001525879,-8.358365058899,0.));
#2499 = VECTOR('',#2500,1.);
#2500 = DIRECTION('',(0.,0.,1.));
#2501 = ORIENTED_EDGE('',*,*,#2502,.F.);
#2502 = EDGE_CURVE('',#2463,#2495,#2503,.T.);
#2503 = LINE('',#2504,#2505);
#2504 = CARTESIAN_POINT('',(52.89001083374,-8.613110542297,0.));
#2505 = VECTOR('',#2506,1.);
#2506 = DIRECTION('',(-0.92387938003,0.382683800488,0.));
#2507 = PLANE('',#2508);
#2508 = AXIS2_PLACEMENT_3D('',#2509,#2510,#2511);
#2509 = CARTESIAN_POINT('',(52.58250617981,-8.485737800598,1.5));
#2510 = DIRECTION('',(-0.382683800488,-0.92387938003,-0.));
#2511 = DIRECTION('',(-0.92387938003,0.382683800488,0.));
#2512 = ADVANCED_FACE('',(#2513),#2538,.F.);
#2513 = FACE_BOUND('',#2514,.F.);
#2514 = EDGE_LOOP('',(#2515,#2523,#2531,#2537));
#2515 = ORIENTED_EDGE('',*,*,#2516,.F.);
#2516 = EDGE_CURVE('',#2517,#2487,#2519,.T.);
#2517 = VERTEX_POINT('',#2518);
#2518 = CARTESIAN_POINT('',(51.746879577637,-7.953122138977,3.));
#2519 = LINE('',#2520,#2521);
#2520 = CARTESIAN_POINT('',(51.746879577637,-7.953122138977,3.));
#2521 = VECTOR('',#2522,1.);
#2522 = DIRECTION('',(0.793352835267,-0.608762087169,0.));
#2523 = ORIENTED_EDGE('',*,*,#2524,.F.);
#2524 = EDGE_CURVE('',#2525,#2517,#2527,.T.);
#2525 = VERTEX_POINT('',#2526);
#2526 = CARTESIAN_POINT('',(51.746879577637,-7.953122138977,0.));
#2527 = LINE('',#2528,#2529);
#2528 = CARTESIAN_POINT('',(51.746879577637,-7.953122138977,0.));
#2529 = VECTOR('',#2530,1.);
#2530 = DIRECTION('',(0.,0.,1.));
#2531 = ORIENTED_EDGE('',*,*,#2532,.F.);
#2532 = EDGE_CURVE('',#2495,#2525,#2533,.T.);
#2533 = LINE('',#2534,#2535);
#2534 = CARTESIAN_POINT('',(52.275001525879,-8.358365058899,0.));
#2535 = VECTOR('',#2536,1.);
#2536 = DIRECTION('',(-0.793352835267,0.608762087169,0.));
#2537 = ORIENTED_EDGE('',*,*,#2494,.T.);
#2538 = PLANE('',#2539);
#2539 = AXIS2_PLACEMENT_3D('',#2540,#2541,#2542);
#2540 = CARTESIAN_POINT('',(52.010940551758,-8.155743598938,1.5));
#2541 = DIRECTION('',(-0.608762087169,-0.793352835267,-0.));
#2542 = DIRECTION('',(-0.793352835267,0.608762087169,0.));
#2543 = ADVANCED_FACE('',(#2544),#2569,.F.);
#2544 = FACE_BOUND('',#2545,.F.);
#2545 = EDGE_LOOP('',(#2546,#2554,#2562,#2568));
#2546 = ORIENTED_EDGE('',*,*,#2547,.F.);
#2547 = EDGE_CURVE('',#2548,#2517,#2550,.T.);
#2548 = VERTEX_POINT('',#2549);
#2549 = CARTESIAN_POINT('',(51.341636657715,-7.425000190735,3.));
#2550 = LINE('',#2551,#2552);
#2551 = CARTESIAN_POINT('',(51.341636657715,-7.425000190735,3.));
#2552 = VECTOR('',#2553,1.);
#2553 = DIRECTION('',(0.608762087169,-0.793352835267,0.));
#2554 = ORIENTED_EDGE('',*,*,#2555,.F.);
#2555 = EDGE_CURVE('',#2556,#2548,#2558,.T.);
#2556 = VERTEX_POINT('',#2557);
#2557 = CARTESIAN_POINT('',(51.341636657715,-7.425000190735,0.));
#2558 = LINE('',#2559,#2560);
#2559 = CARTESIAN_POINT('',(51.341636657715,-7.425000190735,0.));
#2560 = VECTOR('',#2561,1.);
#2561 = DIRECTION('',(0.,0.,1.));
#2562 = ORIENTED_EDGE('',*,*,#2563,.F.);
#2563 = EDGE_CURVE('',#2525,#2556,#2564,.T.);
#2564 = LINE('',#2565,#2566);
#2565 = CARTESIAN_POINT('',(51.746879577637,-7.953122138977,0.));
#2566 = VECTOR('',#2567,1.);
#2567 = DIRECTION('',(-0.608762087169,0.793352835267,0.));
#2568 = ORIENTED_EDGE('',*,*,#2524,.T.);
#2569 = PLANE('',#2570);
#2570 = AXIS2_PLACEMENT_3D('',#2571,#2572,#2573);
#2571 = CARTESIAN_POINT('',(51.544258117676,-7.689061164856,1.5));
#2572 = DIRECTION('',(-0.793352835267,-0.608762087169,-0.));
#2573 = DIRECTION('',(0.608762087169,-0.793352835267,0.));
#2574 = ADVANCED_FACE('',(#2575),#2600,.F.);
#2575 = FACE_BOUND('',#2576,.F.);
#2576 = EDGE_LOOP('',(#2577,#2585,#2593,#2599));
#2577 = ORIENTED_EDGE('',*,*,#2578,.F.);
#2578 = EDGE_CURVE('',#2579,#2548,#2581,.T.);
#2579 = VERTEX_POINT('',#2580);
#2580 = CARTESIAN_POINT('',(51.086887359619,-6.809988498688,3.));
#2581 = LINE('',#2582,#2583);
#2582 = CARTESIAN_POINT('',(51.086887359619,-6.809988498688,3.));
#2583 = VECTOR('',#2584,1.);
#2584 = DIRECTION('',(0.382687425486,-0.923877878496,0.));
#2585 = ORIENTED_EDGE('',*,*,#2586,.F.);
#2586 = EDGE_CURVE('',#2587,#2579,#2589,.T.);
#2587 = VERTEX_POINT('',#2588);
#2588 = CARTESIAN_POINT('',(51.086887359619,-6.809988498688,0.));
#2589 = LINE('',#2590,#2591);
#2590 = CARTESIAN_POINT('',(51.086887359619,-6.809988498688,0.));
#2591 = VECTOR('',#2592,1.);
#2592 = DIRECTION('',(0.,0.,1.));
#2593 = ORIENTED_EDGE('',*,*,#2594,.F.);
#2594 = EDGE_CURVE('',#2556,#2587,#2595,.T.);
#2595 = LINE('',#2596,#2597);
#2596 = CARTESIAN_POINT('',(51.341636657715,-7.425000190735,0.));
#2597 = VECTOR('',#2598,1.);
#2598 = DIRECTION('',(-0.382687425486,0.923877878496,0.));
#2599 = ORIENTED_EDGE('',*,*,#2555,.T.);
#2600 = PLANE('',#2601);
#2601 = AXIS2_PLACEMENT_3D('',#2602,#2603,#2604);
#2602 = CARTESIAN_POINT('',(51.214262008667,-7.117494344711,1.5));
#2603 = DIRECTION('',(-0.923877878496,-0.382687425486,-0.));
#2604 = DIRECTION('',(0.382687425486,-0.923877878496,0.));
#2605 = ADVANCED_FACE('',(#2606),#2631,.F.);
#2606 = FACE_BOUND('',#2607,.F.);
#2607 = EDGE_LOOP('',(#2608,#2616,#2624,#2630));
#2608 = ORIENTED_EDGE('',*,*,#2609,.F.);
#2609 = EDGE_CURVE('',#2610,#2579,#2612,.T.);
#2610 = VERTEX_POINT('',#2611);
#2611 = CARTESIAN_POINT('',(51.,-6.150000095367,3.));
#2612 = LINE('',#2613,#2614);
#2613 = CARTESIAN_POINT('',(51.,-6.150000095367,3.));
#2614 = VECTOR('',#2615,1.);
#2615 = DIRECTION('',(0.130523590327,-0.991445203916,0.));
#2616 = ORIENTED_EDGE('',*,*,#2617,.F.);
#2617 = EDGE_CURVE('',#2618,#2610,#2620,.T.);
#2618 = VERTEX_POINT('',#2619);
#2619 = CARTESIAN_POINT('',(51.,-6.150000095367,0.));
#2620 = LINE('',#2621,#2622);
#2621 = CARTESIAN_POINT('',(51.,-6.150000095367,0.));
#2622 = VECTOR('',#2623,1.);
#2623 = DIRECTION('',(0.,0.,1.));
#2624 = ORIENTED_EDGE('',*,*,#2625,.F.);
#2625 = EDGE_CURVE('',#2587,#2618,#2626,.T.);
#2626 = LINE('',#2627,#2628);
#2627 = CARTESIAN_POINT('',(51.086887359619,-6.809988498688,0.));
#2628 = VECTOR('',#2629,1.);
#2629 = DIRECTION('',(-0.130523590327,0.991445203916,0.));
#2630 = ORIENTED_EDGE('',*,*,#2586,.T.);
#2631 = PLANE('',#2632);
#2632 = AXIS2_PLACEMENT_3D('',#2633,#2634,#2635);
#2633 = CARTESIAN_POINT('',(51.04344367981,-6.479994297028,1.5));
#2634 = DIRECTION('',(-0.991445203916,-0.130523590327,-0.));
#2635 = DIRECTION('',(0.130523590327,-0.991445203916,0.));
#2636 = ADVANCED_FACE('',(#2637),#2662,.F.);
#2637 = FACE_BOUND('',#2638,.F.);
#2638 = EDGE_LOOP('',(#2639,#2647,#2655,#2661));
#2639 = ORIENTED_EDGE('',*,*,#2640,.F.);
#2640 = EDGE_CURVE('',#2641,#2610,#2643,.T.);
#2641 = VERTEX_POINT('',#2642);
#2642 = CARTESIAN_POINT('',(51.086887359619,-5.49001121521,3.));
#2643 = LINE('',#2644,#2645);
#2644 = CARTESIAN_POINT('',(51.086887359619,-5.49001121521,3.));
#2645 = VECTOR('',#2646,1.);
#2646 = DIRECTION('',(-0.130523497631,-0.991445216119,0.));
#2647 = ORIENTED_EDGE('',*,*,#2648,.F.);
#2648 = EDGE_CURVE('',#2649,#2641,#2651,.T.);
#2649 = VERTEX_POINT('',#2650);
#2650 = CARTESIAN_POINT('',(51.086887359619,-5.49001121521,0.));
#2651 = LINE('',#2652,#2653);
#2652 = CARTESIAN_POINT('',(51.086887359619,-5.49001121521,0.));
#2653 = VECTOR('',#2654,1.);
#2654 = DIRECTION('',(0.,0.,1.));
#2655 = ORIENTED_EDGE('',*,*,#2656,.F.);
#2656 = EDGE_CURVE('',#2618,#2649,#2657,.T.);
#2657 = LINE('',#2658,#2659);
#2658 = CARTESIAN_POINT('',(51.,-6.150000095367,0.));
#2659 = VECTOR('',#2660,1.);
#2660 = DIRECTION('',(0.130523497631,0.991445216119,0.));
#2661 = ORIENTED_EDGE('',*,*,#2617,.T.);
#2662 = PLANE('',#2663);
#2663 = AXIS2_PLACEMENT_3D('',#2664,#2665,#2666);
#2664 = CARTESIAN_POINT('',(51.04344367981,-5.820005655289,1.5));
#2665 = DIRECTION('',(-0.991445216119,0.130523497631,0.));
#2666 = DIRECTION('',(-0.130523497631,-0.991445216119,0.));
#2667 = ADVANCED_FACE('',(#2668),#2693,.F.);
#2668 = FACE_BOUND('',#2669,.F.);
#2669 = EDGE_LOOP('',(#2670,#2678,#2686,#2692));
#2670 = ORIENTED_EDGE('',*,*,#2671,.F.);
#2671 = EDGE_CURVE('',#2672,#2641,#2674,.T.);
#2672 = VERTEX_POINT('',#2673);
#2673 = CARTESIAN_POINT('',(51.341636657715,-4.875,3.));
#2674 = LINE('',#2675,#2676);
#2675 = CARTESIAN_POINT('',(51.341636657715,-4.875,3.));
#2676 = VECTOR('',#2677,1.);
#2677 = DIRECTION('',(-0.382687678742,-0.923877773593,0.));
#2678 = ORIENTED_EDGE('',*,*,#2679,.F.);
#2679 = EDGE_CURVE('',#2680,#2672,#2682,.T.);
#2680 = VERTEX_POINT('',#2681);
#2681 = CARTESIAN_POINT('',(51.341636657715,-4.875,0.));
#2682 = LINE('',#2683,#2684);
#2683 = CARTESIAN_POINT('',(51.341636657715,-4.875,0.));
#2684 = VECTOR('',#2685,1.);
#2685 = DIRECTION('',(0.,0.,1.));
#2686 = ORIENTED_EDGE('',*,*,#2687,.F.);
#2687 = EDGE_CURVE('',#2649,#2680,#2688,.T.);
#2688 = LINE('',#2689,#2690);
#2689 = CARTESIAN_POINT('',(51.086887359619,-5.49001121521,0.));
#2690 = VECTOR('',#2691,1.);
#2691 = DIRECTION('',(0.382687678742,0.923877773593,0.));
#2692 = ORIENTED_EDGE('',*,*,#2648,.T.);
#2693 = PLANE('',#2694);
#2694 = AXIS2_PLACEMENT_3D('',#2695,#2696,#2697);
#2695 = CARTESIAN_POINT('',(51.214262008667,-5.182505607605,1.5));
#2696 = DIRECTION('',(-0.923877773593,0.382687678742,0.));
#2697 = DIRECTION('',(-0.382687678742,-0.923877773593,0.));
#2698 = ADVANCED_FACE('',(#2699),#2724,.F.);
#2699 = FACE_BOUND('',#2700,.F.);
#2700 = EDGE_LOOP('',(#2701,#2709,#2717,#2723));
#2701 = ORIENTED_EDGE('',*,*,#2702,.F.);
#2702 = EDGE_CURVE('',#2703,#2672,#2705,.T.);
#2703 = VERTEX_POINT('',#2704);
#2704 = CARTESIAN_POINT('',(51.746879577637,-4.346877574921,3.));
#2705 = LINE('',#2706,#2707);
#2706 = CARTESIAN_POINT('',(51.746879577637,-4.346877574921,3.));
#2707 = VECTOR('',#2708,1.);
#2708 = DIRECTION('',(-0.608761741217,-0.793353100725,0.));
#2709 = ORIENTED_EDGE('',*,*,#2710,.F.);
#2710 = EDGE_CURVE('',#2711,#2703,#2713,.T.);
#2711 = VERTEX_POINT('',#2712);
#2712 = CARTESIAN_POINT('',(51.746879577637,-4.346877574921,0.));
#2713 = LINE('',#2714,#2715);
#2714 = CARTESIAN_POINT('',(51.746879577637,-4.346877574921,0.));
#2715 = VECTOR('',#2716,1.);
#2716 = DIRECTION('',(0.,0.,1.));
#2717 = ORIENTED_EDGE('',*,*,#2718,.F.);
#2718 = EDGE_CURVE('',#2680,#2711,#2719,.T.);
#2719 = LINE('',#2720,#2721);
#2720 = CARTESIAN_POINT('',(51.341636657715,-4.875,0.));
#2721 = VECTOR('',#2722,1.);
#2722 = DIRECTION('',(0.608761741217,0.793353100725,0.));
#2723 = ORIENTED_EDGE('',*,*,#2679,.T.);
#2724 = PLANE('',#2725);
#2725 = AXIS2_PLACEMENT_3D('',#2726,#2727,#2728);
#2726 = CARTESIAN_POINT('',(51.544258117676,-4.61093878746,1.5));
#2727 = DIRECTION('',(-0.793353100725,0.608761741217,0.));
#2728 = DIRECTION('',(-0.608761741217,-0.793353100725,0.));
#2729 = ADVANCED_FACE('',(#2730),#2755,.F.);
#2730 = FACE_BOUND('',#2731,.F.);
#2731 = EDGE_LOOP('',(#2732,#2740,#2748,#2754));
#2732 = ORIENTED_EDGE('',*,*,#2733,.F.);
#2733 = EDGE_CURVE('',#2734,#2703,#2736,.T.);
#2734 = VERTEX_POINT('',#2735);
#2735 = CARTESIAN_POINT('',(52.275001525879,-3.941635131836,3.));
#2736 = LINE('',#2737,#2738);
#2737 = CARTESIAN_POINT('',(52.275001525879,-3.941635131836,3.));
#2738 = VECTOR('',#2739,1.);
#2739 = DIRECTION('',(-0.793353181219,-0.608761636316,0.));
#2740 = ORIENTED_EDGE('',*,*,#2741,.F.);
#2741 = EDGE_CURVE('',#2742,#2734,#2744,.T.);
#2742 = VERTEX_POINT('',#2743);
#2743 = CARTESIAN_POINT('',(52.275001525879,-3.941635131836,0.));
#2744 = LINE('',#2745,#2746);
#2745 = CARTESIAN_POINT('',(52.275001525879,-3.941635131836,0.));
#2746 = VECTOR('',#2747,1.);
#2747 = DIRECTION('',(0.,0.,1.));
#2748 = ORIENTED_EDGE('',*,*,#2749,.F.);
#2749 = EDGE_CURVE('',#2711,#2742,#2750,.T.);
#2750 = LINE('',#2751,#2752);
#2751 = CARTESIAN_POINT('',(51.746879577637,-4.346877574921,0.));
#2752 = VECTOR('',#2753,1.);
#2753 = DIRECTION('',(0.793353181219,0.608761636316,0.));
#2754 = ORIENTED_EDGE('',*,*,#2710,.T.);
#2755 = PLANE('',#2756);
#2756 = AXIS2_PLACEMENT_3D('',#2757,#2758,#2759);
#2757 = CARTESIAN_POINT('',(52.010940551758,-4.144256353378,1.5));
#2758 = DIRECTION('',(-0.608761636316,0.793353181219,0.));
#2759 = DIRECTION('',(0.793353181219,0.608761636316,0.));
#2760 = ADVANCED_FACE('',(#2761),#2786,.F.);
#2761 = FACE_BOUND('',#2762,.F.);
#2762 = EDGE_LOOP('',(#2763,#2771,#2779,#2785));
#2763 = ORIENTED_EDGE('',*,*,#2764,.F.);
#2764 = EDGE_CURVE('',#2765,#2734,#2767,.T.);
#2765 = VERTEX_POINT('',#2766);
#2766 = CARTESIAN_POINT('',(52.89001083374,-3.6868891716,3.));
#2767 = LINE('',#2768,#2769);
#2768 = CARTESIAN_POINT('',(52.89001083374,-3.6868891716,3.));
#2769 = VECTOR('',#2770,1.);
#2770 = DIRECTION('',(-0.923879126774,-0.3826844119,0.));
#2771 = ORIENTED_EDGE('',*,*,#2772,.F.);
#2772 = EDGE_CURVE('',#2773,#2765,#2775,.T.);
#2773 = VERTEX_POINT('',#2774);
#2774 = CARTESIAN_POINT('',(52.89001083374,-3.6868891716,0.));
#2775 = LINE('',#2776,#2777);
#2776 = CARTESIAN_POINT('',(52.89001083374,-3.6868891716,0.));
#2777 = VECTOR('',#2778,1.);
#2778 = DIRECTION('',(0.,0.,1.));
#2779 = ORIENTED_EDGE('',*,*,#2780,.F.);
#2780 = EDGE_CURVE('',#2742,#2773,#2781,.T.);
#2781 = LINE('',#2782,#2783);
#2782 = CARTESIAN_POINT('',(52.275001525879,-3.941635131836,0.));
#2783 = VECTOR('',#2784,1.);
#2784 = DIRECTION('',(0.923879126774,0.3826844119,0.));
#2785 = ORIENTED_EDGE('',*,*,#2741,.T.);
#2786 = PLANE('',#2787);
#2787 = AXIS2_PLACEMENT_3D('',#2788,#2789,#2790);
#2788 = CARTESIAN_POINT('',(52.58250617981,-3.814262151718,1.5));
#2789 = DIRECTION('',(-0.3826844119,0.923879126774,0.));
#2790 = DIRECTION('',(0.923879126774,0.3826844119,0.));
#2791 = ADVANCED_FACE('',(#2792),#2817,.F.);
#2792 = FACE_BOUND('',#2793,.F.);
#2793 = EDGE_LOOP('',(#2794,#2802,#2810,#2816));
#2794 = ORIENTED_EDGE('',*,*,#2795,.F.);
#2795 = EDGE_CURVE('',#2796,#2765,#2798,.T.);
#2796 = VERTEX_POINT('',#2797);
#2797 = CARTESIAN_POINT('',(53.549999237061,-3.599999904633,3.));
#2798 = LINE('',#2799,#2800);
#2799 = CARTESIAN_POINT('',(53.549999237061,-3.599999904633,3.));
#2800 = VECTOR('',#2801,1.);
#2801 = DIRECTION('',(-0.991444833129,-0.130526406761,0.));
#2802 = ORIENTED_EDGE('',*,*,#2803,.F.);
#2803 = EDGE_CURVE('',#2804,#2796,#2806,.T.);
#2804 = VERTEX_POINT('',#2805);
#2805 = CARTESIAN_POINT('',(53.549999237061,-3.599999904633,0.));
#2806 = LINE('',#2807,#2808);
#2807 = CARTESIAN_POINT('',(53.549999237061,-3.599999904633,0.));
#2808 = VECTOR('',#2809,1.);
#2809 = DIRECTION('',(0.,0.,1.));
#2810 = ORIENTED_EDGE('',*,*,#2811,.F.);
#2811 = EDGE_CURVE('',#2773,#2804,#2812,.T.);
#2812 = LINE('',#2813,#2814);
#2813 = CARTESIAN_POINT('',(52.89001083374,-3.6868891716,0.));
#2814 = VECTOR('',#2815,1.);
#2815 = DIRECTION('',(0.991444833129,0.130526406761,0.));
#2816 = ORIENTED_EDGE('',*,*,#2772,.T.);
#2817 = PLANE('',#2818);
#2818 = AXIS2_PLACEMENT_3D('',#2819,#2820,#2821);
#2819 = CARTESIAN_POINT('',(53.2200050354,-3.643444538116,1.5));
#2820 = DIRECTION('',(-0.130526406761,0.991444833129,0.));
#2821 = DIRECTION('',(0.991444833129,0.130526406761,0.));
#2822 = ADVANCED_FACE('',(#2823),#2848,.F.);
#2823 = FACE_BOUND('',#2824,.F.);
#2824 = EDGE_LOOP('',(#2825,#2833,#2841,#2847));
#2825 = ORIENTED_EDGE('',*,*,#2826,.F.);
#2826 = EDGE_CURVE('',#2827,#2796,#2829,.T.);
#2827 = VERTEX_POINT('',#2828);
#2828 = CARTESIAN_POINT('',(54.209987640381,-3.6868891716,3.));
#2829 = LINE('',#2830,#2831);
#2830 = CARTESIAN_POINT('',(54.209987640381,-3.6868891716,3.));
#2831 = VECTOR('',#2832,1.);
#2832 = DIRECTION('',(-0.991444833129,0.130526406761,0.));
#2833 = ORIENTED_EDGE('',*,*,#2834,.F.);
#2834 = EDGE_CURVE('',#2835,#2827,#2837,.T.);
#2835 = VERTEX_POINT('',#2836);
#2836 = CARTESIAN_POINT('',(54.209987640381,-3.6868891716,0.));
#2837 = LINE('',#2838,#2839);
#2838 = CARTESIAN_POINT('',(54.209987640381,-3.6868891716,0.));
#2839 = VECTOR('',#2840,1.);
#2840 = DIRECTION('',(0.,0.,1.));
#2841 = ORIENTED_EDGE('',*,*,#2842,.F.);
#2842 = EDGE_CURVE('',#2804,#2835,#2843,.T.);
#2843 = LINE('',#2844,#2845);
#2844 = CARTESIAN_POINT('',(53.549999237061,-3.599999904633,0.));
#2845 = VECTOR('',#2846,1.);
#2846 = DIRECTION('',(0.991444833129,-0.130526406761,0.));
#2847 = ORIENTED_EDGE('',*,*,#2803,.T.);
#2848 = PLANE('',#2849);
#2849 = AXIS2_PLACEMENT_3D('',#2850,#2851,#2852);
#2850 = CARTESIAN_POINT('',(53.879993438721,-3.643444538116,1.5));
#2851 = DIRECTION('',(0.130526406761,0.991444833129,0.));
#2852 = DIRECTION('',(0.991444833129,-0.130526406761,0.));
#2853 = ADVANCED_FACE('',(#2854),#2879,.F.);
#2854 = FACE_BOUND('',#2855,.F.);
#2855 = EDGE_LOOP('',(#2856,#2864,#2872,#2878));
#2856 = ORIENTED_EDGE('',*,*,#2857,.F.);
#2857 = EDGE_CURVE('',#2858,#2827,#2860,.T.);
#2858 = VERTEX_POINT('',#2859);
#2859 = CARTESIAN_POINT('',(54.825000762939,-3.941635131836,3.));
#2860 = LINE('',#2861,#2862);
#2861 = CARTESIAN_POINT('',(54.825000762939,-3.941635131836,3.));
#2862 = VECTOR('',#2863,1.);
#2863 = DIRECTION('',(-0.923879965986,0.382682385863,0.));
#2864 = ORIENTED_EDGE('',*,*,#2865,.F.);
#2865 = EDGE_CURVE('',#2866,#2858,#2868,.T.);
#2866 = VERTEX_POINT('',#2867);
#2867 = CARTESIAN_POINT('',(54.825000762939,-3.941635131836,0.));
#2868 = LINE('',#2869,#2870);
#2869 = CARTESIAN_POINT('',(54.825000762939,-3.941635131836,0.));
#2870 = VECTOR('',#2871,1.);
#2871 = DIRECTION('',(0.,0.,1.));
#2872 = ORIENTED_EDGE('',*,*,#2873,.F.);
#2873 = EDGE_CURVE('',#2835,#2866,#2874,.T.);
#2874 = LINE('',#2875,#2876);
#2875 = CARTESIAN_POINT('',(54.209987640381,-3.6868891716,0.));
#2876 = VECTOR('',#2877,1.);
#2877 = DIRECTION('',(0.923879965986,-0.382682385863,0.));
#2878 = ORIENTED_EDGE('',*,*,#2834,.T.);
#2879 = PLANE('',#2880);
#2880 = AXIS2_PLACEMENT_3D('',#2881,#2882,#2883);
#2881 = CARTESIAN_POINT('',(54.51749420166,-3.814262151718,1.5));
#2882 = DIRECTION('',(0.382682385863,0.923879965986,0.));
#2883 = DIRECTION('',(0.923879965986,-0.382682385863,0.));
#2884 = ADVANCED_FACE('',(#2885),#2910,.F.);
#2885 = FACE_BOUND('',#2886,.F.);
#2886 = EDGE_LOOP('',(#2887,#2895,#2903,#2909));
#2887 = ORIENTED_EDGE('',*,*,#2888,.F.);
#2888 = EDGE_CURVE('',#2889,#2858,#2891,.T.);
#2889 = VERTEX_POINT('',#2890);
#2890 = CARTESIAN_POINT('',(55.353122711182,-4.346877574921,3.));
#2891 = LINE('',#2892,#2893);
#2892 = CARTESIAN_POINT('',(55.353122711182,-4.346877574921,3.));
#2893 = VECTOR('',#2894,1.);
#2894 = DIRECTION('',(-0.793353181219,0.608761636316,0.));
#2895 = ORIENTED_EDGE('',*,*,#2896,.F.);
#2896 = EDGE_CURVE('',#2897,#2889,#2899,.T.);
#2897 = VERTEX_POINT('',#2898);
#2898 = CARTESIAN_POINT('',(55.353122711182,-4.346877574921,0.));
#2899 = LINE('',#2900,#2901);
#2900 = CARTESIAN_POINT('',(55.353122711182,-4.346877574921,0.));
#2901 = VECTOR('',#2902,1.);
#2902 = DIRECTION('',(0.,0.,1.));
#2903 = ORIENTED_EDGE('',*,*,#2904,.F.);
#2904 = EDGE_CURVE('',#2866,#2897,#2905,.T.);
#2905 = LINE('',#2906,#2907);
#2906 = CARTESIAN_POINT('',(54.825000762939,-3.941635131836,0.));
#2907 = VECTOR('',#2908,1.);
#2908 = DIRECTION('',(0.793353181219,-0.608761636316,0.));
#2909 = ORIENTED_EDGE('',*,*,#2865,.T.);
#2910 = PLANE('',#2911);
#2911 = AXIS2_PLACEMENT_3D('',#2912,#2913,#2914);
#2912 = CARTESIAN_POINT('',(55.089061737061,-4.144256353378,1.5));
#2913 = DIRECTION('',(0.608761636316,0.793353181219,0.));
#2914 = DIRECTION('',(0.793353181219,-0.608761636316,0.));
#2915 = ADVANCED_FACE('',(#2916),#2941,.F.);
#2916 = FACE_BOUND('',#2917,.F.);
#2917 = EDGE_LOOP('',(#2918,#2926,#2934,#2940));
#2918 = ORIENTED_EDGE('',*,*,#2919,.F.);
#2919 = EDGE_CURVE('',#2920,#2889,#2922,.T.);
#2920 = VERTEX_POINT('',#2921);
#2921 = CARTESIAN_POINT('',(55.758365631104,-4.875,3.));
#2922 = LINE('',#2923,#2924);
#2923 = CARTESIAN_POINT('',(55.758365631104,-4.875,3.));
#2924 = VECTOR('',#2925,1.);
#2925 = DIRECTION('',(-0.608761741217,0.793353100725,0.));
#2926 = ORIENTED_EDGE('',*,*,#2927,.F.);
#2927 = EDGE_CURVE('',#2928,#2920,#2930,.T.);
#2928 = VERTEX_POINT('',#2929);
#2929 = CARTESIAN_POINT('',(55.758365631104,-4.875,0.));
#2930 = LINE('',#2931,#2932);
#2931 = CARTESIAN_POINT('',(55.758365631104,-4.875,0.));
#2932 = VECTOR('',#2933,1.);
#2933 = DIRECTION('',(0.,0.,1.));
#2934 = ORIENTED_EDGE('',*,*,#2935,.F.);
#2935 = EDGE_CURVE('',#2897,#2928,#2936,.T.);
#2936 = LINE('',#2937,#2938);
#2937 = CARTESIAN_POINT('',(55.353122711182,-4.346877574921,0.));
#2938 = VECTOR('',#2939,1.);
#2939 = DIRECTION('',(0.608761741217,-0.793353100725,0.));
#2940 = ORIENTED_EDGE('',*,*,#2896,.T.);
#2941 = PLANE('',#2942);
#2942 = AXIS2_PLACEMENT_3D('',#2943,#2944,#2945);
#2943 = CARTESIAN_POINT('',(55.555744171143,-4.61093878746,1.5));
#2944 = DIRECTION('',(0.793353100725,0.608761741217,0.));
#2945 = DIRECTION('',(-0.608761741217,0.793353100725,0.));
#2946 = ADVANCED_FACE('',(#2947),#2972,.F.);
#2947 = FACE_BOUND('',#2948,.F.);
#2948 = EDGE_LOOP('',(#2949,#2957,#2965,#2971));
#2949 = ORIENTED_EDGE('',*,*,#2950,.F.);
#2950 = EDGE_CURVE('',#2951,#2920,#2953,.T.);
#2951 = VERTEX_POINT('',#2952);
#2952 = CARTESIAN_POINT('',(56.013111114502,-5.49001121521,3.));
#2953 = LINE('',#2954,#2955);
#2954 = CARTESIAN_POINT('',(56.013111114502,-5.49001121521,3.));
#2955 = VECTOR('',#2956,1.);
#2956 = DIRECTION('',(-0.382682787468,0.923879799636,0.));
#2957 = ORIENTED_EDGE('',*,*,#2958,.F.);
#2958 = EDGE_CURVE('',#2959,#2951,#2961,.T.);
#2959 = VERTEX_POINT('',#2960);
#2960 = CARTESIAN_POINT('',(56.013111114502,-5.49001121521,0.));
#2961 = LINE('',#2962,#2963);
#2962 = CARTESIAN_POINT('',(56.013111114502,-5.49001121521,0.));
#2963 = VECTOR('',#2964,1.);
#2964 = DIRECTION('',(0.,0.,1.));
#2965 = ORIENTED_EDGE('',*,*,#2966,.F.);
#2966 = EDGE_CURVE('',#2928,#2959,#2967,.T.);
#2967 = LINE('',#2968,#2969);
#2968 = CARTESIAN_POINT('',(55.758365631104,-4.875,0.));
#2969 = VECTOR('',#2970,1.);
#2970 = DIRECTION('',(0.382682787468,-0.923879799636,0.));
#2971 = ORIENTED_EDGE('',*,*,#2927,.T.);
#2972 = PLANE('',#2973);
#2973 = AXIS2_PLACEMENT_3D('',#2974,#2975,#2976);
#2974 = CARTESIAN_POINT('',(55.885738372803,-5.182505607605,1.5));
#2975 = DIRECTION('',(0.923879799636,0.382682787468,0.));
#2976 = DIRECTION('',(-0.382682787468,0.923879799636,0.));
#2977 = ADVANCED_FACE('',(#2978),#2994,.F.);
#2978 = FACE_BOUND('',#2979,.F.);
#2979 = EDGE_LOOP('',(#2980,#2986,#2987,#2993));
#2980 = ORIENTED_EDGE('',*,*,#2981,.F.);
#2981 = EDGE_CURVE('',#2959,#2260,#2982,.T.);
#2982 = LINE('',#2983,#2984);
#2983 = CARTESIAN_POINT('',(56.013111114502,-5.49001121521,0.));
#2984 = VECTOR('',#2985,1.);
#2985 = DIRECTION('',(0.130523497631,-0.991445216119,0.));
#2986 = ORIENTED_EDGE('',*,*,#2958,.T.);
#2987 = ORIENTED_EDGE('',*,*,#2988,.F.);
#2988 = EDGE_CURVE('',#2270,#2951,#2989,.T.);
#2989 = LINE('',#2990,#2991);
#2990 = CARTESIAN_POINT('',(56.099998474121,-6.150000095367,3.));
#2991 = VECTOR('',#2992,1.);
#2992 = DIRECTION('',(-0.130523497631,0.991445216119,0.));
#2993 = ORIENTED_EDGE('',*,*,#2269,.T.);
#2994 = PLANE('',#2995);
#2995 = AXIS2_PLACEMENT_3D('',#2996,#2997,#2998);
#2996 = CARTESIAN_POINT('',(56.056554794312,-5.820005655289,1.5));
#2997 = DIRECTION('',(0.991445216119,0.130523497631,0.));
#2998 = DIRECTION('',(-0.130523497631,0.991445216119,0.));
#2999 = ORIENTED_CLOSED_SHELL('',*,#3000,.F.);
#3000 = CLOSED_SHELL('',(#3001,#3041,#3072,#3103,#3134,#3165,#3196,#3227
    ,#3258,#3289,#3320,#3351,#3382,#3413,#3453,#3484,#3515,#3546,#3577,
    #3608,#3639,#3670,#3701,#3732,#3763,#3794,#3825,#7707,#7738,#11611,
    #11633,#11655,#11691,#11722,#11749,#11780,#11811,#11838,#11869,
    #11900,#11927,#11958,#11989,#12011,#12023,#12045,#12076,#12107,
    #12134,#12165,#12196,#12223,#12254,#12285,#12312,#12343,#12374,
    #12401,#12437,#12468,#12495,#12526,#12557,#12584,#12615,#12646,
    #12673,#12704,#12735,#12757,#12769,#12791,#12822,#12853,#12880,
    #12911,#12942,#12969,#13000,#13031,#13058,#13089,#13120,#13147,
    #13159,#13181,#13212,#13243,#13270,#13301,#13332,#13359,#13390,
    #13421,#13448,#13479,#13510,#13537,#13573,#13604,#13631,#13662,
    #13693,#13720,#13751,#13782,#13809,#13840,#13871,#13893,#13905,
    #13927,#13963,#13994,#14021,#14052,#14083,#14110,#14141,#14172,
    #14199,#14230,#14261,#14283,#14300,#14322,#14353,#14384,#14415,
    #14446,#14473,#14504,#14535,#14566,#14597,#14619,#14641,#14677,
    #14708,#14735,#14766,#14797,#14824,#14855,#14886,#14913,#14944,
    #14975,#14997,#15014,#15036,#15067,#15098,#15129,#15160,#15187,
    #15218,#15249,#15280,#15311,#15333,#15355,#15391,#15422,#15453,
    #15484,#15515,#15546,#15577,#15608,#15635,#15666,#15697,#15719,
    #15741,#15777,#15808,#15835,#15866,#15897,#15928,#15959,#15990,
    #16021,#16052,#16083,#16105,#16122,#16144,#16175,#16206,#16237,
    #16268,#16295,#16326,#16357,#16388,#16419,#16441,#16458,#16475,
    #16511,#16542,#16573,#16604,#16631,#16662,#16693,#16724,#16755,
    #16777,#16789,#16801,#16813,#16825,#16847,#16878,#16909,#16936,
    #16967,#16998,#17025,#17056,#17087,#17114,#17145,#17176,#17203,
    #17239,#17270,#17297,#17328,#17359,#17386,#17417,#17448,#17475,
    #17506,#17537,#17559,#17571,#17602,#17633,#17660,#17691,#17722,
    #17744,#17775,#17806,#17833,#17864,#17895,#17917,#17948,#17979,
    #18006,#18037,#18068,#18090,#18121,#18152,#18179,#18210,#18241));
#3001 = ADVANCED_FACE('',(#3002),#3036,.F.);
#3002 = FACE_BOUND('',#3003,.F.);
#3003 = EDGE_LOOP('',(#3004,#3014,#3022,#3030));
#3004 = ORIENTED_EDGE('',*,*,#3005,.T.);
#3005 = EDGE_CURVE('',#3006,#3008,#3010,.T.);
#3006 = VERTEX_POINT('',#3007);
#3007 = CARTESIAN_POINT('',(32.463111877441,-66.29000854492,0.));
#3008 = VERTEX_POINT('',#3009);
#3009 = CARTESIAN_POINT('',(32.549999237061,-66.94999694824,0.));
#3010 = LINE('',#3011,#3012);
#3011 = CARTESIAN_POINT('',(32.463111877441,-66.29000854492,0.));
#3012 = VECTOR('',#3013,1.);
#3013 = DIRECTION('',(0.130523590327,-0.991445203916,0.));
#3014 = ORIENTED_EDGE('',*,*,#3015,.T.);
#3015 = EDGE_CURVE('',#3008,#3016,#3018,.T.);
#3016 = VERTEX_POINT('',#3017);
#3017 = CARTESIAN_POINT('',(32.549999237061,-66.94999694824,3.));
#3018 = LINE('',#3019,#3020);
#3019 = CARTESIAN_POINT('',(32.549999237061,-66.94999694824,0.));
#3020 = VECTOR('',#3021,1.);
#3021 = DIRECTION('',(0.,0.,1.));
#3022 = ORIENTED_EDGE('',*,*,#3023,.T.);
#3023 = EDGE_CURVE('',#3016,#3024,#3026,.T.);
#3024 = VERTEX_POINT('',#3025);
#3025 = CARTESIAN_POINT('',(32.463111877441,-66.29000854492,3.));
#3026 = LINE('',#3027,#3028);
#3027 = CARTESIAN_POINT('',(32.549999237061,-66.94999694824,3.));
#3028 = VECTOR('',#3029,1.);
#3029 = DIRECTION('',(-0.130523590327,0.991445203916,0.));
#3030 = ORIENTED_EDGE('',*,*,#3031,.T.);
#3031 = EDGE_CURVE('',#3024,#3006,#3032,.T.);
#3032 = LINE('',#3033,#3034);
#3033 = CARTESIAN_POINT('',(32.463111877441,-66.29000854492,3.));
#3034 = VECTOR('',#3035,1.);
#3035 = DIRECTION('',(0.,0.,-1.));
#3036 = PLANE('',#3037);
#3037 = AXIS2_PLACEMENT_3D('',#3038,#3039,#3040);
#3038 = CARTESIAN_POINT('',(32.506555557251,-66.62000274658,1.5));
#3039 = DIRECTION('',(-0.991445203916,-0.130523590327,-0.));
#3040 = DIRECTION('',(0.130523590327,-0.991445203916,0.));
#3041 = ADVANCED_FACE('',(#3042),#3067,.F.);
#3042 = FACE_BOUND('',#3043,.F.);
#3043 = EDGE_LOOP('',(#3044,#3052,#3053,#3061));
#3044 = ORIENTED_EDGE('',*,*,#3045,.T.);
#3045 = EDGE_CURVE('',#3046,#3006,#3048,.T.);
#3046 = VERTEX_POINT('',#3047);
#3047 = CARTESIAN_POINT('',(32.208366394043,-65.67500305175,0.));
#3048 = LINE('',#3049,#3050);
#3049 = CARTESIAN_POINT('',(32.208366394043,-65.67500305175,0.));
#3050 = VECTOR('',#3051,1.);
#3051 = DIRECTION('',(0.382685826542,-0.923878540807,0.));
#3052 = ORIENTED_EDGE('',*,*,#3031,.F.);
#3053 = ORIENTED_EDGE('',*,*,#3054,.T.);
#3054 = EDGE_CURVE('',#3024,#3055,#3057,.T.);
#3055 = VERTEX_POINT('',#3056);
#3056 = CARTESIAN_POINT('',(32.208366394043,-65.67500305175,3.));
#3057 = LINE('',#3058,#3059);
#3058 = CARTESIAN_POINT('',(32.463111877441,-66.29000854492,3.));
#3059 = VECTOR('',#3060,1.);
#3060 = DIRECTION('',(-0.382685826542,0.923878540807,0.));
#3061 = ORIENTED_EDGE('',*,*,#3062,.T.);
#3062 = EDGE_CURVE('',#3055,#3046,#3063,.T.);
#3063 = LINE('',#3064,#3065);
#3064 = CARTESIAN_POINT('',(32.208366394043,-65.67500305175,3.));
#3065 = VECTOR('',#3066,1.);
#3066 = DIRECTION('',(0.,0.,-1.));
#3067 = PLANE('',#3068);
#3068 = AXIS2_PLACEMENT_3D('',#3069,#3070,#3071);
#3069 = CARTESIAN_POINT('',(32.335739135742,-65.98250579834,1.5));
#3070 = DIRECTION('',(-0.923878540807,-0.382685826542,-0.));
#3071 = DIRECTION('',(0.382685826542,-0.923878540807,0.));
#3072 = ADVANCED_FACE('',(#3073),#3098,.F.);
#3073 = FACE_BOUND('',#3074,.F.);
#3074 = EDGE_LOOP('',(#3075,#3083,#3084,#3092));
#3075 = ORIENTED_EDGE('',*,*,#3076,.T.);
#3076 = EDGE_CURVE('',#3077,#3046,#3079,.T.);
#3077 = VERTEX_POINT('',#3078);
#3078 = CARTESIAN_POINT('',(31.803121566772,-65.14688110351,0.));
#3079 = LINE('',#3080,#3081);
#3080 = CARTESIAN_POINT('',(31.803121566772,-65.14688110351,0.));
#3081 = VECTOR('',#3082,1.);
#3082 = DIRECTION('',(0.608763890577,-0.793351451458,0.));
#3083 = ORIENTED_EDGE('',*,*,#3062,.F.);
#3084 = ORIENTED_EDGE('',*,*,#3085,.T.);
#3085 = EDGE_CURVE('',#3055,#3086,#3088,.T.);
#3086 = VERTEX_POINT('',#3087);
#3087 = CARTESIAN_POINT('',(31.803121566772,-65.14688110351,3.));
#3088 = LINE('',#3089,#3090);
#3089 = CARTESIAN_POINT('',(32.208366394043,-65.67500305175,3.));
#3090 = VECTOR('',#3091,1.);
#3091 = DIRECTION('',(-0.608763890577,0.793351451458,0.));
#3092 = ORIENTED_EDGE('',*,*,#3093,.T.);
#3093 = EDGE_CURVE('',#3086,#3077,#3094,.T.);
#3094 = LINE('',#3095,#3096);
#3095 = CARTESIAN_POINT('',(31.803121566772,-65.14688110351,3.));
#3096 = VECTOR('',#3097,1.);
#3097 = DIRECTION('',(0.,0.,-1.));
#3098 = PLANE('',#3099);
#3099 = AXIS2_PLACEMENT_3D('',#3100,#3101,#3102);
#3100 = CARTESIAN_POINT('',(32.005743980408,-65.41094207763,1.5));
#3101 = DIRECTION('',(-0.793351451458,-0.608763890577,-0.));
#3102 = DIRECTION('',(0.608763890577,-0.793351451458,0.));
#3103 = ADVANCED_FACE('',(#3104),#3129,.F.);
#3104 = FACE_BOUND('',#3105,.F.);
#3105 = EDGE_LOOP('',(#3106,#3114,#3115,#3123));
#3106 = ORIENTED_EDGE('',*,*,#3107,.T.);
#3107 = EDGE_CURVE('',#3108,#3077,#3110,.T.);
#3108 = VERTEX_POINT('',#3109);
#3109 = CARTESIAN_POINT('',(31.27499961853,-64.74163818359,0.));
#3110 = LINE('',#3111,#3112);
#3111 = CARTESIAN_POINT('',(31.27499961853,-64.74163818359,0.));
#3112 = VECTOR('',#3113,1.);
#3113 = DIRECTION('',(0.793352835267,-0.608762087169,0.));
#3114 = ORIENTED_EDGE('',*,*,#3093,.F.);
#3115 = ORIENTED_EDGE('',*,*,#3116,.T.);
#3116 = EDGE_CURVE('',#3086,#3117,#3119,.T.);
#3117 = VERTEX_POINT('',#3118);
#3118 = CARTESIAN_POINT('',(31.27499961853,-64.74163818359,3.));
#3119 = LINE('',#3120,#3121);
#3120 = CARTESIAN_POINT('',(31.803121566772,-65.14688110351,3.));
#3121 = VECTOR('',#3122,1.);
#3122 = DIRECTION('',(-0.793352835267,0.608762087169,0.));
#3123 = ORIENTED_EDGE('',*,*,#3124,.T.);
#3124 = EDGE_CURVE('',#3117,#3108,#3125,.T.);
#3125 = LINE('',#3126,#3127);
#3126 = CARTESIAN_POINT('',(31.27499961853,-64.74163818359,3.));
#3127 = VECTOR('',#3128,1.);
#3128 = DIRECTION('',(0.,0.,-1.));
#3129 = PLANE('',#3130);
#3130 = AXIS2_PLACEMENT_3D('',#3131,#3132,#3133);
#3131 = CARTESIAN_POINT('',(31.539060592651,-64.94425964355,1.5));
#3132 = DIRECTION('',(-0.608762087169,-0.793352835267,-0.));
#3133 = DIRECTION('',(-0.793352835267,0.608762087169,0.));
#3134 = ADVANCED_FACE('',(#3135),#3160,.F.);
#3135 = FACE_BOUND('',#3136,.F.);
#3136 = EDGE_LOOP('',(#3137,#3145,#3146,#3154));
#3137 = ORIENTED_EDGE('',*,*,#3138,.T.);
#3138 = EDGE_CURVE('',#3139,#3108,#3141,.T.);
#3139 = VERTEX_POINT('',#3140);
#3140 = CARTESIAN_POINT('',(30.65998840332,-64.48689270019,0.));
#3141 = LINE('',#3142,#3143);
#3142 = CARTESIAN_POINT('',(30.65998840332,-64.48689270019,0.));
#3143 = VECTOR('',#3144,1.);
#3144 = DIRECTION('',(0.923879799636,-0.382682787468,0.));
#3145 = ORIENTED_EDGE('',*,*,#3124,.F.);
#3146 = ORIENTED_EDGE('',*,*,#3147,.T.);
#3147 = EDGE_CURVE('',#3117,#3148,#3150,.T.);
#3148 = VERTEX_POINT('',#3149);
#3149 = CARTESIAN_POINT('',(30.65998840332,-64.48689270019,3.));
#3150 = LINE('',#3151,#3152);
#3151 = CARTESIAN_POINT('',(31.27499961853,-64.74163818359,3.));
#3152 = VECTOR('',#3153,1.);
#3153 = DIRECTION('',(-0.923879799636,0.382682787468,0.));
#3154 = ORIENTED_EDGE('',*,*,#3155,.T.);
#3155 = EDGE_CURVE('',#3148,#3139,#3156,.T.);
#3156 = LINE('',#3157,#3158);
#3157 = CARTESIAN_POINT('',(30.65998840332,-64.48689270019,3.));
#3158 = VECTOR('',#3159,1.);
#3159 = DIRECTION('',(0.,0.,-1.));
#3160 = PLANE('',#3161);
#3161 = AXIS2_PLACEMENT_3D('',#3162,#3163,#3164);
#3162 = CARTESIAN_POINT('',(30.967494010925,-64.61426544189,1.5));
#3163 = DIRECTION('',(-0.382682787468,-0.923879799636,-0.));
#3164 = DIRECTION('',(-0.923879799636,0.382682787468,0.));
#3165 = ADVANCED_FACE('',(#3166),#3191,.F.);
#3166 = FACE_BOUND('',#3167,.F.);
#3167 = EDGE_LOOP('',(#3168,#3176,#3177,#3185));
#3168 = ORIENTED_EDGE('',*,*,#3169,.T.);
#3169 = EDGE_CURVE('',#3170,#3139,#3172,.T.);
#3170 = VERTEX_POINT('',#3171);
#3171 = CARTESIAN_POINT('',(30.,-64.40000152587,0.));
#3172 = LINE('',#3173,#3174);
#3173 = CARTESIAN_POINT('',(30.,-64.40000152587,0.));
#3174 = VECTOR('',#3175,1.);
#3175 = DIRECTION('',(0.991444462334,-0.130529223193,0.));
#3176 = ORIENTED_EDGE('',*,*,#3155,.F.);
#3177 = ORIENTED_EDGE('',*,*,#3178,.T.);
#3178 = EDGE_CURVE('',#3148,#3179,#3181,.T.);
#3179 = VERTEX_POINT('',#3180);
#3180 = CARTESIAN_POINT('',(30.,-64.40000152587,3.));
#3181 = LINE('',#3182,#3183);
#3182 = CARTESIAN_POINT('',(30.65998840332,-64.48689270019,3.));
#3183 = VECTOR('',#3184,1.);
#3184 = DIRECTION('',(-0.991444462334,0.130529223193,0.));
#3185 = ORIENTED_EDGE('',*,*,#3186,.T.);
#3186 = EDGE_CURVE('',#3179,#3170,#3187,.T.);
#3187 = LINE('',#3188,#3189);
#3188 = CARTESIAN_POINT('',(30.,-64.40000152587,3.));
#3189 = VECTOR('',#3190,1.);
#3190 = DIRECTION('',(0.,0.,-1.));
#3191 = PLANE('',#3192);
#3192 = AXIS2_PLACEMENT_3D('',#3193,#3194,#3195);
#3193 = CARTESIAN_POINT('',(30.32999420166,-64.44344711303,1.5));
#3194 = DIRECTION('',(-0.130529223193,-0.991444462334,-0.));
#3195 = DIRECTION('',(-0.991444462334,0.130529223193,0.));
#3196 = ADVANCED_FACE('',(#3197),#3222,.F.);
#3197 = FACE_BOUND('',#3198,.F.);
#3198 = EDGE_LOOP('',(#3199,#3207,#3208,#3216));
#3199 = ORIENTED_EDGE('',*,*,#3200,.T.);
#3200 = EDGE_CURVE('',#3201,#3170,#3203,.T.);
#3201 = VERTEX_POINT('',#3202);
#3202 = CARTESIAN_POINT('',(29.34001159668,-64.48689270019,0.));
#3203 = LINE('',#3204,#3205);
#3204 = CARTESIAN_POINT('',(29.34001159668,-64.48689270019,0.));
#3205 = VECTOR('',#3206,1.);
#3206 = DIRECTION('',(0.991444462334,0.130529223193,0.));
#3207 = ORIENTED_EDGE('',*,*,#3186,.F.);
#3208 = ORIENTED_EDGE('',*,*,#3209,.T.);
#3209 = EDGE_CURVE('',#3179,#3210,#3212,.T.);
#3210 = VERTEX_POINT('',#3211);
#3211 = CARTESIAN_POINT('',(29.34001159668,-64.48689270019,3.));
#3212 = LINE('',#3213,#3214);
#3213 = CARTESIAN_POINT('',(30.,-64.40000152587,3.));
#3214 = VECTOR('',#3215,1.);
#3215 = DIRECTION('',(-0.991444462334,-0.130529223193,0.));
#3216 = ORIENTED_EDGE('',*,*,#3217,.T.);
#3217 = EDGE_CURVE('',#3210,#3201,#3218,.T.);
#3218 = LINE('',#3219,#3220);
#3219 = CARTESIAN_POINT('',(29.34001159668,-64.48689270019,3.));
#3220 = VECTOR('',#3221,1.);
#3221 = DIRECTION('',(0.,0.,-1.));
#3222 = PLANE('',#3223);
#3223 = AXIS2_PLACEMENT_3D('',#3224,#3225,#3226);
#3224 = CARTESIAN_POINT('',(29.67000579834,-64.44344711303,1.5));
#3225 = DIRECTION('',(0.130529223193,-0.991444462334,0.));
#3226 = DIRECTION('',(-0.991444462334,-0.130529223193,0.));
#3227 = ADVANCED_FACE('',(#3228),#3253,.F.);
#3228 = FACE_BOUND('',#3229,.F.);
#3229 = EDGE_LOOP('',(#3230,#3238,#3239,#3247));
#3230 = ORIENTED_EDGE('',*,*,#3231,.T.);
#3231 = EDGE_CURVE('',#3232,#3201,#3234,.T.);
#3232 = VERTEX_POINT('',#3233);
#3233 = CARTESIAN_POINT('',(28.72500038147,-64.74163818359,0.));
#3234 = LINE('',#3235,#3236);
#3235 = CARTESIAN_POINT('',(28.72500038147,-64.74163818359,0.));
#3236 = VECTOR('',#3237,1.);
#3237 = DIRECTION('',(0.923879799636,0.382682787468,0.));
#3238 = ORIENTED_EDGE('',*,*,#3217,.F.);
#3239 = ORIENTED_EDGE('',*,*,#3240,.T.);
#3240 = EDGE_CURVE('',#3210,#3241,#3243,.T.);
#3241 = VERTEX_POINT('',#3242);
#3242 = CARTESIAN_POINT('',(28.72500038147,-64.74163818359,3.));
#3243 = LINE('',#3244,#3245);
#3244 = CARTESIAN_POINT('',(29.34001159668,-64.48689270019,3.));
#3245 = VECTOR('',#3246,1.);
#3246 = DIRECTION('',(-0.923879799636,-0.382682787468,0.));
#3247 = ORIENTED_EDGE('',*,*,#3248,.T.);
#3248 = EDGE_CURVE('',#3241,#3232,#3249,.T.);
#3249 = LINE('',#3250,#3251);
#3250 = CARTESIAN_POINT('',(28.72500038147,-64.74163818359,3.));
#3251 = VECTOR('',#3252,1.);
#3252 = DIRECTION('',(0.,0.,-1.));
#3253 = PLANE('',#3254);
#3254 = AXIS2_PLACEMENT_3D('',#3255,#3256,#3257);
#3255 = CARTESIAN_POINT('',(29.032505989075,-64.61426544189,1.5));
#3256 = DIRECTION('',(0.382682787468,-0.923879799636,0.));
#3257 = DIRECTION('',(-0.923879799636,-0.382682787468,0.));
#3258 = ADVANCED_FACE('',(#3259),#3284,.F.);
#3259 = FACE_BOUND('',#3260,.F.);
#3260 = EDGE_LOOP('',(#3261,#3269,#3270,#3278));
#3261 = ORIENTED_EDGE('',*,*,#3262,.T.);
#3262 = EDGE_CURVE('',#3263,#3232,#3265,.T.);
#3263 = VERTEX_POINT('',#3264);
#3264 = CARTESIAN_POINT('',(28.196878433228,-65.14688110351,0.));
#3265 = LINE('',#3266,#3267);
#3266 = CARTESIAN_POINT('',(28.196878433228,-65.14688110351,0.));
#3267 = VECTOR('',#3268,1.);
#3268 = DIRECTION('',(0.793352835267,0.608762087169,0.));
#3269 = ORIENTED_EDGE('',*,*,#3248,.F.);
#3270 = ORIENTED_EDGE('',*,*,#3271,.T.);
#3271 = EDGE_CURVE('',#3241,#3272,#3274,.T.);
#3272 = VERTEX_POINT('',#3273);
#3273 = CARTESIAN_POINT('',(28.196878433228,-65.14688110351,3.));
#3274 = LINE('',#3275,#3276);
#3275 = CARTESIAN_POINT('',(28.72500038147,-64.74163818359,3.));
#3276 = VECTOR('',#3277,1.);
#3277 = DIRECTION('',(-0.793352835267,-0.608762087169,0.));
#3278 = ORIENTED_EDGE('',*,*,#3279,.T.);
#3279 = EDGE_CURVE('',#3272,#3263,#3280,.T.);
#3280 = LINE('',#3281,#3282);
#3281 = CARTESIAN_POINT('',(28.196878433228,-65.14688110351,3.));
#3282 = VECTOR('',#3283,1.);
#3283 = DIRECTION('',(0.,0.,-1.));
#3284 = PLANE('',#3285);
#3285 = AXIS2_PLACEMENT_3D('',#3286,#3287,#3288);
#3286 = CARTESIAN_POINT('',(28.460939407349,-64.94425964355,1.5));
#3287 = DIRECTION('',(0.608762087169,-0.793352835267,0.));
#3288 = DIRECTION('',(-0.793352835267,-0.608762087169,0.));
#3289 = ADVANCED_FACE('',(#3290),#3315,.F.);
#3290 = FACE_BOUND('',#3291,.F.);
#3291 = EDGE_LOOP('',(#3292,#3300,#3301,#3309));
#3292 = ORIENTED_EDGE('',*,*,#3293,.T.);
#3293 = EDGE_CURVE('',#3294,#3263,#3296,.T.);
#3294 = VERTEX_POINT('',#3295);
#3295 = CARTESIAN_POINT('',(27.791635513306,-65.67500305175,0.));
#3296 = LINE('',#3297,#3298);
#3297 = CARTESIAN_POINT('',(27.791635513306,-65.67500305175,0.));
#3298 = VECTOR('',#3299,1.);
#3299 = DIRECTION('',(0.608762087169,0.793352835267,0.));
#3300 = ORIENTED_EDGE('',*,*,#3279,.F.);
#3301 = ORIENTED_EDGE('',*,*,#3302,.T.);
#3302 = EDGE_CURVE('',#3272,#3303,#3305,.T.);
#3303 = VERTEX_POINT('',#3304);
#3304 = CARTESIAN_POINT('',(27.791635513306,-65.67500305175,3.));
#3305 = LINE('',#3306,#3307);
#3306 = CARTESIAN_POINT('',(28.196878433228,-65.14688110351,3.));
#3307 = VECTOR('',#3308,1.);
#3308 = DIRECTION('',(-0.608762087169,-0.793352835267,0.));
#3309 = ORIENTED_EDGE('',*,*,#3310,.T.);
#3310 = EDGE_CURVE('',#3303,#3294,#3311,.T.);
#3311 = LINE('',#3312,#3313);
#3312 = CARTESIAN_POINT('',(27.791635513306,-65.67500305175,3.));
#3313 = VECTOR('',#3314,1.);
#3314 = DIRECTION('',(0.,0.,-1.));
#3315 = PLANE('',#3316);
#3316 = AXIS2_PLACEMENT_3D('',#3317,#3318,#3319);
#3317 = CARTESIAN_POINT('',(27.994256973267,-65.41094207763,1.5));
#3318 = DIRECTION('',(0.793352835267,-0.608762087169,0.));
#3319 = DIRECTION('',(0.608762087169,0.793352835267,0.));
#3320 = ADVANCED_FACE('',(#3321),#3346,.F.);
#3321 = FACE_BOUND('',#3322,.F.);
#3322 = EDGE_LOOP('',(#3323,#3331,#3332,#3340));
#3323 = ORIENTED_EDGE('',*,*,#3324,.T.);
#3324 = EDGE_CURVE('',#3325,#3294,#3327,.T.);
#3325 = VERTEX_POINT('',#3326);
#3326 = CARTESIAN_POINT('',(27.536890029907,-66.29000854492,0.));
#3327 = LINE('',#3328,#3329);
#3328 = CARTESIAN_POINT('',(27.536890029907,-66.29000854492,0.));
#3329 = VECTOR('',#3330,1.);
#3330 = DIRECTION('',(0.382685826542,0.923878540807,0.));
#3331 = ORIENTED_EDGE('',*,*,#3310,.F.);
#3332 = ORIENTED_EDGE('',*,*,#3333,.T.);
#3333 = EDGE_CURVE('',#3303,#3334,#3336,.T.);
#3334 = VERTEX_POINT('',#3335);
#3335 = CARTESIAN_POINT('',(27.536890029907,-66.29000854492,3.));
#3336 = LINE('',#3337,#3338);
#3337 = CARTESIAN_POINT('',(27.791635513306,-65.67500305175,3.));
#3338 = VECTOR('',#3339,1.);
#3339 = DIRECTION('',(-0.382685826542,-0.923878540807,0.));
#3340 = ORIENTED_EDGE('',*,*,#3341,.T.);
#3341 = EDGE_CURVE('',#3334,#3325,#3342,.T.);
#3342 = LINE('',#3343,#3344);
#3343 = CARTESIAN_POINT('',(27.536890029907,-66.29000854492,3.));
#3344 = VECTOR('',#3345,1.);
#3345 = DIRECTION('',(0.,0.,-1.));
#3346 = PLANE('',#3347);
#3347 = AXIS2_PLACEMENT_3D('',#3348,#3349,#3350);
#3348 = CARTESIAN_POINT('',(27.664262771606,-65.98250579834,1.5));
#3349 = DIRECTION('',(0.923878540807,-0.382685826542,0.));
#3350 = DIRECTION('',(0.382685826542,0.923878540807,0.));
#3351 = ADVANCED_FACE('',(#3352),#3377,.F.);
#3352 = FACE_BOUND('',#3353,.F.);
#3353 = EDGE_LOOP('',(#3354,#3362,#3363,#3371));
#3354 = ORIENTED_EDGE('',*,*,#3355,.T.);
#3355 = EDGE_CURVE('',#3356,#3325,#3358,.T.);
#3356 = VERTEX_POINT('',#3357);
#3357 = CARTESIAN_POINT('',(27.450000762939,-66.94999694824,0.));
#3358 = LINE('',#3359,#3360);
#3359 = CARTESIAN_POINT('',(27.450000762939,-66.94999694824,0.));
#3360 = VECTOR('',#3361,1.);
#3361 = DIRECTION('',(0.130526406761,0.991444833129,0.));
#3362 = ORIENTED_EDGE('',*,*,#3341,.F.);
#3363 = ORIENTED_EDGE('',*,*,#3364,.T.);
#3364 = EDGE_CURVE('',#3334,#3365,#3367,.T.);
#3365 = VERTEX_POINT('',#3366);
#3366 = CARTESIAN_POINT('',(27.450000762939,-66.94999694824,3.));
#3367 = LINE('',#3368,#3369);
#3368 = CARTESIAN_POINT('',(27.536890029907,-66.29000854492,3.));
#3369 = VECTOR('',#3370,1.);
#3370 = DIRECTION('',(-0.130526406761,-0.991444833129,0.));
#3371 = ORIENTED_EDGE('',*,*,#3372,.F.);
#3372 = EDGE_CURVE('',#3356,#3365,#3373,.T.);
#3373 = LINE('',#3374,#3375);
#3374 = CARTESIAN_POINT('',(27.450000762939,-66.94999694824,0.));
#3375 = VECTOR('',#3376,1.);
#3376 = DIRECTION('',(0.,0.,1.));
#3377 = PLANE('',#3378);
#3378 = AXIS2_PLACEMENT_3D('',#3379,#3380,#3381);
#3379 = CARTESIAN_POINT('',(27.493445396423,-66.62000274658,1.5));
#3380 = DIRECTION('',(0.991444833129,-0.130526406761,0.));
#3381 = DIRECTION('',(0.130526406761,0.991444833129,0.));
#3382 = ADVANCED_FACE('',(#3383),#3408,.F.);
#3383 = FACE_BOUND('',#3384,.F.);
#3384 = EDGE_LOOP('',(#3385,#3386,#3394,#3402));
#3385 = ORIENTED_EDGE('',*,*,#3372,.T.);
#3386 = ORIENTED_EDGE('',*,*,#3387,.T.);
#3387 = EDGE_CURVE('',#3365,#3388,#3390,.T.);
#3388 = VERTEX_POINT('',#3389);
#3389 = CARTESIAN_POINT('',(27.450000762939,-88.44999694824,3.));
#3390 = LINE('',#3391,#3392);
#3391 = CARTESIAN_POINT('',(27.450000762939,-66.94999694824,3.));
#3392 = VECTOR('',#3393,1.);
#3393 = DIRECTION('',(0.,-1.,0.));
#3394 = ORIENTED_EDGE('',*,*,#3395,.F.);
#3395 = EDGE_CURVE('',#3396,#3388,#3398,.T.);
#3396 = VERTEX_POINT('',#3397);
#3397 = CARTESIAN_POINT('',(27.450000762939,-88.44999694824,0.));
#3398 = LINE('',#3399,#3400);
#3399 = CARTESIAN_POINT('',(27.450000762939,-88.44999694824,0.));
#3400 = VECTOR('',#3401,1.);
#3401 = DIRECTION('',(0.,0.,1.));
#3402 = ORIENTED_EDGE('',*,*,#3403,.T.);
#3403 = EDGE_CURVE('',#3396,#3356,#3404,.T.);
#3404 = LINE('',#3405,#3406);
#3405 = CARTESIAN_POINT('',(27.450000762939,-88.44999694824,0.));
#3406 = VECTOR('',#3407,1.);
#3407 = DIRECTION('',(0.,1.,0.));
#3408 = PLANE('',#3409);
#3409 = AXIS2_PLACEMENT_3D('',#3410,#3411,#3412);
#3410 = CARTESIAN_POINT('',(27.450000762939,-77.69999694824,1.5));
#3411 = DIRECTION('',(1.,0.,0.));
#3412 = DIRECTION('',(0.,0.,1.));
#3413 = ADVANCED_FACE('',(#3414),#3448,.F.);
#3414 = FACE_BOUND('',#3415,.F.);
#3415 = EDGE_LOOP('',(#3416,#3426,#3434,#3442));
#3416 = ORIENTED_EDGE('',*,*,#3417,.T.);
#3417 = EDGE_CURVE('',#3418,#3420,#3422,.T.);
#3418 = VERTEX_POINT('',#3419);
#3419 = CARTESIAN_POINT('',(12.463110923767,-66.29000854492,0.));
#3420 = VERTEX_POINT('',#3421);
#3421 = CARTESIAN_POINT('',(12.550000190735,-66.94999694824,0.));
#3422 = LINE('',#3423,#3424);
#3423 = CARTESIAN_POINT('',(12.463110923767,-66.29000854492,0.));
#3424 = VECTOR('',#3425,1.);
#3425 = DIRECTION('',(0.130526406761,-0.991444833129,0.));
#3426 = ORIENTED_EDGE('',*,*,#3427,.T.);
#3427 = EDGE_CURVE('',#3420,#3428,#3430,.T.);
#3428 = VERTEX_POINT('',#3429);
#3429 = CARTESIAN_POINT('',(12.550000190735,-66.94999694824,3.));
#3430 = LINE('',#3431,#3432);
#3431 = CARTESIAN_POINT('',(12.550000190735,-66.94999694824,0.));
#3432 = VECTOR('',#3433,1.);
#3433 = DIRECTION('',(0.,0.,1.));
#3434 = ORIENTED_EDGE('',*,*,#3435,.T.);
#3435 = EDGE_CURVE('',#3428,#3436,#3438,.T.);
#3436 = VERTEX_POINT('',#3437);
#3437 = CARTESIAN_POINT('',(12.463110923767,-66.29000854492,3.));
#3438 = LINE('',#3439,#3440);
#3439 = CARTESIAN_POINT('',(12.550000190735,-66.94999694824,3.));
#3440 = VECTOR('',#3441,1.);
#3441 = DIRECTION('',(-0.130526406761,0.991444833129,0.));
#3442 = ORIENTED_EDGE('',*,*,#3443,.T.);
#3443 = EDGE_CURVE('',#3436,#3418,#3444,.T.);
#3444 = LINE('',#3445,#3446);
#3445 = CARTESIAN_POINT('',(12.463110923767,-66.29000854492,3.));
#3446 = VECTOR('',#3447,1.);
#3447 = DIRECTION('',(0.,0.,-1.));
#3448 = PLANE('',#3449);
#3449 = AXIS2_PLACEMENT_3D('',#3450,#3451,#3452);
#3450 = CARTESIAN_POINT('',(12.506555557251,-66.62000274658,1.5));
#3451 = DIRECTION('',(-0.991444833129,-0.130526406761,-0.));
#3452 = DIRECTION('',(0.130526406761,-0.991444833129,0.));
#3453 = ADVANCED_FACE('',(#3454),#3479,.F.);
#3454 = FACE_BOUND('',#3455,.F.);
#3455 = EDGE_LOOP('',(#3456,#3464,#3465,#3473));
#3456 = ORIENTED_EDGE('',*,*,#3457,.T.);
#3457 = EDGE_CURVE('',#3458,#3418,#3460,.T.);
#3458 = VERTEX_POINT('',#3459);
#3459 = CARTESIAN_POINT('',(12.208364486694,-65.67500305175,0.));
#3460 = LINE('',#3461,#3462);
#3461 = CARTESIAN_POINT('',(12.208364486694,-65.67500305175,0.));
#3462 = VECTOR('',#3463,1.);
#3463 = DIRECTION('',(0.38268704937,-0.923878034291,0.));
#3464 = ORIENTED_EDGE('',*,*,#3443,.F.);
#3465 = ORIENTED_EDGE('',*,*,#3466,.T.);
#3466 = EDGE_CURVE('',#3436,#3467,#3469,.T.);
#3467 = VERTEX_POINT('',#3468);
#3468 = CARTESIAN_POINT('',(12.208364486694,-65.67500305175,3.));
#3469 = LINE('',#3470,#3471);
#3470 = CARTESIAN_POINT('',(12.463110923767,-66.29000854492,3.));
#3471 = VECTOR('',#3472,1.);
#3472 = DIRECTION('',(-0.38268704937,0.923878034291,0.));
#3473 = ORIENTED_EDGE('',*,*,#3474,.T.);
#3474 = EDGE_CURVE('',#3467,#3458,#3475,.T.);
#3475 = LINE('',#3476,#3477);
#3476 = CARTESIAN_POINT('',(12.208364486694,-65.67500305175,3.));
#3477 = VECTOR('',#3478,1.);
#3478 = DIRECTION('',(0.,0.,-1.));
#3479 = PLANE('',#3480);
#3480 = AXIS2_PLACEMENT_3D('',#3481,#3482,#3483);
#3481 = CARTESIAN_POINT('',(12.335737705231,-65.98250579834,1.5));
#3482 = DIRECTION('',(-0.923878034291,-0.38268704937,-0.));
#3483 = DIRECTION('',(0.38268704937,-0.923878034291,0.));
#3484 = ADVANCED_FACE('',(#3485),#3510,.F.);
#3485 = FACE_BOUND('',#3486,.F.);
#3486 = EDGE_LOOP('',(#3487,#3495,#3496,#3504));
#3487 = ORIENTED_EDGE('',*,*,#3488,.T.);
#3488 = EDGE_CURVE('',#3489,#3458,#3491,.T.);
#3489 = VERTEX_POINT('',#3490);
#3490 = CARTESIAN_POINT('',(11.803122520447,-65.14688110351,0.));
#3491 = LINE('',#3492,#3493);
#3492 = CARTESIAN_POINT('',(11.803122520447,-65.14688110351,0.));
#3493 = VECTOR('',#3494,1.);
#3494 = DIRECTION('',(0.608761185462,-0.793353527171,0.));
#3495 = ORIENTED_EDGE('',*,*,#3474,.F.);
#3496 = ORIENTED_EDGE('',*,*,#3497,.T.);
#3497 = EDGE_CURVE('',#3467,#3498,#3500,.T.);
#3498 = VERTEX_POINT('',#3499);
#3499 = CARTESIAN_POINT('',(11.803122520447,-65.14688110351,3.));
#3500 = LINE('',#3501,#3502);
#3501 = CARTESIAN_POINT('',(12.208364486694,-65.67500305175,3.));
#3502 = VECTOR('',#3503,1.);
#3503 = DIRECTION('',(-0.608761185462,0.793353527171,0.));
#3504 = ORIENTED_EDGE('',*,*,#3505,.T.);
#3505 = EDGE_CURVE('',#3498,#3489,#3506,.T.);
#3506 = LINE('',#3507,#3508);
#3507 = CARTESIAN_POINT('',(11.803122520447,-65.14688110351,3.));
#3508 = VECTOR('',#3509,1.);
#3509 = DIRECTION('',(0.,0.,-1.));
#3510 = PLANE('',#3511);
#3511 = AXIS2_PLACEMENT_3D('',#3512,#3513,#3514);
#3512 = CARTESIAN_POINT('',(12.005743503571,-65.41094207763,1.5));
#3513 = DIRECTION('',(-0.793353527171,-0.608761185462,-0.));
#3514 = DIRECTION('',(0.608761185462,-0.793353527171,0.));
#3515 = ADVANCED_FACE('',(#3516),#3541,.F.);
#3516 = FACE_BOUND('',#3517,.F.);
#3517 = EDGE_LOOP('',(#3518,#3526,#3527,#3535));
#3518 = ORIENTED_EDGE('',*,*,#3519,.T.);
#3519 = EDGE_CURVE('',#3520,#3489,#3522,.T.);
#3520 = VERTEX_POINT('',#3521);
#3521 = CARTESIAN_POINT('',(11.27499961853,-64.74163818359,0.));
#3522 = LINE('',#3523,#3524);
#3523 = CARTESIAN_POINT('',(11.27499961853,-64.74163818359,0.));
#3524 = VECTOR('',#3525,1.);
#3525 = DIRECTION('',(0.793353366184,-0.608761395265,0.));
#3526 = ORIENTED_EDGE('',*,*,#3505,.F.);
#3527 = ORIENTED_EDGE('',*,*,#3528,.T.);
#3528 = EDGE_CURVE('',#3498,#3529,#3531,.T.);
#3529 = VERTEX_POINT('',#3530);
#3530 = CARTESIAN_POINT('',(11.27499961853,-64.74163818359,3.));
#3531 = LINE('',#3532,#3533);
#3532 = CARTESIAN_POINT('',(11.803122520447,-65.14688110351,3.));
#3533 = VECTOR('',#3534,1.);
#3534 = DIRECTION('',(-0.793353366184,0.608761395265,0.));
#3535 = ORIENTED_EDGE('',*,*,#3536,.T.);
#3536 = EDGE_CURVE('',#3529,#3520,#3537,.T.);
#3537 = LINE('',#3538,#3539);
#3538 = CARTESIAN_POINT('',(11.27499961853,-64.74163818359,3.));
#3539 = VECTOR('',#3540,1.);
#3540 = DIRECTION('',(0.,0.,-1.));
#3541 = PLANE('',#3542);
#3542 = AXIS2_PLACEMENT_3D('',#3543,#3544,#3545);
#3543 = CARTESIAN_POINT('',(11.539061069489,-64.94425964355,1.5));
#3544 = DIRECTION('',(-0.608761395265,-0.793353366184,-0.));
#3545 = DIRECTION('',(-0.793353366184,0.608761395265,0.));
#3546 = ADVANCED_FACE('',(#3547),#3572,.F.);
#3547 = FACE_BOUND('',#3548,.F.);
#3548 = EDGE_LOOP('',(#3549,#3557,#3558,#3566));
#3549 = ORIENTED_EDGE('',*,*,#3550,.T.);
#3550 = EDGE_CURVE('',#3551,#3520,#3553,.T.);
#3551 = VERTEX_POINT('',#3552);
#3552 = CARTESIAN_POINT('',(10.65998840332,-64.48689270019,0.));
#3553 = LINE('',#3554,#3555);
#3554 = CARTESIAN_POINT('',(10.65998840332,-64.48689270019,0.));
#3555 = VECTOR('',#3556,1.);
#3556 = DIRECTION('',(0.923879799636,-0.382682787468,0.));
#3557 = ORIENTED_EDGE('',*,*,#3536,.F.);
#3558 = ORIENTED_EDGE('',*,*,#3559,.T.);
#3559 = EDGE_CURVE('',#3529,#3560,#3562,.T.);
#3560 = VERTEX_POINT('',#3561);
#3561 = CARTESIAN_POINT('',(10.65998840332,-64.48689270019,3.));
#3562 = LINE('',#3563,#3564);
#3563 = CARTESIAN_POINT('',(11.27499961853,-64.74163818359,3.));
#3564 = VECTOR('',#3565,1.);
#3565 = DIRECTION('',(-0.923879799636,0.382682787468,0.));
#3566 = ORIENTED_EDGE('',*,*,#3567,.T.);
#3567 = EDGE_CURVE('',#3560,#3551,#3568,.T.);
#3568 = LINE('',#3569,#3570);
#3569 = CARTESIAN_POINT('',(10.65998840332,-64.48689270019,3.));
#3570 = VECTOR('',#3571,1.);
#3571 = DIRECTION('',(0.,0.,-1.));
#3572 = PLANE('',#3573);
#3573 = AXIS2_PLACEMENT_3D('',#3574,#3575,#3576);
#3574 = CARTESIAN_POINT('',(10.967494010925,-64.61426544189,1.5));
#3575 = DIRECTION('',(-0.382682787468,-0.923879799636,-0.));
#3576 = DIRECTION('',(-0.923879799636,0.382682787468,0.));
#3577 = ADVANCED_FACE('',(#3578),#3603,.F.);
#3578 = FACE_BOUND('',#3579,.F.);
#3579 = EDGE_LOOP('',(#3580,#3588,#3589,#3597));
#3580 = ORIENTED_EDGE('',*,*,#3581,.T.);
#3581 = EDGE_CURVE('',#3582,#3551,#3584,.T.);
#3582 = VERTEX_POINT('',#3583);
#3583 = CARTESIAN_POINT('',(10.,-64.40000152587,0.));
#3584 = LINE('',#3585,#3586);
#3585 = CARTESIAN_POINT('',(10.,-64.40000152587,0.));
#3586 = VECTOR('',#3587,1.);
#3587 = DIRECTION('',(0.991444462334,-0.130529223193,0.));
#3588 = ORIENTED_EDGE('',*,*,#3567,.F.);
#3589 = ORIENTED_EDGE('',*,*,#3590,.T.);
#3590 = EDGE_CURVE('',#3560,#3591,#3593,.T.);
#3591 = VERTEX_POINT('',#3592);
#3592 = CARTESIAN_POINT('',(10.,-64.40000152587,3.));
#3593 = LINE('',#3594,#3595);
#3594 = CARTESIAN_POINT('',(10.65998840332,-64.48689270019,3.));
#3595 = VECTOR('',#3596,1.);
#3596 = DIRECTION('',(-0.991444462334,0.130529223193,0.));
#3597 = ORIENTED_EDGE('',*,*,#3598,.T.);
#3598 = EDGE_CURVE('',#3591,#3582,#3599,.T.);
#3599 = LINE('',#3600,#3601);
#3600 = CARTESIAN_POINT('',(10.,-64.40000152587,3.));
#3601 = VECTOR('',#3602,1.);
#3602 = DIRECTION('',(0.,0.,-1.));
#3603 = PLANE('',#3604);
#3604 = AXIS2_PLACEMENT_3D('',#3605,#3606,#3607);
#3605 = CARTESIAN_POINT('',(10.32999420166,-64.44344711303,1.5));
#3606 = DIRECTION('',(-0.130529223193,-0.991444462334,-0.));
#3607 = DIRECTION('',(-0.991444462334,0.130529223193,0.));
#3608 = ADVANCED_FACE('',(#3609),#3634,.F.);
#3609 = FACE_BOUND('',#3610,.F.);
#3610 = EDGE_LOOP('',(#3611,#3619,#3620,#3628));
#3611 = ORIENTED_EDGE('',*,*,#3612,.T.);
#3612 = EDGE_CURVE('',#3613,#3582,#3615,.T.);
#3613 = VERTEX_POINT('',#3614);
#3614 = CARTESIAN_POINT('',(9.34001159668,-64.48689270019,0.));
#3615 = LINE('',#3616,#3617);
#3616 = CARTESIAN_POINT('',(9.34001159668,-64.48689270019,0.));
#3617 = VECTOR('',#3618,1.);
#3618 = DIRECTION('',(0.991444462334,0.130529223193,0.));
#3619 = ORIENTED_EDGE('',*,*,#3598,.F.);
#3620 = ORIENTED_EDGE('',*,*,#3621,.T.);
#3621 = EDGE_CURVE('',#3591,#3622,#3624,.T.);
#3622 = VERTEX_POINT('',#3623);
#3623 = CARTESIAN_POINT('',(9.34001159668,-64.48689270019,3.));
#3624 = LINE('',#3625,#3626);
#3625 = CARTESIAN_POINT('',(10.,-64.40000152587,3.));
#3626 = VECTOR('',#3627,1.);
#3627 = DIRECTION('',(-0.991444462334,-0.130529223193,0.));
#3628 = ORIENTED_EDGE('',*,*,#3629,.T.);
#3629 = EDGE_CURVE('',#3622,#3613,#3630,.T.);
#3630 = LINE('',#3631,#3632);
#3631 = CARTESIAN_POINT('',(9.34001159668,-64.48689270019,3.));
#3632 = VECTOR('',#3633,1.);
#3633 = DIRECTION('',(0.,0.,-1.));
#3634 = PLANE('',#3635);
#3635 = AXIS2_PLACEMENT_3D('',#3636,#3637,#3638);
#3636 = CARTESIAN_POINT('',(9.67000579834,-64.44344711303,1.5));
#3637 = DIRECTION('',(0.130529223193,-0.991444462334,0.));
#3638 = DIRECTION('',(-0.991444462334,-0.130529223193,0.));
#3639 = ADVANCED_FACE('',(#3640),#3665,.F.);
#3640 = FACE_BOUND('',#3641,.F.);
#3641 = EDGE_LOOP('',(#3642,#3650,#3651,#3659));
#3642 = ORIENTED_EDGE('',*,*,#3643,.T.);
#3643 = EDGE_CURVE('',#3644,#3613,#3646,.T.);
#3644 = VERTEX_POINT('',#3645);
#3645 = CARTESIAN_POINT('',(8.72500038147,-64.74163818359,0.));
#3646 = LINE('',#3647,#3648);
#3647 = CARTESIAN_POINT('',(8.72500038147,-64.74163818359,0.));
#3648 = VECTOR('',#3649,1.);
#3649 = DIRECTION('',(0.923879799636,0.382682787468,0.));
#3650 = ORIENTED_EDGE('',*,*,#3629,.F.);
#3651 = ORIENTED_EDGE('',*,*,#3652,.T.);
#3652 = EDGE_CURVE('',#3622,#3653,#3655,.T.);
#3653 = VERTEX_POINT('',#3654);
#3654 = CARTESIAN_POINT('',(8.72500038147,-64.74163818359,3.));
#3655 = LINE('',#3656,#3657);
#3656 = CARTESIAN_POINT('',(9.34001159668,-64.48689270019,3.));
#3657 = VECTOR('',#3658,1.);
#3658 = DIRECTION('',(-0.923879799636,-0.382682787468,0.));
#3659 = ORIENTED_EDGE('',*,*,#3660,.F.);
#3660 = EDGE_CURVE('',#3644,#3653,#3661,.T.);
#3661 = LINE('',#3662,#3663);
#3662 = CARTESIAN_POINT('',(8.72500038147,-64.74163818359,0.));
#3663 = VECTOR('',#3664,1.);
#3664 = DIRECTION('',(0.,0.,1.));
#3665 = PLANE('',#3666);
#3666 = AXIS2_PLACEMENT_3D('',#3667,#3668,#3669);
#3667 = CARTESIAN_POINT('',(9.032505989075,-64.61426544189,1.5));
#3668 = DIRECTION('',(0.382682787468,-0.923879799636,0.));
#3669 = DIRECTION('',(-0.923879799636,-0.382682787468,0.));
#3670 = ADVANCED_FACE('',(#3671),#3696,.F.);
#3671 = FACE_BOUND('',#3672,.F.);
#3672 = EDGE_LOOP('',(#3673,#3674,#3682,#3690));
#3673 = ORIENTED_EDGE('',*,*,#3660,.T.);
#3674 = ORIENTED_EDGE('',*,*,#3675,.T.);
#3675 = EDGE_CURVE('',#3653,#3676,#3678,.T.);
#3676 = VERTEX_POINT('',#3677);
#3677 = CARTESIAN_POINT('',(8.196877479553,-65.14688110351,3.));
#3678 = LINE('',#3679,#3680);
#3679 = CARTESIAN_POINT('',(8.72500038147,-64.74163818359,3.));
#3680 = VECTOR('',#3681,1.);
#3681 = DIRECTION('',(-0.793353366184,-0.608761395265,0.));
#3682 = ORIENTED_EDGE('',*,*,#3683,.T.);
#3683 = EDGE_CURVE('',#3676,#3684,#3686,.T.);
#3684 = VERTEX_POINT('',#3685);
#3685 = CARTESIAN_POINT('',(8.196877479553,-65.14688110351,0.));
#3686 = LINE('',#3687,#3688);
#3687 = CARTESIAN_POINT('',(8.196877479553,-65.14688110351,3.));
#3688 = VECTOR('',#3689,1.);
#3689 = DIRECTION('',(0.,0.,-1.));
#3690 = ORIENTED_EDGE('',*,*,#3691,.T.);
#3691 = EDGE_CURVE('',#3684,#3644,#3692,.T.);
#3692 = LINE('',#3693,#3694);
#3693 = CARTESIAN_POINT('',(8.196877479553,-65.14688110351,0.));
#3694 = VECTOR('',#3695,1.);
#3695 = DIRECTION('',(0.793353366184,0.608761395265,0.));
#3696 = PLANE('',#3697);
#3697 = AXIS2_PLACEMENT_3D('',#3698,#3699,#3700);
#3698 = CARTESIAN_POINT('',(8.460938930511,-64.94425964355,1.5));
#3699 = DIRECTION('',(0.608761395265,-0.793353366184,0.));
#3700 = DIRECTION('',(-0.793353366184,-0.608761395265,0.));
#3701 = ADVANCED_FACE('',(#3702),#3727,.F.);
#3702 = FACE_BOUND('',#3703,.F.);
#3703 = EDGE_LOOP('',(#3704,#3712,#3713,#3721));
#3704 = ORIENTED_EDGE('',*,*,#3705,.T.);
#3705 = EDGE_CURVE('',#3706,#3684,#3708,.T.);
#3706 = VERTEX_POINT('',#3707);
#3707 = CARTESIAN_POINT('',(7.791635036469,-65.67500305175,0.));
#3708 = LINE('',#3709,#3710);
#3709 = CARTESIAN_POINT('',(7.791635036469,-65.67500305175,0.));
#3710 = VECTOR('',#3711,1.);
#3711 = DIRECTION('',(0.608761636316,0.793353181219,0.));
#3712 = ORIENTED_EDGE('',*,*,#3683,.F.);
#3713 = ORIENTED_EDGE('',*,*,#3714,.T.);
#3714 = EDGE_CURVE('',#3676,#3715,#3717,.T.);
#3715 = VERTEX_POINT('',#3716);
#3716 = CARTESIAN_POINT('',(7.791635036469,-65.67500305175,3.));
#3717 = LINE('',#3718,#3719);
#3718 = CARTESIAN_POINT('',(8.196877479553,-65.14688110351,3.));
#3719 = VECTOR('',#3720,1.);
#3720 = DIRECTION('',(-0.608761636316,-0.793353181219,0.));
#3721 = ORIENTED_EDGE('',*,*,#3722,.T.);
#3722 = EDGE_CURVE('',#3715,#3706,#3723,.T.);
#3723 = LINE('',#3724,#3725);
#3724 = CARTESIAN_POINT('',(7.791635036469,-65.67500305175,3.));
#3725 = VECTOR('',#3726,1.);
#3726 = DIRECTION('',(0.,0.,-1.));
#3727 = PLANE('',#3728);
#3728 = AXIS2_PLACEMENT_3D('',#3729,#3730,#3731);
#3729 = CARTESIAN_POINT('',(7.994256258011,-65.41094207763,1.5));
#3730 = DIRECTION('',(0.793353181219,-0.608761636316,0.));
#3731 = DIRECTION('',(0.608761636316,0.793353181219,0.));
#3732 = ADVANCED_FACE('',(#3733),#3758,.F.);
#3733 = FACE_BOUND('',#3734,.F.);
#3734 = EDGE_LOOP('',(#3735,#3743,#3744,#3752));
#3735 = ORIENTED_EDGE('',*,*,#3736,.T.);
#3736 = EDGE_CURVE('',#3737,#3706,#3739,.T.);
#3737 = VERTEX_POINT('',#3738);
#3738 = CARTESIAN_POINT('',(7.536889076233,-66.29000854492,0.));
#3739 = LINE('',#3740,#3741);
#3740 = CARTESIAN_POINT('',(7.536889076233,-66.29000854492,0.));
#3741 = VECTOR('',#3742,1.);
#3742 = DIRECTION('',(0.382686437956,0.923878287549,0.));
#3743 = ORIENTED_EDGE('',*,*,#3722,.F.);
#3744 = ORIENTED_EDGE('',*,*,#3745,.T.);
#3745 = EDGE_CURVE('',#3715,#3746,#3748,.T.);
#3746 = VERTEX_POINT('',#3747);
#3747 = CARTESIAN_POINT('',(7.536889076233,-66.29000854492,3.));
#3748 = LINE('',#3749,#3750);
#3749 = CARTESIAN_POINT('',(7.791635036469,-65.67500305175,3.));
#3750 = VECTOR('',#3751,1.);
#3751 = DIRECTION('',(-0.382686437956,-0.923878287549,0.));
#3752 = ORIENTED_EDGE('',*,*,#3753,.T.);
#3753 = EDGE_CURVE('',#3746,#3737,#3754,.T.);
#3754 = LINE('',#3755,#3756);
#3755 = CARTESIAN_POINT('',(7.536889076233,-66.29000854492,3.));
#3756 = VECTOR('',#3757,1.);
#3757 = DIRECTION('',(0.,0.,-1.));
#3758 = PLANE('',#3759);
#3759 = AXIS2_PLACEMENT_3D('',#3760,#3761,#3762);
#3760 = CARTESIAN_POINT('',(7.664262056351,-65.98250579834,1.5));
#3761 = DIRECTION('',(0.923878287549,-0.382686437956,0.));
#3762 = DIRECTION('',(0.382686437956,0.923878287549,0.));
#3763 = ADVANCED_FACE('',(#3764),#3789,.F.);
#3764 = FACE_BOUND('',#3765,.F.);
#3765 = EDGE_LOOP('',(#3766,#3774,#3775,#3783));
#3766 = ORIENTED_EDGE('',*,*,#3767,.T.);
#3767 = EDGE_CURVE('',#3768,#3737,#3770,.T.);
#3768 = VERTEX_POINT('',#3769);
#3769 = CARTESIAN_POINT('',(7.449999809265,-66.94999694824,0.));
#3770 = LINE('',#3771,#3772);
#3771 = CARTESIAN_POINT('',(7.449999809265,-66.94999694824,0.));
#3772 = VECTOR('',#3773,1.);
#3773 = DIRECTION('',(0.130526406761,0.991444833129,0.));
#3774 = ORIENTED_EDGE('',*,*,#3753,.F.);
#3775 = ORIENTED_EDGE('',*,*,#3776,.T.);
#3776 = EDGE_CURVE('',#3746,#3777,#3779,.T.);
#3777 = VERTEX_POINT('',#3778);
#3778 = CARTESIAN_POINT('',(7.449999809265,-66.94999694824,3.));
#3779 = LINE('',#3780,#3781);
#3780 = CARTESIAN_POINT('',(7.536889076233,-66.29000854492,3.));
#3781 = VECTOR('',#3782,1.);
#3782 = DIRECTION('',(-0.130526406761,-0.991444833129,0.));
#3783 = ORIENTED_EDGE('',*,*,#3784,.T.);
#3784 = EDGE_CURVE('',#3777,#3768,#3785,.T.);
#3785 = LINE('',#3786,#3787);
#3786 = CARTESIAN_POINT('',(7.449999809265,-66.94999694824,3.));
#3787 = VECTOR('',#3788,1.);
#3788 = DIRECTION('',(0.,0.,-1.));
#3789 = PLANE('',#3790);
#3790 = AXIS2_PLACEMENT_3D('',#3791,#3792,#3793);
#3791 = CARTESIAN_POINT('',(7.493444442749,-66.62000274658,1.5));
#3792 = DIRECTION('',(0.991444833129,-0.130526406761,0.));
#3793 = DIRECTION('',(0.130526406761,0.991444833129,0.));
#3794 = ADVANCED_FACE('',(#3795),#3820,.F.);
#3795 = FACE_BOUND('',#3796,.F.);
#3796 = EDGE_LOOP('',(#3797,#3798,#3806,#3814));
#3797 = ORIENTED_EDGE('',*,*,#3427,.F.);
#3798 = ORIENTED_EDGE('',*,*,#3799,.T.);
#3799 = EDGE_CURVE('',#3420,#3800,#3802,.T.);
#3800 = VERTEX_POINT('',#3801);
#3801 = CARTESIAN_POINT('',(12.550000190735,-88.44999694824,0.));
#3802 = LINE('',#3803,#3804);
#3803 = CARTESIAN_POINT('',(12.550000190735,-66.94999694824,0.));
#3804 = VECTOR('',#3805,1.);
#3805 = DIRECTION('',(0.,-1.,0.));
#3806 = ORIENTED_EDGE('',*,*,#3807,.T.);
#3807 = EDGE_CURVE('',#3800,#3808,#3810,.T.);
#3808 = VERTEX_POINT('',#3809);
#3809 = CARTESIAN_POINT('',(12.550000190735,-88.44999694824,3.));
#3810 = LINE('',#3811,#3812);
#3811 = CARTESIAN_POINT('',(12.550000190735,-88.44999694824,0.));
#3812 = VECTOR('',#3813,1.);
#3813 = DIRECTION('',(0.,0.,1.));
#3814 = ORIENTED_EDGE('',*,*,#3815,.T.);
#3815 = EDGE_CURVE('',#3808,#3428,#3816,.T.);
#3816 = LINE('',#3817,#3818);
#3817 = CARTESIAN_POINT('',(12.550000190735,-88.44999694824,3.));
#3818 = VECTOR('',#3819,1.);
#3819 = DIRECTION('',(0.,1.,0.));
#3820 = PLANE('',#3821);
#3821 = AXIS2_PLACEMENT_3D('',#3822,#3823,#3824);
#3822 = CARTESIAN_POINT('',(12.550000190735,-77.69999694824,1.5));
#3823 = DIRECTION('',(-1.,-0.,-0.));
#3824 = DIRECTION('',(0.,0.,-1.));
#3825 = ADVANCED_FACE('',(#3826,#4116,#5334,#5591,#5865,#6122,#6396,
    #6670,#6928,#7186,#7444),#7702,.F.);
#3826 = FACE_BOUND('',#3827,.F.);
#3827 = EDGE_LOOP('',(#3828,#3838,#3846,#3854,#3862,#3870,#3878,#3886,
    #3894,#3902,#3910,#3918,#3926,#3934,#3942,#3950,#3958,#3966,#3974,
    #3982,#3990,#3998,#4006,#4014,#4022,#4030,#4038,#4046,#4054,#4062,
    #4070,#4078,#4086,#4094,#4102,#4110));
#3828 = ORIENTED_EDGE('',*,*,#3829,.F.);
#3829 = EDGE_CURVE('',#3830,#3832,#3834,.T.);
#3830 = VERTEX_POINT('',#3831);
#3831 = CARTESIAN_POINT('',(60.,-4.599999904633,0.));
#3832 = VERTEX_POINT('',#3833);
#3833 = CARTESIAN_POINT('',(59.911613464355,-3.702584505081,0.));
#3834 = LINE('',#3835,#3836);
#3835 = CARTESIAN_POINT('',(60.,-4.599999904633,0.));
#3836 = VECTOR('',#3837,1.);
#3837 = DIRECTION('',(-9.801585922552E-02,0.995184852849,0.));
#3838 = ORIENTED_EDGE('',*,*,#3839,.F.);
#3839 = EDGE_CURVE('',#3840,#3830,#3842,.T.);
#3840 = VERTEX_POINT('',#3841);
#3841 = CARTESIAN_POINT('',(60.,-91.90000152587,0.));
#3842 = LINE('',#3843,#3844);
#3843 = CARTESIAN_POINT('',(60.,-91.90000152587,0.));
#3844 = VECTOR('',#3845,1.);
#3845 = DIRECTION('',(0.,1.,0.));
#3846 = ORIENTED_EDGE('',*,*,#3847,.F.);
#3847 = EDGE_CURVE('',#3848,#3840,#3850,.T.);
#3848 = VERTEX_POINT('',#3849);
#3849 = CARTESIAN_POINT('',(59.911613464355,-92.79741668701,0.));
#3850 = LINE('',#3851,#3852);
#3851 = CARTESIAN_POINT('',(59.911613464355,-92.79741668701,0.));
#3852 = VECTOR('',#3853,1.);
#3853 = DIRECTION('',(9.801588501548E-02,0.995184850309,0.));
#3854 = ORIENTED_EDGE('',*,*,#3855,.F.);
#3855 = EDGE_CURVE('',#3856,#3848,#3858,.T.);
#3856 = VERTEX_POINT('',#3857);
#3857 = CARTESIAN_POINT('',(59.649845123291,-93.66034698486,0.));
#3858 = LINE('',#3859,#3860);
#3859 = CARTESIAN_POINT('',(59.649845123291,-93.66034698486,0.));
#3860 = VECTOR('',#3861,1.);
#3861 = DIRECTION('',(0.290285994381,0.956939936185,0.));
#3862 = ORIENTED_EDGE('',*,*,#3863,.F.);
#3863 = EDGE_CURVE('',#3864,#3856,#3866,.T.);
#3864 = VERTEX_POINT('',#3865);
#3865 = CARTESIAN_POINT('',(59.224761962891,-94.45561981201,0.));
#3866 = LINE('',#3867,#3868);
#3867 = CARTESIAN_POINT('',(59.224761962891,-94.45561981201,0.));
#3868 = VECTOR('',#3869,1.);
#3869 = DIRECTION('',(0.471397580525,0.881920813381,0.));
#3870 = ORIENTED_EDGE('',*,*,#3871,.F.);
#3871 = EDGE_CURVE('',#3872,#3864,#3874,.T.);
#3872 = VERTEX_POINT('',#3873);
#3873 = CARTESIAN_POINT('',(58.652690887451,-95.15269470214,0.));
#3874 = LINE('',#3875,#3876);
#3875 = CARTESIAN_POINT('',(58.652690887451,-95.15269470214,0.));
#3876 = VECTOR('',#3877,1.);
#3877 = DIRECTION('',(0.634390963254,0.773012358078,0.));
#3878 = ORIENTED_EDGE('',*,*,#3879,.F.);
#3879 = EDGE_CURVE('',#3880,#3872,#3882,.T.);
#3880 = VERTEX_POINT('',#3881);
#3881 = CARTESIAN_POINT('',(57.955623626709,-95.72476196289,0.));
#3882 = LINE('',#3883,#3884);
#3883 = CARTESIAN_POINT('',(57.955623626709,-95.72476196289,0.));
#3884 = VECTOR('',#3885,1.);
#3885 = DIRECTION('',(0.773011027598,0.634392584455,0.));
#3886 = ORIENTED_EDGE('',*,*,#3887,.F.);
#3887 = EDGE_CURVE('',#3888,#3880,#3890,.T.);
#3888 = VERTEX_POINT('',#3889);
#3889 = CARTESIAN_POINT('',(57.160343170166,-96.14984893798,0.));
#3890 = LINE('',#3891,#3892);
#3891 = CARTESIAN_POINT('',(57.160343170166,-96.14984893798,0.));
#3892 = VECTOR('',#3893,1.);
#3893 = DIRECTION('',(0.881920934774,0.471397353416,0.));
#3894 = ORIENTED_EDGE('',*,*,#3895,.F.);
#3895 = EDGE_CURVE('',#3896,#3888,#3898,.T.);
#3896 = VERTEX_POINT('',#3897);
#3897 = CARTESIAN_POINT('',(56.297416687012,-96.41161346435,0.));
#3898 = LINE('',#3899,#3900);
#3899 = CARTESIAN_POINT('',(56.297416687012,-96.41161346435,0.));
#3900 = VECTOR('',#3901,1.);
#3901 = DIRECTION('',(0.956940754831,0.290283295669,0.));
#3902 = ORIENTED_EDGE('',*,*,#3903,.F.);
#3903 = EDGE_CURVE('',#3904,#3896,#3906,.T.);
#3904 = VERTEX_POINT('',#3905);
#3905 = CARTESIAN_POINT('',(55.400001525879,-96.5,0.));
#3906 = LINE('',#3907,#3908);
#3907 = CARTESIAN_POINT('',(55.400001525879,-96.5,0.));
#3908 = VECTOR('',#3909,1.);
#3909 = DIRECTION('',(0.995184850309,9.801588501548E-02,0.));
#3910 = ORIENTED_EDGE('',*,*,#3911,.T.);
#3911 = EDGE_CURVE('',#3904,#3912,#3914,.T.);
#3912 = VERTEX_POINT('',#3913);
#3913 = CARTESIAN_POINT('',(4.599999904633,-96.5,0.));
#3914 = LINE('',#3915,#3916);
#3915 = CARTESIAN_POINT('',(55.400001525879,-96.5,0.));
#3916 = VECTOR('',#3917,1.);
#3917 = DIRECTION('',(-1.,0.,0.));
#3918 = ORIENTED_EDGE('',*,*,#3919,.F.);
#3919 = EDGE_CURVE('',#3920,#3912,#3922,.T.);
#3920 = VERTEX_POINT('',#3921);
#3921 = CARTESIAN_POINT('',(3.702584505081,-96.41161346435,0.));
#3922 = LINE('',#3923,#3924);
#3923 = CARTESIAN_POINT('',(3.702584505081,-96.41161346435,0.));
#3924 = VECTOR('',#3925,1.);
#3925 = DIRECTION('',(0.995184852849,-9.801585922552E-02,0.));
#3926 = ORIENTED_EDGE('',*,*,#3927,.F.);
#3927 = EDGE_CURVE('',#3928,#3920,#3930,.T.);
#3928 = VERTEX_POINT('',#3929);
#3929 = CARTESIAN_POINT('',(2.839656352997,-96.14984893798,0.));
#3930 = LINE('',#3931,#3932);
#3931 = CARTESIAN_POINT('',(2.839656352997,-96.14984893798,0.));
#3932 = VECTOR('',#3933,1.);
#3933 = DIRECTION('',(0.956940910783,-0.290282781559,0.));
#3934 = ORIENTED_EDGE('',*,*,#3935,.F.);
#3935 = EDGE_CURVE('',#3936,#3928,#3938,.T.);
#3936 = VERTEX_POINT('',#3937);
#3937 = CARTESIAN_POINT('',(2.044376850128,-95.72476196289,0.));
#3938 = LINE('',#3939,#3940);
#3939 = CARTESIAN_POINT('',(2.044376850128,-95.72476196289,0.));
#3940 = VECTOR('',#3941,1.);
#3941 = DIRECTION('',(0.881920699765,-0.471397793086,0.));
#3942 = ORIENTED_EDGE('',*,*,#3943,.F.);
#3943 = EDGE_CURVE('',#3944,#3936,#3946,.T.);
#3944 = VERTEX_POINT('',#3945);
#3945 = CARTESIAN_POINT('',(1.347308754921,-95.15269470214,0.));
#3946 = LINE('',#3947,#3948);
#3947 = CARTESIAN_POINT('',(1.347308754921,-95.15269470214,0.));
#3948 = VECTOR('',#3949,1.);
#3949 = DIRECTION('',(0.77301140002,-0.634392130657,0.));
#3950 = ORIENTED_EDGE('',*,*,#3951,.F.);
#3951 = EDGE_CURVE('',#3952,#3944,#3954,.T.);
#3952 = VERTEX_POINT('',#3953);
#3953 = CARTESIAN_POINT('',(0.775239765644,-94.45561981201,0.));
#3954 = LINE('',#3955,#3956);
#3955 = CARTESIAN_POINT('',(0.775239765644,-94.45561981201,0.));
#3956 = VECTOR('',#3957,1.);
#3957 = DIRECTION('',(0.634389580869,-0.773013492563,0.));
#3958 = ORIENTED_EDGE('',*,*,#3959,.F.);
#3959 = EDGE_CURVE('',#3960,#3952,#3962,.T.);
#3960 = VERTEX_POINT('',#3961);
#3961 = CARTESIAN_POINT('',(0.350154191256,-93.66034698486,0.));
#3962 = LINE('',#3963,#3964);
#3963 = CARTESIAN_POINT('',(0.350154191256,-93.66034698486,0.));
#3964 = VECTOR('',#3965,1.);
#3965 = DIRECTION('',(0.471399662651,-0.881919700456,0.));
#3966 = ORIENTED_EDGE('',*,*,#3967,.F.);
#3967 = EDGE_CURVE('',#3968,#3960,#3970,.T.);
#3968 = VERTEX_POINT('',#3969);
#3969 = CARTESIAN_POINT('',(8.838774263859E-02,-92.79741668701,0.));
#3970 = LINE('',#3971,#3972);
#3971 = CARTESIAN_POINT('',(8.838774263859E-02,-92.79741668701,0.));
#3972 = VECTOR('',#3973,1.);
#3973 = DIRECTION('',(0.290284072606,-0.95694051915,0.));
#3974 = ORIENTED_EDGE('',*,*,#3975,.F.);
#3975 = EDGE_CURVE('',#3976,#3968,#3978,.T.);
#3976 = VERTEX_POINT('',#3977);
#3977 = CARTESIAN_POINT('',(0.,-91.90000152587,0.));
#3978 = LINE('',#3979,#3980);
#3979 = CARTESIAN_POINT('',(0.,-91.90000152587,0.));
#3980 = VECTOR('',#3981,1.);
#3981 = DIRECTION('',(9.801721064727E-02,-0.995184719747,0.));
#3982 = ORIENTED_EDGE('',*,*,#3983,.T.);
#3983 = EDGE_CURVE('',#3976,#3984,#3986,.T.);
#3984 = VERTEX_POINT('',#3985);
#3985 = CARTESIAN_POINT('',(0.,-4.599999904633,0.));
#3986 = LINE('',#3987,#3988);
#3987 = CARTESIAN_POINT('',(0.,-91.90000152587,0.));
#3988 = VECTOR('',#3989,1.);
#3989 = DIRECTION('',(0.,1.,0.));
#3990 = ORIENTED_EDGE('',*,*,#3991,.F.);
#3991 = EDGE_CURVE('',#3992,#3984,#3994,.T.);
#3992 = VERTEX_POINT('',#3993);
#3993 = CARTESIAN_POINT('',(8.838774263859E-02,-3.702584505081,0.));
#3994 = LINE('',#3995,#3996);
#3995 = CARTESIAN_POINT('',(8.838774263859E-02,-3.702584505081,0.));
#3996 = VECTOR('',#3997,1.);
#3997 = DIRECTION('',(-9.801718485698E-02,-0.995184722287,0.));
#3998 = ORIENTED_EDGE('',*,*,#3999,.F.);
#3999 = EDGE_CURVE('',#4000,#3992,#4002,.T.);
#4000 = VERTEX_POINT('',#4001);
#4001 = CARTESIAN_POINT('',(0.350154191256,-2.839656114578,0.));
#4002 = LINE('',#4003,#4004);
#4003 = CARTESIAN_POINT('',(0.350154191256,-2.839656114578,0.));
#4004 = VECTOR('',#4005,1.);
#4005 = DIRECTION('',(-0.290284660161,-0.956940340917,0.));
#4006 = ORIENTED_EDGE('',*,*,#4007,.F.);
#4007 = EDGE_CURVE('',#4008,#4000,#4010,.T.);
#4008 = VERTEX_POINT('',#4009);
#4009 = CARTESIAN_POINT('',(0.775239765644,-2.044376850128,0.));
#4010 = LINE('',#4011,#4012);
#4011 = CARTESIAN_POINT('',(0.775239765644,-2.044376850128,0.));
#4012 = VECTOR('',#4013,1.);
#4013 = DIRECTION('',(-0.471396694864,-0.881921286778,0.));
#4014 = ORIENTED_EDGE('',*,*,#4015,.F.);
#4015 = EDGE_CURVE('',#4016,#4008,#4018,.T.);
#4016 = VERTEX_POINT('',#4017);
#4017 = CARTESIAN_POINT('',(1.347308754921,-1.347308754921,0.));
#4018 = LINE('',#4019,#4020);
#4019 = CARTESIAN_POINT('',(1.347308754921,-1.347308754921,0.));
#4020 = VECTOR('',#4021,1.);
#4021 = DIRECTION('',(-0.634393276064,-0.77301046001,0.));
#4022 = ORIENTED_EDGE('',*,*,#4023,.F.);
#4023 = EDGE_CURVE('',#4024,#4016,#4026,.T.);
#4024 = VERTEX_POINT('',#4025);
#4025 = CARTESIAN_POINT('',(2.044376850128,-0.775239765644,0.));
#4026 = LINE('',#4027,#4028);
#4027 = CARTESIAN_POINT('',(2.044376850128,-0.775239765644,0.));
#4028 = VECTOR('',#4029,1.);
#4029 = DIRECTION('',(-0.77301046001,-0.634393276064,0.));
#4030 = ORIENTED_EDGE('',*,*,#4031,.F.);
#4031 = EDGE_CURVE('',#4032,#4024,#4034,.T.);
#4032 = VERTEX_POINT('',#4033);
#4033 = CARTESIAN_POINT('',(2.839656352997,-0.350154101849,0.));
#4034 = LINE('',#4035,#4036);
#4035 = CARTESIAN_POINT('',(2.839656352997,-0.350154101849,0.));
#4036 = VECTOR('',#4037,1.);
#4037 = DIRECTION('',(-0.881921304311,-0.471396662062,0.));
#4038 = ORIENTED_EDGE('',*,*,#4039,.F.);
#4039 = EDGE_CURVE('',#4040,#4032,#4042,.T.);
#4040 = VERTEX_POINT('',#4041);
#4041 = CARTESIAN_POINT('',(3.702584505081,-8.838772773743E-02,0.));
#4042 = LINE('',#4043,#4044);
#4043 = CARTESIAN_POINT('',(3.702584505081,-8.838772773743E-02,0.));
#4044 = VECTOR('',#4045,1.);
#4045 = DIRECTION('',(-0.95694034159,-0.290284657945,0.));
#4046 = ORIENTED_EDGE('',*,*,#4047,.F.);
#4047 = EDGE_CURVE('',#4048,#4040,#4050,.T.);
#4048 = VERTEX_POINT('',#4049);
#4049 = CARTESIAN_POINT('',(4.599999904633,0.,0.));
#4050 = LINE('',#4051,#4052);
#4051 = CARTESIAN_POINT('',(4.599999904633,0.,0.));
#4052 = VECTOR('',#4053,1.);
#4053 = DIRECTION('',(-0.995184723899,-9.801716849116E-02,0.));
#4054 = ORIENTED_EDGE('',*,*,#4055,.F.);
#4055 = EDGE_CURVE('',#4056,#4048,#4058,.T.);
#4056 = VERTEX_POINT('',#4057);
#4057 = CARTESIAN_POINT('',(55.400001525879,0.,0.));
#4058 = LINE('',#4059,#4060);
#4059 = CARTESIAN_POINT('',(55.400001525879,0.,0.));
#4060 = VECTOR('',#4061,1.);
#4061 = DIRECTION('',(-1.,0.,0.));
#4062 = ORIENTED_EDGE('',*,*,#4063,.F.);
#4063 = EDGE_CURVE('',#4064,#4056,#4066,.T.);
#4064 = VERTEX_POINT('',#4065);
#4065 = CARTESIAN_POINT('',(56.297416687012,-8.838772773743E-02,0.));
#4066 = LINE('',#4067,#4068);
#4067 = CARTESIAN_POINT('',(56.297416687012,-8.838772773743E-02,0.));
#4068 = VECTOR('',#4069,1.);
#4069 = DIRECTION('',(-0.995184721358,9.801719428145E-02,0.));
#4070 = ORIENTED_EDGE('',*,*,#4071,.F.);
#4071 = EDGE_CURVE('',#4072,#4064,#4074,.T.);
#4072 = VERTEX_POINT('',#4073);
#4073 = CARTESIAN_POINT('',(57.160343170166,-0.350154101849,0.));
#4074 = LINE('',#4075,#4076);
#4075 = CARTESIAN_POINT('',(57.160343170166,-0.350154101849,0.));
#4076 = VECTOR('',#4077,1.);
#4077 = DIRECTION('',(-0.956940185635,0.290285172057,0.));
#4078 = ORIENTED_EDGE('',*,*,#4079,.F.);
#4079 = EDGE_CURVE('',#4080,#4072,#4082,.T.);
#4080 = VERTEX_POINT('',#4081);
#4081 = CARTESIAN_POINT('',(57.955623626709,-0.775239765644,0.));
#4082 = LINE('',#4083,#4084);
#4083 = CARTESIAN_POINT('',(57.955623626709,-0.775239765644,0.));
#4084 = VECTOR('',#4085,1.);
#4085 = DIRECTION('',(-0.881921539319,0.471396222392,0.));
#4086 = ORIENTED_EDGE('',*,*,#4087,.F.);
#4087 = EDGE_CURVE('',#4088,#4080,#4090,.T.);
#4088 = VERTEX_POINT('',#4089);
#4089 = CARTESIAN_POINT('',(58.652690887451,-1.347308754921,0.));
#4090 = LINE('',#4091,#4092);
#4091 = CARTESIAN_POINT('',(58.652690887451,-1.347308754921,0.));
#4092 = VECTOR('',#4093,1.);
#4093 = DIRECTION('',(-0.773010087587,0.634393729862,0.));
#4094 = ORIENTED_EDGE('',*,*,#4095,.F.);
#4095 = EDGE_CURVE('',#4096,#4088,#4098,.T.);
#4096 = VERTEX_POINT('',#4097);
#4097 = CARTESIAN_POINT('',(59.224761962891,-2.044376850128,0.));
#4098 = LINE('',#4099,#4100);
#4099 = CARTESIAN_POINT('',(59.224761962891,-2.044376850128,0.));
#4100 = VECTOR('',#4101,1.);
#4101 = DIRECTION('',(-0.634394658446,0.773009325516,0.));
#4102 = ORIENTED_EDGE('',*,*,#4103,.F.);
#4103 = EDGE_CURVE('',#4104,#4096,#4106,.T.);
#4104 = VERTEX_POINT('',#4105);
#4105 = CARTESIAN_POINT('',(59.649845123291,-2.839656114578,0.));
#4106 = LINE('',#4107,#4108);
#4107 = CARTESIAN_POINT('',(59.649845123291,-2.839656114578,0.));
#4108 = VECTOR('',#4109,1.);
#4109 = DIRECTION('',(-0.471394612744,0.881922399691,0.));
#4110 = ORIENTED_EDGE('',*,*,#4111,.F.);
#4111 = EDGE_CURVE('',#3832,#4104,#4112,.T.);
#4112 = LINE('',#4113,#4114);
#4113 = CARTESIAN_POINT('',(59.911613464355,-3.702584505081,0.));
#4114 = VECTOR('',#4115,1.);
#4115 = DIRECTION('',(-0.290286581939,0.95693975795,0.));
#4116 = FACE_BOUND('',#4117,.F.);
#4117 = EDGE_LOOP('',(#4118,#4128,#4136,#4144,#4152,#4160,#4168,#4176,
    #4184,#4192,#4200,#4208,#4216,#4224,#4232,#4240,#4248,#4256,#4264,
    #4272,#4280,#4288,#4296,#4304,#4312,#4320,#4328,#4336,#4344,#4352,
    #4360,#4368,#4376,#4384,#4392,#4400,#4408,#4416,#4424,#4432,#4440,
    #4448,#4456,#4464,#4472,#4480,#4488,#4496,#4504,#4512,#4520,#4528,
    #4536,#4544,#4552,#4560,#4568,#4576,#4584,#4592,#4600,#4608,#4616,
    #4624,#4632,#4640,#4648,#4656,#4664,#4672,#4680,#4688,#4696,#4704,
    #4712,#4720,#4728,#4736,#4744,#4752,#4760,#4768,#4776,#4784,#4792,
    #4800,#4808,#4816,#4824,#4832,#4840,#4848,#4856,#4864,#4872,#4880,
    #4888,#4896,#4904,#4912,#4920,#4928,#4936,#4944,#4952,#4960,#4968,
    #4976,#4984,#4992,#5000,#5008,#5016,#5024,#5032,#5040,#5048,#5056,
    #5064,#5072,#5080,#5088,#5096,#5104,#5112,#5120,#5128,#5136,#5144,
    #5152,#5160,#5168,#5176,#5184,#5192,#5200,#5208,#5216,#5224,#5232,
    #5240,#5248,#5256,#5264,#5272,#5280,#5288,#5296,#5304,#5312,#5320,
    #5328));
#4118 = ORIENTED_EDGE('',*,*,#4119,.F.);
#4119 = EDGE_CURVE('',#4120,#4122,#4124,.T.);
#4120 = VERTEX_POINT('',#4121);
#4121 = CARTESIAN_POINT('',(30.,-10.60000038147,0.));
#4122 = VERTEX_POINT('',#4123);
#4123 = CARTESIAN_POINT('',(31.560007095337,-10.66370677948,0.));
#4124 = LINE('',#4125,#4126);
#4125 = CARTESIAN_POINT('',(30.,-10.60000038147,0.));
#4126 = VECTOR('',#4127,1.);
#4127 = DIRECTION('',(0.999167201039,-4.080323966377E-02,0.));
#4128 = ORIENTED_EDGE('',*,*,#4129,.F.);
#4129 = EDGE_CURVE('',#4130,#4120,#4132,.T.);
#4130 = VERTEX_POINT('',#4131);
#4131 = CARTESIAN_POINT('',(28.439992904663,-10.66370677948,0.));
#4132 = LINE('',#4133,#4134);
#4133 = CARTESIAN_POINT('',(28.439992904663,-10.66370677948,0.));
#4134 = VECTOR('',#4135,1.);
#4135 = DIRECTION('',(0.999167201039,4.080323966377E-02,0.));
#4136 = ORIENTED_EDGE('',*,*,#4137,.F.);
#4137 = EDGE_CURVE('',#4138,#4130,#4140,.T.);
#4138 = VERTEX_POINT('',#4139);
#4139 = CARTESIAN_POINT('',(26.890424728394,-10.85482692718,0.));
#4140 = LINE('',#4141,#4142);
#4141 = CARTESIAN_POINT('',(26.890424728394,-10.85482692718,0.));
#4142 = VECTOR('',#4143,1.);
#4143 = DIRECTION('',(0.992479601357,0.12241013394,0.));
#4144 = ORIENTED_EDGE('',*,*,#4145,.F.);
#4145 = EDGE_CURVE('',#4146,#4138,#4148,.T.);
#4146 = VERTEX_POINT('',#4147);
#4147 = CARTESIAN_POINT('',(25.361602783203,-11.17166042327,0.));
#4148 = LINE('',#4149,#4150);
#4149 = CARTESIAN_POINT('',(25.361602783203,-11.17166042327,0.));
#4150 = VECTOR('',#4151,1.);
#4151 = DIRECTION('',(0.979193587275,0.202928358391,0.));
#4152 = ORIENTED_EDGE('',*,*,#4153,.F.);
#4153 = EDGE_CURVE('',#4154,#4146,#4156,.T.);
#4154 = VERTEX_POINT('',#4155);
#4155 = CARTESIAN_POINT('',(23.86382484436,-11.61250782012,0.));
#4156 = LINE('',#4157,#4158);
#4157 = CARTESIAN_POINT('',(23.86382484436,-11.61250782012,0.));
#4158 = VECTOR('',#4159,1.);
#4159 = DIRECTION('',(0.959309225069,0.282357593659,0.));
#4160 = ORIENTED_EDGE('',*,*,#4161,.F.);
#4161 = EDGE_CURVE('',#4162,#4154,#4164,.T.);
#4162 = VERTEX_POINT('',#4163);
#4163 = CARTESIAN_POINT('',(22.406982421875,-12.17401504516,0.));
#4164 = LINE('',#4165,#4166);
#4165 = CARTESIAN_POINT('',(22.406982421875,-12.17401504516,0.));
#4166 = VECTOR('',#4167,1.);
#4167 = DIRECTION('',(0.933091458261,0.35963916711,0.));
#4168 = ORIENTED_EDGE('',*,*,#4169,.F.);
#4169 = EDGE_CURVE('',#4170,#4162,#4172,.T.);
#4170 = VERTEX_POINT('',#4171);
#4171 = CARTESIAN_POINT('',(21.000959396362,-12.85282611846,0.));
#4172 = LINE('',#4173,#4174);
#4173 = CARTESIAN_POINT('',(21.000959396362,-12.85282611846,0.));
#4174 = VECTOR('',#4175,1.);
#4175 = DIRECTION('',(0.900541270476,0.434770537376,0.));
#4176 = ORIENTED_EDGE('',*,*,#4177,.F.);
#4177 = EDGE_CURVE('',#4178,#4170,#4180,.T.);
#4178 = VERTEX_POINT('',#4179);
#4179 = CARTESIAN_POINT('',(19.654968261719,-13.64402294158,0.));
#4180 = LINE('',#4181,#4182);
#4181 = CARTESIAN_POINT('',(19.654968261719,-13.64402294158,0.));
#4182 = VECTOR('',#4183,1.);
#4183 = DIRECTION('',(0.862091667086,0.506752363133,0.));
#4184 = ORIENTED_EDGE('',*,*,#4185,.F.);
#4185 = EDGE_CURVE('',#4186,#4178,#4188,.T.);
#4186 = VERTEX_POINT('',#4187);
#4187 = CARTESIAN_POINT('',(18.378219604492,-14.54268455505,0.));
#4188 = LINE('',#4189,#4190);
#4189 = CARTESIAN_POINT('',(18.378219604492,-14.54268455505,0.));
#4190 = VECTOR('',#4191,1.);
#4191 = DIRECTION('',(0.817743457014,0.5755828685,0.));
#4192 = ORIENTED_EDGE('',*,*,#4193,.F.);
#4193 = EDGE_CURVE('',#4194,#4186,#4196,.T.);
#4194 = VERTEX_POINT('',#4195);
#4195 = CARTESIAN_POINT('',(17.10542678833,-14.54268455505,0.));
#4196 = LINE('',#4197,#4198);
#4197 = CARTESIAN_POINT('',(17.10542678833,-14.54268455505,0.));
#4198 = VECTOR('',#4199,1.);
#4199 = DIRECTION('',(1.,0.,0.));
#4200 = ORIENTED_EDGE('',*,*,#4201,.F.);
#4201 = EDGE_CURVE('',#4202,#4194,#4204,.T.);
#4202 = VERTEX_POINT('',#4203);
#4203 = CARTESIAN_POINT('',(15.641370773315,-13.07862949371,0.));
#4204 = LINE('',#4205,#4206);
#4205 = CARTESIAN_POINT('',(15.641370773315,-13.07862949371,0.));
#4206 = VECTOR('',#4207,1.);
#4207 = DIRECTION('',(0.707107011488,-0.707106550885,0.));
#4208 = ORIENTED_EDGE('',*,*,#4209,.F.);
#4209 = EDGE_CURVE('',#4210,#4202,#4212,.T.);
#4210 = VERTEX_POINT('',#4211);
#4211 = CARTESIAN_POINT('',(15.463175773621,-12.92479228973,0.));
#4212 = LINE('',#4213,#4214);
#4213 = CARTESIAN_POINT('',(15.463175773621,-12.92479228973,0.));
#4214 = VECTOR('',#4215,1.);
#4215 = DIRECTION('',(0.756945873557,-0.653477577661,0.));
#4216 = ORIENTED_EDGE('',*,*,#4217,.F.);
#4217 = EDGE_CURVE('',#4218,#4210,#4220,.T.);
#4218 = VERTEX_POINT('',#4219);
#4219 = CARTESIAN_POINT('',(15.264234542847,-12.79892635345,0.));
#4220 = LINE('',#4221,#4222);
#4221 = CARTESIAN_POINT('',(15.264234542847,-12.79892635345,0.));
#4222 = VECTOR('',#4223,1.);
#4223 = DIRECTION('',(0.845068937227,-0.534657358813,0.));
#4224 = ORIENTED_EDGE('',*,*,#4225,.F.);
#4225 = EDGE_CURVE('',#4226,#4218,#4228,.T.);
#4226 = VERTEX_POINT('',#4227);
#4227 = CARTESIAN_POINT('',(15.049056053162,-12.70344066619,0.));
#4228 = LINE('',#4229,#4230);
#4229 = CARTESIAN_POINT('',(15.049056053162,-12.70344066619,0.));
#4230 = VECTOR('',#4231,1.);
#4231 = DIRECTION('',(0.914046607918,-0.405609169711,0.));
#4232 = ORIENTED_EDGE('',*,*,#4233,.F.);
#4233 = EDGE_CURVE('',#4234,#4226,#4236,.T.);
#4234 = VERTEX_POINT('',#4235);
#4235 = CARTESIAN_POINT('',(14.822144508362,-12.64074325561,0.));
#4236 = LINE('',#4237,#4238);
#4237 = CARTESIAN_POINT('',(14.822144508362,-12.64074325561,0.));
#4238 = VECTOR('',#4239,1.);
#4239 = DIRECTION('',(0.963882418634,-0.266328149185,0.));
#4240 = ORIENTED_EDGE('',*,*,#4241,.F.);
#4241 = EDGE_CURVE('',#4242,#4234,#4244,.T.);
#4242 = VERTEX_POINT('',#4243);
#4243 = CARTESIAN_POINT('',(14.588513374329,-12.61183261871,0.));
#4244 = LINE('',#4245,#4246);
#4245 = CARTESIAN_POINT('',(14.588513374329,-12.61183261871,0.));
#4246 = VECTOR('',#4247,1.);
#4247 = DIRECTION('',(0.992430435973,-0.122808101341,0.));
#4248 = ORIENTED_EDGE('',*,*,#4249,.F.);
#4249 = EDGE_CURVE('',#4250,#4242,#4252,.T.);
#4250 = VERTEX_POINT('',#4251);
#4251 = CARTESIAN_POINT('',(14.353172302246,-12.61770439147,0.));
#4252 = LINE('',#4253,#4254);
#4253 = CARTESIAN_POINT('',(14.353172302246,-12.61770439147,0.));
#4254 = VECTOR('',#4255,1.);
#4255 = DIRECTION('',(0.999688892612,2.494229316745E-02,0.));
#4256 = ORIENTED_EDGE('',*,*,#4257,.F.);
#4257 = EDGE_CURVE('',#4258,#4250,#4260,.T.);
#4258 = VERTEX_POINT('',#4259);
#4259 = CARTESIAN_POINT('',(14.121209144592,-12.65785789489,0.));
#4260 = LINE('',#4261,#4262);
#4261 = CARTESIAN_POINT('',(14.121209144592,-12.65785789489,0.));
#4262 = VECTOR('',#4263,1.);
#4263 = DIRECTION('',(0.985346198459,0.170566319013,0.));
#4264 = ORIENTED_EDGE('',*,*,#4265,.F.);
#4265 = EDGE_CURVE('',#4266,#4258,#4268,.T.);
#4266 = VERTEX_POINT('',#4267);
#4267 = CARTESIAN_POINT('',(13.897706985474,-12.73179244995,0.));
#4268 = LINE('',#4269,#4270);
#4269 = CARTESIAN_POINT('',(13.897706985474,-12.73179244995,0.));
#4270 = VECTOR('',#4271,1.);
#4271 = DIRECTION('',(0.949402322596,0.3140624617,0.));
#4272 = ORIENTED_EDGE('',*,*,#4273,.F.);
#4273 = EDGE_CURVE('',#4274,#4266,#4276,.T.);
#4274 = VERTEX_POINT('',#4275);
#4275 = CARTESIAN_POINT('',(13.687386512756,-12.83755302429,0.));
#4276 = LINE('',#4277,#4278);
#4277 = CARTESIAN_POINT('',(13.687386512756,-12.83755302429,0.));
#4278 = VECTOR('',#4279,1.);
#4279 = DIRECTION('',(0.893404811791,0.449252537298,0.));
#4280 = ORIENTED_EDGE('',*,*,#4281,.F.);
#4281 = EDGE_CURVE('',#4282,#4274,#4284,.T.);
#4282 = VERTEX_POINT('',#4283);
#4283 = CARTESIAN_POINT('',(13.494970321655,-12.97318363189,0.));
#4284 = LINE('',#4285,#4286);
#4285 = CARTESIAN_POINT('',(13.494970321655,-12.97318363189,0.));
#4286 = VECTOR('',#4287,1.);
#4287 = DIRECTION('',(0.817353101775,0.57613705576,0.));
#4288 = ORIENTED_EDGE('',*,*,#4289,.F.);
#4289 = EDGE_CURVE('',#4290,#4282,#4292,.T.);
#4290 = VERTEX_POINT('',#4291);
#4291 = CARTESIAN_POINT('',(13.324407577515,-13.13544178009,0.));
#4292 = LINE('',#4293,#4294);
#4293 = CARTESIAN_POINT('',(13.324407577515,-13.13544178009,0.));
#4294 = VECTOR('',#4295,1.);
#4295 = DIRECTION('',(0.724525100718,0.689248415616,0.));
#4296 = ORIENTED_EDGE('',*,*,#4297,.F.);
#4297 = EDGE_CURVE('',#4298,#4290,#4300,.T.);
#4298 = VERTEX_POINT('',#4299);
#4299 = CARTESIAN_POINT('',(13.179648399353,-13.32108783721,0.));
#4300 = LINE('',#4301,#4302);
#4301 = CARTESIAN_POINT('',(13.179648399353,-13.32108783721,0.));
#4302 = VECTOR('',#4303,1.);
#4303 = DIRECTION('',(0.614913615041,0.788594475023,0.));
#4304 = ORIENTED_EDGE('',*,*,#4305,.F.);
#4305 = EDGE_CURVE('',#4306,#4298,#4308,.T.);
#4306 = VERTEX_POINT('',#4307);
#4307 = CARTESIAN_POINT('',(13.06353187561,-13.52587127685,0.));
#4308 = LINE('',#4309,#4310);
#4309 = CARTESIAN_POINT('',(13.06353187561,-13.52587127685,0.));
#4310 = VECTOR('',#4311,1.);
#4311 = DIRECTION('',(0.49324590804,0.869889920738,0.));
#4312 = ORIENTED_EDGE('',*,*,#4313,.F.);
#4313 = EDGE_CURVE('',#4314,#4306,#4316,.T.);
#4314 = VERTEX_POINT('',#4315);
#4315 = CARTESIAN_POINT('',(12.978895187378,-13.74554443359,0.));
#4316 = LINE('',#4317,#4318);
#4317 = CARTESIAN_POINT('',(12.978895187378,-13.74554443359,0.));
#4318 = VECTOR('',#4319,1.);
#4319 = DIRECTION('',(0.359523029078,0.933136212759,0.));
#4320 = ORIENTED_EDGE('',*,*,#4321,.F.);
#4321 = EDGE_CURVE('',#4322,#4314,#4324,.T.);
#4322 = VERTEX_POINT('',#4323);
#4323 = CARTESIAN_POINT('',(12.927224159241,-13.97521686554,0.));
#4324 = LINE('',#4325,#4326);
#4325 = CARTESIAN_POINT('',(12.927224159241,-13.97521686554,0.));
#4326 = VECTOR('',#4327,1.);
#4327 = DIRECTION('',(0.219490891419,0.975614549186,0.));
#4328 = ORIENTED_EDGE('',*,*,#4329,.F.);
#4329 = EDGE_CURVE('',#4330,#4322,#4332,.T.);
#4330 = VERTEX_POINT('',#4331);
#4331 = CARTESIAN_POINT('',(12.909999847412,-14.21000003814,0.));
#4332 = LINE('',#4333,#4334);
#4333 = CARTESIAN_POINT('',(12.909999847412,-14.21000003814,0.));
#4334 = VECTOR('',#4335,1.);
#4335 = DIRECTION('',(7.316600514709E-02,0.997319776045,0.));
#4336 = ORIENTED_EDGE('',*,*,#4337,.F.);
#4337 = EDGE_CURVE('',#4338,#4330,#4340,.T.);
#4338 = VERTEX_POINT('',#4339);
#4339 = CARTESIAN_POINT('',(12.94074344635,-14.52214431762,0.));
#4340 = LINE('',#4341,#4342);
#4341 = CARTESIAN_POINT('',(12.94074344635,-14.52214431762,0.));
#4342 = VECTOR('',#4343,1.);
#4343 = DIRECTION('',(-9.801736389353E-02,0.995184704653,0.));
#4344 = ORIENTED_EDGE('',*,*,#4345,.F.);
#4345 = EDGE_CURVE('',#4346,#4338,#4348,.T.);
#4346 = VERTEX_POINT('',#4347);
#4347 = CARTESIAN_POINT('',(13.031792640686,-14.82229328155,0.));
#4348 = LINE('',#4349,#4350);
#4349 = CARTESIAN_POINT('',(13.031792640686,-14.82229328155,0.));
#4350 = VECTOR('',#4351,1.);
#4351 = DIRECTION('',(-0.290284681751,0.956940334368,0.));
#4352 = ORIENTED_EDGE('',*,*,#4353,.F.);
#4353 = EDGE_CURVE('',#4354,#4346,#4356,.T.);
#4354 = VERTEX_POINT('',#4355);
#4355 = CARTESIAN_POINT('',(13.179648399353,-15.09891223907,0.));
#4356 = LINE('',#4357,#4358);
#4357 = CARTESIAN_POINT('',(13.179648399353,-15.09891223907,0.));
#4358 = VECTOR('',#4359,1.);
#4359 = DIRECTION('',(-0.4713963536,0.881921469187,0.));
#4360 = ORIENTED_EDGE('',*,*,#4361,.F.);
#4361 = EDGE_CURVE('',#4362,#4354,#4364,.T.);
#4362 = VERTEX_POINT('',#4363);
#4363 = CARTESIAN_POINT('',(13.378628730774,-15.34137058258,0.));
#4364 = LINE('',#4365,#4366);
#4365 = CARTESIAN_POINT('',(13.378628730774,-15.34137058258,0.));
#4366 = VECTOR('',#4367,1.);
#4367 = DIRECTION('',(-0.634393115078,0.773010592128,0.));
#4368 = ORIENTED_EDGE('',*,*,#4369,.T.);
#4369 = EDGE_CURVE('',#4362,#4370,#4372,.T.);
#4370 = VERTEX_POINT('',#4371);
#4371 = CARTESIAN_POINT('',(14.842684745789,-16.80542564392,0.));
#4372 = LINE('',#4373,#4374);
#4373 = CARTESIAN_POINT('',(13.378628730774,-15.34137058258,0.));
#4374 = VECTOR('',#4375,1.);
#4375 = DIRECTION('',(0.707107011488,-0.707106550885,0.));
#4376 = ORIENTED_EDGE('',*,*,#4377,.T.);
#4377 = EDGE_CURVE('',#4370,#4378,#4380,.T.);
#4378 = VERTEX_POINT('',#4379);
#4379 = CARTESIAN_POINT('',(14.842684745789,-18.07821846008,0.));
#4380 = LINE('',#4381,#4382);
#4381 = CARTESIAN_POINT('',(14.842684745789,-16.80542564392,0.));
#4382 = VECTOR('',#4383,1.);
#4383 = DIRECTION('',(0.,-1.,0.));
#4384 = ORIENTED_EDGE('',*,*,#4385,.F.);
#4385 = EDGE_CURVE('',#4386,#4378,#4388,.T.);
#4386 = VERTEX_POINT('',#4387);
#4387 = CARTESIAN_POINT('',(13.944023132324,-19.35496902465,0.));
#4388 = LINE('',#4389,#4390);
#4389 = CARTESIAN_POINT('',(13.944023132324,-19.35496902465,0.));
#4390 = VECTOR('',#4391,1.);
#4391 = DIRECTION('',(0.575582293502,0.817743861736,0.));
#4392 = ORIENTED_EDGE('',*,*,#4393,.F.);
#4393 = EDGE_CURVE('',#4394,#4386,#4396,.T.);
#4394 = VERTEX_POINT('',#4395);
#4395 = CARTESIAN_POINT('',(13.152826309204,-20.7009601593,0.));
#4396 = LINE('',#4397,#4398);
#4397 = CARTESIAN_POINT('',(13.152826309204,-20.7009601593,0.));
#4398 = VECTOR('',#4399,1.);
#4399 = DIRECTION('',(0.506752363133,0.862091667086,0.));
#4400 = ORIENTED_EDGE('',*,*,#4401,.F.);
#4401 = EDGE_CURVE('',#4402,#4394,#4404,.T.);
#4402 = VERTEX_POINT('',#4403);
#4403 = CARTESIAN_POINT('',(12.474015235901,-22.10698127746,0.));
#4404 = LINE('',#4405,#4406);
#4405 = CARTESIAN_POINT('',(12.474015235901,-22.10698127746,0.));
#4406 = VECTOR('',#4407,1.);
#4407 = DIRECTION('',(0.434771015682,0.900541039555,0.));
#4408 = ORIENTED_EDGE('',*,*,#4409,.F.);
#4409 = EDGE_CURVE('',#4410,#4402,#4412,.T.);
#4410 = VERTEX_POINT('',#4411);
#4411 = CARTESIAN_POINT('',(11.912508010864,-23.5638256073,0.));
#4412 = LINE('',#4413,#4414);
#4413 = CARTESIAN_POINT('',(11.912508010864,-23.5638256073,0.));
#4414 = VECTOR('',#4415,1.);
#4415 = DIRECTION('',(0.359638757159,0.933091616268,0.));
#4416 = ORIENTED_EDGE('',*,*,#4417,.F.);
#4417 = EDGE_CURVE('',#4418,#4410,#4420,.T.);
#4418 = VERTEX_POINT('',#4419);
#4419 = CARTESIAN_POINT('',(11.471660614014,-25.06160163879,0.));
#4420 = LINE('',#4421,#4422);
#4421 = CARTESIAN_POINT('',(11.471660614014,-25.06160163879,0.));
#4422 = VECTOR('',#4423,1.);
#4423 = DIRECTION('',(0.282357924561,0.959309127673,0.));
#4424 = ORIENTED_EDGE('',*,*,#4425,.F.);
#4425 = EDGE_CURVE('',#4426,#4418,#4428,.T.);
#4426 = VERTEX_POINT('',#4427);
#4427 = CARTESIAN_POINT('',(11.15482711792,-26.59042549133,0.));
#4428 = LINE('',#4429,#4430);
#4429 = CARTESIAN_POINT('',(11.15482711792,-26.59042549133,0.));
#4430 = VECTOR('',#4431,1.);
#4431 = DIRECTION('',(0.202928115644,0.979193637582,0.));
#4432 = ORIENTED_EDGE('',*,*,#4433,.F.);
#4433 = EDGE_CURVE('',#4434,#4426,#4436,.T.);
#4434 = VERTEX_POINT('',#4435);
#4435 = CARTESIAN_POINT('',(10.963706970215,-28.13999176025,0.));
#4436 = LINE('',#4437,#4438);
#4437 = CARTESIAN_POINT('',(10.963706970215,-28.13999176025,0.));
#4438 = VECTOR('',#4439,1.);
#4439 = DIRECTION('',(0.122410282355,0.992479583051,0.));
#4440 = ORIENTED_EDGE('',*,*,#4441,.F.);
#4441 = EDGE_CURVE('',#4442,#4434,#4444,.T.);
#4442 = VERTEX_POINT('',#4443);
#4443 = CARTESIAN_POINT('',(10.89999961853,-29.70000076293,0.));
#4444 = LINE('',#4445,#4446);
#4445 = CARTESIAN_POINT('',(10.89999961853,-29.70000076293,0.));
#4446 = VECTOR('',#4447,1.);
#4447 = DIRECTION('',(4.080379965873E-02,0.999167178171,0.));
#4448 = ORIENTED_EDGE('',*,*,#4449,.F.);
#4449 = EDGE_CURVE('',#4450,#4442,#4452,.T.);
#4450 = VERTEX_POINT('',#4451);
#4451 = CARTESIAN_POINT('',(10.963706970215,-31.26000785827,0.));
#4452 = LINE('',#4453,#4454);
#4453 = CARTESIAN_POINT('',(10.963706970215,-31.26000785827,0.));
#4454 = VECTOR('',#4455,1.);
#4455 = DIRECTION('',(-4.080384946459E-02,0.999167176137,0.));
#4456 = ORIENTED_EDGE('',*,*,#4457,.F.);
#4457 = EDGE_CURVE('',#4458,#4450,#4460,.T.);
#4458 = VERTEX_POINT('',#4459);
#4459 = CARTESIAN_POINT('',(11.15482711792,-32.80957412719,0.));
#4460 = LINE('',#4461,#4462);
#4461 = CARTESIAN_POINT('',(11.15482711792,-32.80957412719,0.));
#4462 = VECTOR('',#4463,1.);
#4463 = DIRECTION('',(-0.122410282355,0.992479583051,0.));
#4464 = ORIENTED_EDGE('',*,*,#4465,.F.);
#4465 = EDGE_CURVE('',#4466,#4458,#4468,.T.);
#4466 = VERTEX_POINT('',#4467);
#4467 = CARTESIAN_POINT('',(11.471660614014,-34.33839797973,0.));
#4468 = LINE('',#4469,#4470);
#4469 = CARTESIAN_POINT('',(11.471660614014,-34.33839797973,0.));
#4470 = VECTOR('',#4471,1.);
#4471 = DIRECTION('',(-0.202928115644,0.979193637582,0.));
#4472 = ORIENTED_EDGE('',*,*,#4473,.F.);
#4473 = EDGE_CURVE('',#4474,#4466,#4476,.T.);
#4474 = VERTEX_POINT('',#4475);
#4475 = CARTESIAN_POINT('',(11.912508010864,-35.83617401123,0.));
#4476 = LINE('',#4477,#4478);
#4477 = CARTESIAN_POINT('',(11.912508010864,-35.83617401123,0.));
#4478 = VECTOR('',#4479,1.);
#4479 = DIRECTION('',(-0.282357924561,0.959309127673,0.));
#4480 = ORIENTED_EDGE('',*,*,#4481,.F.);
#4481 = EDGE_CURVE('',#4482,#4474,#4484,.T.);
#4482 = VERTEX_POINT('',#4483);
#4483 = CARTESIAN_POINT('',(12.474015235901,-37.29301834106,0.));
#4484 = LINE('',#4485,#4486);
#4485 = CARTESIAN_POINT('',(12.474015235901,-37.29301834106,0.));
#4486 = VECTOR('',#4487,1.);
#4487 = DIRECTION('',(-0.359638757159,0.933091616268,0.));
#4488 = ORIENTED_EDGE('',*,*,#4489,.F.);
#4489 = EDGE_CURVE('',#4490,#4482,#4492,.T.);
#4490 = VERTEX_POINT('',#4491);
#4491 = CARTESIAN_POINT('',(13.152826309204,-38.69903945922,0.));
#4492 = LINE('',#4493,#4494);
#4493 = CARTESIAN_POINT('',(13.152826309204,-38.69903945922,0.));
#4494 = VECTOR('',#4495,1.);
#4495 = DIRECTION('',(-0.434771015682,0.900541039555,0.));
#4496 = ORIENTED_EDGE('',*,*,#4497,.F.);
#4497 = EDGE_CURVE('',#4498,#4490,#4500,.T.);
#4498 = VERTEX_POINT('',#4499);
#4499 = CARTESIAN_POINT('',(13.944023132324,-40.04503250122,0.));
#4500 = LINE('',#4501,#4502);
#4501 = CARTESIAN_POINT('',(13.944023132324,-40.04503250122,0.));
#4502 = VECTOR('',#4503,1.);
#4503 = DIRECTION('',(-0.506751829442,0.862091980799,0.));
#4504 = ORIENTED_EDGE('',*,*,#4505,.F.);
#4505 = EDGE_CURVE('',#4506,#4498,#4508,.T.);
#4506 = VERTEX_POINT('',#4507);
#4507 = CARTESIAN_POINT('',(14.842684745789,-41.32178115844,0.));
#4508 = LINE('',#4509,#4510);
#4509 = CARTESIAN_POINT('',(14.842684745789,-41.32178115844,0.));
#4510 = VECTOR('',#4511,1.);
#4511 = DIRECTION('',(-0.5755828685,0.817743457014,0.));
#4512 = ORIENTED_EDGE('',*,*,#4513,.F.);
#4513 = EDGE_CURVE('',#4514,#4506,#4516,.T.);
#4514 = VERTEX_POINT('',#4515);
#4515 = CARTESIAN_POINT('',(14.842684745789,-42.5945739746,0.));
#4516 = LINE('',#4517,#4518);
#4517 = CARTESIAN_POINT('',(14.842684745789,-42.5945739746,0.));
#4518 = VECTOR('',#4519,1.);
#4519 = DIRECTION('',(0.,1.,0.));
#4520 = ORIENTED_EDGE('',*,*,#4521,.F.);
#4521 = EDGE_CURVE('',#4522,#4514,#4524,.T.);
#4522 = VERTEX_POINT('',#4523);
#4523 = CARTESIAN_POINT('',(13.378628730774,-44.05862808227,0.));
#4524 = LINE('',#4525,#4526);
#4525 = CARTESIAN_POINT('',(13.378628730774,-44.05862808227,0.));
#4526 = VECTOR('',#4527,1.);
#4527 = DIRECTION('',(0.70710724179,0.707106320582,0.));
#4528 = ORIENTED_EDGE('',*,*,#4529,.F.);
#4529 = EDGE_CURVE('',#4530,#4522,#4532,.T.);
#4530 = VERTEX_POINT('',#4531);
#4531 = CARTESIAN_POINT('',(13.179648399353,-44.30108642578,0.));
#4532 = LINE('',#4533,#4534);
#4533 = CARTESIAN_POINT('',(13.179648399353,-44.30108642578,0.));
#4534 = VECTOR('',#4535,1.);
#4535 = DIRECTION('',(0.634393115078,0.773010592128,0.));
#4536 = ORIENTED_EDGE('',*,*,#4537,.F.);
#4537 = EDGE_CURVE('',#4538,#4530,#4540,.T.);
#4538 = VERTEX_POINT('',#4539);
#4539 = CARTESIAN_POINT('',(13.031792640686,-44.5777053833,0.));
#4540 = LINE('',#4541,#4542);
#4541 = CARTESIAN_POINT('',(13.031792640686,-44.5777053833,0.));
#4542 = VECTOR('',#4543,1.);
#4543 = DIRECTION('',(0.4713963536,0.881921469187,0.));
#4544 = ORIENTED_EDGE('',*,*,#4545,.F.);
#4545 = EDGE_CURVE('',#4546,#4538,#4548,.T.);
#4546 = VERTEX_POINT('',#4547);
#4547 = CARTESIAN_POINT('',(12.94074344635,-44.87785720825,0.));
#4548 = LINE('',#4549,#4550);
#4549 = CARTESIAN_POINT('',(12.94074344635,-44.87785720825,0.));
#4550 = VECTOR('',#4551,1.);
#4551 = DIRECTION('',(0.290282147937,0.956941102989,0.));
#4552 = ORIENTED_EDGE('',*,*,#4553,.F.);
#4553 = EDGE_CURVE('',#4554,#4546,#4556,.T.);
#4554 = VERTEX_POINT('',#4555);
#4555 = CARTESIAN_POINT('',(12.909999847412,-45.1899986267,0.));
#4556 = LINE('',#4557,#4558);
#4557 = CARTESIAN_POINT('',(12.909999847412,-45.1899986267,0.));
#4558 = VECTOR('',#4559,1.);
#4559 = DIRECTION('',(9.801825366871E-02,0.995184617017,0.));
#4560 = ORIENTED_EDGE('',*,*,#4561,.F.);
#4561 = EDGE_CURVE('',#4562,#4554,#4564,.T.);
#4562 = VERTEX_POINT('',#4563);
#4563 = CARTESIAN_POINT('',(12.927224159241,-45.42478179931,0.));
#4564 = LINE('',#4565,#4566);
#4565 = CARTESIAN_POINT('',(12.927224159241,-45.42478179931,0.));
#4566 = VECTOR('',#4567,1.);
#4567 = DIRECTION('',(-7.316600514709E-02,0.997319776045,0.));
#4568 = ORIENTED_EDGE('',*,*,#4569,.F.);
#4569 = EDGE_CURVE('',#4570,#4562,#4572,.T.);
#4570 = VERTEX_POINT('',#4571);
#4571 = CARTESIAN_POINT('',(12.978895187378,-45.65445709228,0.));
#4572 = LINE('',#4573,#4574);
#4573 = CARTESIAN_POINT('',(12.978895187378,-45.65445709228,0.));
#4574 = VECTOR('',#4575,1.);
#4575 = DIRECTION('',(-0.21948828898,0.975615134672,0.));
#4576 = ORIENTED_EDGE('',*,*,#4577,.F.);
#4577 = EDGE_CURVE('',#4578,#4570,#4580,.T.);
#4578 = VERTEX_POINT('',#4579);
#4579 = CARTESIAN_POINT('',(13.06353187561,-45.87413024902,0.));
#4580 = LINE('',#4581,#4582);
#4581 = CARTESIAN_POINT('',(13.06353187561,-45.87413024902,0.));
#4582 = VECTOR('',#4583,1.);
#4583 = DIRECTION('',(-0.359523029078,0.933136212759,0.));
#4584 = ORIENTED_EDGE('',*,*,#4585,.F.);
#4585 = EDGE_CURVE('',#4586,#4578,#4588,.T.);
#4586 = VERTEX_POINT('',#4587);
#4587 = CARTESIAN_POINT('',(13.179648399353,-46.07891082763,0.));
#4588 = LINE('',#4589,#4590);
#4589 = CARTESIAN_POINT('',(13.179648399353,-46.07891082763,0.));
#4590 = VECTOR('',#4591,1.);
#4591 = DIRECTION('',(-0.493251122657,0.86988696392,0.));
#4592 = ORIENTED_EDGE('',*,*,#4593,.F.);
#4593 = EDGE_CURVE('',#4594,#4586,#4596,.T.);
#4594 = VERTEX_POINT('',#4595);
#4595 = CARTESIAN_POINT('',(13.324407577515,-46.26455688476,0.));
#4596 = LINE('',#4597,#4598);
#4597 = CARTESIAN_POINT('',(13.324407577515,-46.26455688476,0.));
#4598 = VECTOR('',#4599,1.);
#4599 = DIRECTION('',(-0.614913615041,0.788594475023,0.));
#4600 = ORIENTED_EDGE('',*,*,#4601,.F.);
#4601 = EDGE_CURVE('',#4602,#4594,#4604,.T.);
#4602 = VERTEX_POINT('',#4603);
#4603 = CARTESIAN_POINT('',(13.494970321655,-46.42681503295,0.));
#4604 = LINE('',#4605,#4606);
#4605 = CARTESIAN_POINT('',(13.494970321655,-46.42681503295,0.));
#4606 = VECTOR('',#4607,1.);
#4607 = DIRECTION('',(-0.724525100718,0.689248415616,0.));
#4608 = ORIENTED_EDGE('',*,*,#4609,.F.);
#4609 = EDGE_CURVE('',#4610,#4602,#4612,.T.);
#4610 = VERTEX_POINT('',#4611);
#4611 = CARTESIAN_POINT('',(13.687386512756,-46.56244659423,0.));
#4612 = LINE('',#4613,#4614);
#4613 = CARTESIAN_POINT('',(13.687386512756,-46.56244659423,0.));
#4614 = VECTOR('',#4615,1.);
#4615 = DIRECTION('',(-0.817351194102,0.576139762123,0.));
#4616 = ORIENTED_EDGE('',*,*,#4617,.F.);
#4617 = EDGE_CURVE('',#4618,#4610,#4620,.T.);
#4618 = VERTEX_POINT('',#4619);
#4619 = CARTESIAN_POINT('',(13.897706985474,-46.66820907592,0.));
#4620 = LINE('',#4621,#4622);
#4621 = CARTESIAN_POINT('',(13.897706985474,-46.66820907592,0.));
#4622 = VECTOR('',#4623,1.);
#4623 = DIRECTION('',(-0.893401559891,0.449259004121,0.));
#4624 = ORIENTED_EDGE('',*,*,#4625,.F.);
#4625 = EDGE_CURVE('',#4626,#4618,#4628,.T.);
#4626 = VERTEX_POINT('',#4627);
#4627 = CARTESIAN_POINT('',(14.121209144592,-46.74214172363,0.));
#4628 = LINE('',#4629,#4630);
#4629 = CARTESIAN_POINT('',(14.121209144592,-46.74214172363,0.));
#4630 = VECTOR('',#4631,1.);
#4631 = DIRECTION('',(-0.949404738396,0.314055158707,0.));
#4632 = ORIENTED_EDGE('',*,*,#4633,.F.);
#4633 = EDGE_CURVE('',#4634,#4626,#4636,.T.);
#4634 = VERTEX_POINT('',#4635);
#4635 = CARTESIAN_POINT('',(14.353172302246,-46.78229522705,0.));
#4636 = LINE('',#4637,#4638);
#4637 = CARTESIAN_POINT('',(14.353172302246,-46.78229522705,0.));
#4638 = VECTOR('',#4639,1.);
#4639 = DIRECTION('',(-0.985346198459,0.170566319013,0.));
#4640 = ORIENTED_EDGE('',*,*,#4641,.F.);
#4641 = EDGE_CURVE('',#4642,#4634,#4644,.T.);
#4642 = VERTEX_POINT('',#4643);
#4643 = CARTESIAN_POINT('',(14.588513374329,-46.78816604614,0.));
#4644 = LINE('',#4645,#4646);
#4645 = CARTESIAN_POINT('',(14.588513374329,-46.78816604614,0.));
#4646 = VECTOR('',#4647,1.);
#4647 = DIRECTION('',(-0.999688993615,2.493824464059E-02,0.));
#4648 = ORIENTED_EDGE('',*,*,#4649,.F.);
#4649 = EDGE_CURVE('',#4650,#4642,#4652,.T.);
#4650 = VERTEX_POINT('',#4651);
#4651 = CARTESIAN_POINT('',(14.822144508362,-46.75925827026,0.));
#4652 = LINE('',#4653,#4654);
#4653 = CARTESIAN_POINT('',(14.822144508362,-46.75925827026,0.));
#4654 = VECTOR('',#4655,1.);
#4655 = DIRECTION('',(-0.992431917117,-0.122796131405,0.));
#4656 = ORIENTED_EDGE('',*,*,#4657,.F.);
#4657 = EDGE_CURVE('',#4658,#4650,#4660,.T.);
#4658 = VERTEX_POINT('',#4659);
#4659 = CARTESIAN_POINT('',(15.049056053162,-46.696559906,0.));
#4660 = LINE('',#4661,#4662);
#4661 = CARTESIAN_POINT('',(15.049056053162,-46.696559906,0.));
#4662 = VECTOR('',#4663,1.);
#4663 = DIRECTION('',(-0.963881378687,-0.266331912885,0.));
#4664 = ORIENTED_EDGE('',*,*,#4665,.F.);
#4665 = EDGE_CURVE('',#4666,#4658,#4668,.T.);
#4666 = VERTEX_POINT('',#4667);
#4667 = CARTESIAN_POINT('',(15.264234542847,-46.60107421875,0.));
#4668 = LINE('',#4669,#4670);
#4669 = CARTESIAN_POINT('',(15.264234542847,-46.60107421875,0.));
#4670 = VECTOR('',#4671,1.);
#4671 = DIRECTION('',(-0.914046607918,-0.405609169711,0.));
#4672 = ORIENTED_EDGE('',*,*,#4673,.F.);
#4673 = EDGE_CURVE('',#4674,#4666,#4676,.T.);
#4674 = VERTEX_POINT('',#4675);
#4675 = CARTESIAN_POINT('',(15.463175773621,-46.47520828247,0.));
#4676 = LINE('',#4677,#4678);
#4677 = CARTESIAN_POINT('',(15.463175773621,-46.47520828247,0.));
#4678 = VECTOR('',#4679,1.);
#4679 = DIRECTION('',(-0.845068937227,-0.534657358813,0.));
#4680 = ORIENTED_EDGE('',*,*,#4681,.F.);
#4681 = EDGE_CURVE('',#4682,#4674,#4684,.T.);
#4682 = VERTEX_POINT('',#4683);
#4683 = CARTESIAN_POINT('',(15.641370773315,-46.32136917114,0.));
#4684 = LINE('',#4685,#4686);
#4685 = CARTESIAN_POINT('',(15.641370773315,-46.32136917114,0.));
#4686 = VECTOR('',#4687,1.);
#4687 = DIRECTION('',(-0.756941865867,-0.653482219879,0.));
#4688 = ORIENTED_EDGE('',*,*,#4689,.T.);
#4689 = EDGE_CURVE('',#4682,#4690,#4692,.T.);
#4690 = VERTEX_POINT('',#4691);
#4691 = CARTESIAN_POINT('',(17.10542678833,-44.85731506347,0.));
#4692 = LINE('',#4693,#4694);
#4693 = CARTESIAN_POINT('',(15.641370773315,-46.32136917114,0.));
#4694 = VECTOR('',#4695,1.);
#4695 = DIRECTION('',(0.70710724179,0.707106320582,0.));
#4696 = ORIENTED_EDGE('',*,*,#4697,.T.);
#4697 = EDGE_CURVE('',#4690,#4698,#4700,.T.);
#4698 = VERTEX_POINT('',#4699);
#4699 = CARTESIAN_POINT('',(18.378219604492,-44.85731506347,0.));
#4700 = LINE('',#4701,#4702);
#4701 = CARTESIAN_POINT('',(17.10542678833,-44.85731506347,0.));
#4702 = VECTOR('',#4703,1.);
#4703 = DIRECTION('',(1.,0.,0.));
#4704 = ORIENTED_EDGE('',*,*,#4705,.F.);
#4705 = EDGE_CURVE('',#4706,#4698,#4708,.T.);
#4706 = VERTEX_POINT('',#4707);
#4707 = CARTESIAN_POINT('',(19.654968261719,-45.75597763061,0.));
#4708 = LINE('',#4709,#4710);
#4709 = CARTESIAN_POINT('',(19.654968261719,-45.75597763061,0.));
#4710 = VECTOR('',#4711,1.);
#4711 = DIRECTION('',(-0.817743169515,0.575583276956,0.));
#4712 = ORIENTED_EDGE('',*,*,#4713,.F.);
#4713 = EDGE_CURVE('',#4714,#4706,#4716,.T.);
#4714 = VERTEX_POINT('',#4715);
#4715 = CARTESIAN_POINT('',(21.000959396362,-46.54717254638,0.));
#4716 = LINE('',#4717,#4718);
#4717 = CARTESIAN_POINT('',(21.000959396362,-46.54717254638,0.));
#4718 = VECTOR('',#4719,1.);
#4719 = DIRECTION('',(-0.862092200778,0.506751455211,0.));
#4720 = ORIENTED_EDGE('',*,*,#4721,.F.);
#4721 = EDGE_CURVE('',#4722,#4714,#4724,.T.);
#4722 = VERTEX_POINT('',#4723);
#4723 = CARTESIAN_POINT('',(22.406982421875,-47.22598648071,0.));
#4724 = LINE('',#4725,#4726);
#4725 = CARTESIAN_POINT('',(22.406982421875,-47.22598648071,0.));
#4726 = VECTOR('',#4727,1.);
#4727 = DIRECTION('',(-0.900540553017,0.434772023446,0.));
#4728 = ORIENTED_EDGE('',*,*,#4729,.F.);
#4729 = EDGE_CURVE('',#4730,#4722,#4732,.T.);
#4730 = VERTEX_POINT('',#4731);
#4731 = CARTESIAN_POINT('',(23.86382484436,-47.78749084472,0.));
#4732 = LINE('',#4733,#4734);
#4733 = CARTESIAN_POINT('',(23.86382484436,-47.78749084472,0.));
#4734 = VECTOR('',#4735,1.);
#4735 = DIRECTION('',(-0.933092073188,0.359637571665,0.));
#4736 = ORIENTED_EDGE('',*,*,#4737,.F.);
#4737 = EDGE_CURVE('',#4738,#4730,#4740,.T.);
#4738 = VERTEX_POINT('',#4739);
#4739 = CARTESIAN_POINT('',(25.361602783203,-48.22834014892,0.));
#4740 = LINE('',#4741,#4742);
#4741 = CARTESIAN_POINT('',(25.361602783203,-48.22834014892,0.));
#4742 = VECTOR('',#4743,1.);
#4743 = DIRECTION('',(-0.959308894167,0.282358717897,0.));
#4744 = ORIENTED_EDGE('',*,*,#4745,.F.);
#4745 = EDGE_CURVE('',#4746,#4738,#4748,.T.);
#4746 = VERTEX_POINT('',#4747);
#4747 = CARTESIAN_POINT('',(26.890424728394,-48.54517364502,0.));
#4748 = LINE('',#4749,#4750);
#4749 = CARTESIAN_POINT('',(26.890424728394,-48.54517364502,0.));
#4750 = VECTOR('',#4751,1.);
#4751 = DIRECTION('',(-0.979193587275,0.202928358391,0.));
#4752 = ORIENTED_EDGE('',*,*,#4753,.F.);
#4753 = EDGE_CURVE('',#4754,#4746,#4756,.T.);
#4754 = VERTEX_POINT('',#4755);
#4755 = CARTESIAN_POINT('',(28.439992904663,-48.73629379272,0.));
#4756 = LINE('',#4757,#4758);
#4757 = CARTESIAN_POINT('',(28.439992904663,-48.73629379272,0.));
#4758 = VECTOR('',#4759,1.);
#4759 = DIRECTION('',(-0.992479601357,0.12241013394,0.));
#4760 = ORIENTED_EDGE('',*,*,#4761,.F.);
#4761 = EDGE_CURVE('',#4762,#4754,#4764,.T.);
#4762 = VERTEX_POINT('',#4763);
#4763 = CARTESIAN_POINT('',(30.,-48.79999923706,0.));
#4764 = LINE('',#4765,#4766);
#4765 = CARTESIAN_POINT('',(30.,-48.79999923706,0.));
#4766 = VECTOR('',#4767,1.);
#4767 = DIRECTION('',(-0.999167225942,4.08026298629E-02,0.));
#4768 = ORIENTED_EDGE('',*,*,#4769,.F.);
#4769 = EDGE_CURVE('',#4770,#4762,#4772,.T.);
#4770 = VERTEX_POINT('',#4771);
#4771 = CARTESIAN_POINT('',(31.560007095337,-48.73629379272,0.));
#4772 = LINE('',#4773,#4774);
#4773 = CARTESIAN_POINT('',(31.560007095337,-48.73629379272,0.));
#4774 = VECTOR('',#4775,1.);
#4775 = DIRECTION('',(-0.999167225942,-4.08026298629E-02,0.));
#4776 = ORIENTED_EDGE('',*,*,#4777,.F.);
#4777 = EDGE_CURVE('',#4778,#4770,#4780,.T.);
#4778 = VERTEX_POINT('',#4779);
#4779 = CARTESIAN_POINT('',(33.109573364258,-48.54517364502,0.));
#4780 = LINE('',#4781,#4782);
#4781 = CARTESIAN_POINT('',(33.109573364258,-48.54517364502,0.));
#4782 = VECTOR('',#4783,1.);
#4783 = DIRECTION('',(-0.992479583051,-0.122410282355,0.));
#4784 = ORIENTED_EDGE('',*,*,#4785,.F.);
#4785 = EDGE_CURVE('',#4786,#4778,#4788,.T.);
#4786 = VERTEX_POINT('',#4787);
#4787 = CARTESIAN_POINT('',(34.638397216797,-48.22834014892,0.));
#4788 = LINE('',#4789,#4790);
#4789 = CARTESIAN_POINT('',(34.638397216797,-48.22834014892,0.));
#4790 = VECTOR('',#4791,1.);
#4791 = DIRECTION('',(-0.979193637582,-0.202928115644,0.));
#4792 = ORIENTED_EDGE('',*,*,#4793,.F.);
#4793 = EDGE_CURVE('',#4794,#4786,#4796,.T.);
#4794 = VERTEX_POINT('',#4795);
#4795 = CARTESIAN_POINT('',(36.136173248291,-47.78749084472,0.));
#4796 = LINE('',#4797,#4798);
#4797 = CARTESIAN_POINT('',(36.136173248291,-47.78749084472,0.));
#4798 = VECTOR('',#4799,1.);
#4799 = DIRECTION('',(-0.95930879677,-0.2823590488,0.));
#4800 = ORIENTED_EDGE('',*,*,#4801,.F.);
#4801 = EDGE_CURVE('',#4802,#4794,#4804,.T.);
#4802 = VERTEX_POINT('',#4803);
#4803 = CARTESIAN_POINT('',(37.593017578125,-47.22598648071,0.));
#4804 = LINE('',#4805,#4806);
#4805 = CARTESIAN_POINT('',(37.593017578125,-47.22598648071,0.));
#4806 = VECTOR('',#4807,1.);
#4807 = DIRECTION('',(-0.933092231193,-0.359637161715,0.));
#4808 = ORIENTED_EDGE('',*,*,#4809,.F.);
#4809 = EDGE_CURVE('',#4810,#4802,#4812,.T.);
#4810 = VERTEX_POINT('',#4811);
#4811 = CARTESIAN_POINT('',(38.999042510986,-46.54717254638,0.));
#4812 = LINE('',#4813,#4814);
#4813 = CARTESIAN_POINT('',(38.999042510986,-46.54717254638,0.));
#4814 = VECTOR('',#4815,1.);
#4815 = DIRECTION('',(-0.900540783938,-0.434771545141,0.));
#4816 = ORIENTED_EDGE('',*,*,#4817,.F.);
#4817 = EDGE_CURVE('',#4818,#4810,#4820,.T.);
#4818 = VERTEX_POINT('',#4819);
#4819 = CARTESIAN_POINT('',(40.345031738281,-45.75597763061,0.));
#4820 = LINE('',#4821,#4822);
#4821 = CARTESIAN_POINT('',(40.345031738281,-45.75597763061,0.));
#4822 = VECTOR('',#4823,1.);
#4823 = DIRECTION('',(-0.862091887065,-0.506751988903,0.));
#4824 = ORIENTED_EDGE('',*,*,#4825,.F.);
#4825 = EDGE_CURVE('',#4826,#4818,#4828,.T.);
#4826 = VERTEX_POINT('',#4827);
#4827 = CARTESIAN_POINT('',(41.621780395508,-44.85731506347,0.));
#4828 = LINE('',#4829,#4830);
#4829 = CARTESIAN_POINT('',(41.621780395508,-44.85731506347,0.));
#4830 = VECTOR('',#4831,1.);
#4831 = DIRECTION('',(-0.817743169515,-0.575583276956,0.));
#4832 = ORIENTED_EDGE('',*,*,#4833,.F.);
#4833 = EDGE_CURVE('',#4834,#4826,#4836,.T.);
#4834 = VERTEX_POINT('',#4835);
#4835 = CARTESIAN_POINT('',(42.89457321167,-44.85731506347,0.));
#4836 = LINE('',#4837,#4838);
#4837 = CARTESIAN_POINT('',(42.89457321167,-44.85731506347,0.));
#4838 = VECTOR('',#4839,1.);
#4839 = DIRECTION('',(-1.,0.,0.));
#4840 = ORIENTED_EDGE('',*,*,#4841,.F.);
#4841 = EDGE_CURVE('',#4842,#4834,#4844,.T.);
#4842 = VERTEX_POINT('',#4843);
#4843 = CARTESIAN_POINT('',(44.358627319336,-46.32136917114,0.));
#4844 = LINE('',#4845,#4846);
#4845 = CARTESIAN_POINT('',(44.358627319336,-46.32136917114,0.));
#4846 = VECTOR('',#4847,1.);
#4847 = DIRECTION('',(-0.707106781187,0.707106781187,0.));
#4848 = ORIENTED_EDGE('',*,*,#4849,.F.);
#4849 = EDGE_CURVE('',#4850,#4842,#4852,.T.);
#4850 = VERTEX_POINT('',#4851);
#4851 = CARTESIAN_POINT('',(44.601089477539,-46.52035140991,0.));
#4852 = LINE('',#4853,#4854);
#4853 = CARTESIAN_POINT('',(44.601089477539,-46.52035140991,0.));
#4854 = VECTOR('',#4855,1.);
#4855 = DIRECTION('',(-0.773012504689,0.634390784607,0.));
#4856 = ORIENTED_EDGE('',*,*,#4857,.F.);
#4857 = EDGE_CURVE('',#4858,#4850,#4860,.T.);
#4858 = VERTEX_POINT('',#4859);
#4859 = CARTESIAN_POINT('',(44.877704620361,-46.66820907592,0.));
#4860 = LINE('',#4861,#4862);
#4861 = CARTESIAN_POINT('',(44.877704620361,-46.66820907592,0.));
#4862 = VECTOR('',#4863,1.);
#4863 = DIRECTION('',(-0.8819162384,0.471406139594,0.));
#4864 = ORIENTED_EDGE('',*,*,#4865,.F.);
#4865 = EDGE_CURVE('',#4866,#4858,#4868,.T.);
#4866 = VERTEX_POINT('',#4867);
#4867 = CARTESIAN_POINT('',(45.177856445312,-46.75925827026,0.));
#4868 = LINE('',#4869,#4870);
#4869 = CARTESIAN_POINT('',(45.177856445312,-46.75925827026,0.));
#4870 = VECTOR('',#4871,1.);
#4871 = DIRECTION('',(-0.956941102989,0.290282147937,0.));
#4872 = ORIENTED_EDGE('',*,*,#4873,.F.);
#4873 = EDGE_CURVE('',#4874,#4866,#4876,.T.);
#4874 = VERTEX_POINT('',#4875);
#4875 = CARTESIAN_POINT('',(45.490001678467,-46.79000091552,0.));
#4876 = LINE('',#4877,#4878);
#4877 = CARTESIAN_POINT('',(45.490001678467,-46.79000091552,0.));
#4878 = VECTOR('',#4879,1.);
#4879 = DIRECTION('',(-0.995185030447,9.801405600076E-02,0.));
#4880 = ORIENTED_EDGE('',*,*,#4881,.F.);
#4881 = EDGE_CURVE('',#4882,#4874,#4884,.T.);
#4882 = VERTEX_POINT('',#4883);
#4883 = CARTESIAN_POINT('',(45.802143096924,-46.75925827026,0.));
#4884 = LINE('',#4885,#4886);
#4885 = CARTESIAN_POINT('',(45.802143096924,-46.75925827026,0.));
#4886 = VECTOR('',#4887,1.);
#4887 = DIRECTION('',(-0.995184913607,-9.801524232836E-02,0.));
#4888 = ORIENTED_EDGE('',*,*,#4889,.F.);
#4889 = EDGE_CURVE('',#4890,#4882,#4892,.T.);
#4890 = VERTEX_POINT('',#4891);
#4891 = CARTESIAN_POINT('',(46.102294921875,-46.66820907592,0.));
#4892 = LINE('',#4893,#4894);
#4893 = CARTESIAN_POINT('',(46.102294921875,-46.66820907592,0.));
#4894 = VECTOR('',#4895,1.);
#4895 = DIRECTION('',(-0.956941102989,-0.290282147937,0.));
#4896 = ORIENTED_EDGE('',*,*,#4897,.F.);
#4897 = EDGE_CURVE('',#4898,#4890,#4900,.T.);
#4898 = VERTEX_POINT('',#4899);
#4899 = CARTESIAN_POINT('',(46.378913879395,-46.52035140991,0.));
#4900 = LINE('',#4901,#4902);
#4901 = CARTESIAN_POINT('',(46.378913879395,-46.52035140991,0.));
#4902 = VECTOR('',#4903,1.);
#4903 = DIRECTION('',(-0.881918941082,-0.471401083326,0.));
#4904 = ORIENTED_EDGE('',*,*,#4905,.F.);
#4905 = EDGE_CURVE('',#4906,#4898,#4908,.T.);
#4906 = VERTEX_POINT('',#4907);
#4907 = CARTESIAN_POINT('',(46.6213722229,-46.32136917114,0.));
#4908 = LINE('',#4909,#4910);
#4909 = CARTESIAN_POINT('',(46.6213722229,-46.32136917114,0.));
#4910 = VECTOR('',#4911,1.);
#4911 = DIRECTION('',(-0.77300761003,-0.634396748759,0.));
#4912 = ORIENTED_EDGE('',*,*,#4913,.F.);
#4913 = EDGE_CURVE('',#4914,#4906,#4916,.T.);
#4914 = VERTEX_POINT('',#4915);
#4915 = CARTESIAN_POINT('',(46.820350646973,-46.07891082763,0.));
#4916 = LINE('',#4917,#4918);
#4917 = CARTESIAN_POINT('',(46.820350646973,-46.07891082763,0.));
#4918 = VECTOR('',#4919,1.);
#4919 = DIRECTION('',(-0.634389481355,-0.773013574231,0.));
#4920 = ORIENTED_EDGE('',*,*,#4921,.F.);
#4921 = EDGE_CURVE('',#4922,#4914,#4924,.T.);
#4922 = VERTEX_POINT('',#4923);
#4923 = CARTESIAN_POINT('',(46.968208312988,-45.80229187011,0.));
#4924 = LINE('',#4925,#4926);
#4925 = CARTESIAN_POINT('',(46.968208312988,-45.80229187011,0.));
#4926 = VECTOR('',#4927,1.);
#4927 = DIRECTION('',(-0.471401083326,-0.881918941082,0.));
#4928 = ORIENTED_EDGE('',*,*,#4929,.F.);
#4929 = EDGE_CURVE('',#4930,#4922,#4932,.T.);
#4930 = VERTEX_POINT('',#4931);
#4931 = CARTESIAN_POINT('',(47.059257507324,-45.50214385986,0.));
#4932 = LINE('',#4933,#4934);
#4933 = CARTESIAN_POINT('',(47.059257507324,-45.50214385986,0.));
#4934 = VECTOR('',#4935,1.);
#4935 = DIRECTION('',(-0.290285526365,-0.956940078157,0.));
#4936 = ORIENTED_EDGE('',*,*,#4937,.F.);
#4937 = EDGE_CURVE('',#4938,#4930,#4940,.T.);
#4938 = VERTEX_POINT('',#4939);
#4939 = CARTESIAN_POINT('',(47.090000152588,-45.1899986267,0.));
#4940 = LINE('',#4941,#4942);
#4941 = CARTESIAN_POINT('',(47.090000152588,-45.1899986267,0.));
#4942 = VECTOR('',#4943,1.);
#4943 = DIRECTION('',(-9.801405600076E-02,-0.995185030447,0.));
#4944 = ORIENTED_EDGE('',*,*,#4945,.F.);
#4945 = EDGE_CURVE('',#4946,#4938,#4948,.T.);
#4946 = VERTEX_POINT('',#4947);
#4947 = CARTESIAN_POINT('',(47.059257507324,-44.87785720825,0.));
#4948 = LINE('',#4949,#4950);
#4949 = CARTESIAN_POINT('',(47.059257507324,-44.87785720825,0.));
#4950 = VECTOR('',#4951,1.);
#4951 = DIRECTION('',(9.801524232836E-02,-0.995184913607,0.));
#4952 = ORIENTED_EDGE('',*,*,#4953,.F.);
#4953 = EDGE_CURVE('',#4954,#4946,#4956,.T.);
#4954 = VERTEX_POINT('',#4955);
#4955 = CARTESIAN_POINT('',(46.968208312988,-44.5777053833,0.));
#4956 = LINE('',#4957,#4958);
#4957 = CARTESIAN_POINT('',(46.968208312988,-44.5777053833,0.));
#4958 = VECTOR('',#4959,1.);
#4959 = DIRECTION('',(0.290282147937,-0.956941102989,0.));
#4960 = ORIENTED_EDGE('',*,*,#4961,.F.);
#4961 = EDGE_CURVE('',#4962,#4954,#4964,.T.);
#4962 = VERTEX_POINT('',#4963);
#4963 = CARTESIAN_POINT('',(46.820350646973,-44.30108642578,0.));
#4964 = LINE('',#4965,#4966);
#4965 = CARTESIAN_POINT('',(46.820350646973,-44.30108642578,0.));
#4966 = VECTOR('',#4967,1.);
#4967 = DIRECTION('',(0.471401083326,-0.881918941082,0.));
#4968 = ORIENTED_EDGE('',*,*,#4969,.F.);
#4969 = EDGE_CURVE('',#4970,#4962,#4972,.T.);
#4970 = VERTEX_POINT('',#4971);
#4971 = CARTESIAN_POINT('',(46.6213722229,-44.05862808227,0.));
#4972 = LINE('',#4973,#4974);
#4973 = CARTESIAN_POINT('',(46.6213722229,-44.05862808227,0.));
#4974 = VECTOR('',#4975,1.);
#4975 = DIRECTION('',(0.634389481355,-0.773013574231,0.));
#4976 = ORIENTED_EDGE('',*,*,#4977,.T.);
#4977 = EDGE_CURVE('',#4970,#4978,#4980,.T.);
#4978 = VERTEX_POINT('',#4979);
#4979 = CARTESIAN_POINT('',(45.157314300537,-42.5945739746,0.));
#4980 = LINE('',#4981,#4982);
#4981 = CARTESIAN_POINT('',(46.6213722229,-44.05862808227,0.));
#4982 = VECTOR('',#4983,1.);
#4983 = DIRECTION('',(-0.707107702393,0.707105859979,0.));
#4984 = ORIENTED_EDGE('',*,*,#4985,.T.);
#4985 = EDGE_CURVE('',#4978,#4986,#4988,.T.);
#4986 = VERTEX_POINT('',#4987);
#4987 = CARTESIAN_POINT('',(45.157314300537,-41.32178115844,0.));
#4988 = LINE('',#4989,#4990);
#4989 = CARTESIAN_POINT('',(45.157314300537,-42.5945739746,0.));
#4990 = VECTOR('',#4991,1.);
#4991 = DIRECTION('',(0.,1.,0.));
#4992 = ORIENTED_EDGE('',*,*,#4993,.F.);
#4993 = EDGE_CURVE('',#4994,#4986,#4996,.T.);
#4994 = VERTEX_POINT('',#4995);
#4995 = CARTESIAN_POINT('',(46.055976867676,-40.04503250122,0.));
#4996 = LINE('',#4997,#4998);
#4997 = CARTESIAN_POINT('',(46.055976867676,-40.04503250122,0.));
#4998 = VECTOR('',#4999,1.);
#4999 = DIRECTION('',(-0.575583276956,-0.817743169515,0.));
#5000 = ORIENTED_EDGE('',*,*,#5001,.F.);
#5001 = EDGE_CURVE('',#5002,#4994,#5004,.T.);
#5002 = VERTEX_POINT('',#5003);
#5003 = CARTESIAN_POINT('',(46.847175598145,-38.69903945922,0.));
#5004 = LINE('',#5005,#5006);
#5005 = CARTESIAN_POINT('',(46.847175598145,-38.69903945922,0.));
#5006 = VECTOR('',#5007,1.);
#5007 = DIRECTION('',(-0.506752737362,-0.862091447108,0.));
#5008 = ORIENTED_EDGE('',*,*,#5009,.F.);
#5009 = EDGE_CURVE('',#5010,#5002,#5012,.T.);
#5010 = VERTEX_POINT('',#5011);
#5011 = CARTESIAN_POINT('',(47.525985717773,-37.29301834106,0.));
#5012 = LINE('',#5013,#5014);
#5013 = CARTESIAN_POINT('',(47.525985717773,-37.29301834106,0.));
#5014 = VECTOR('',#5015,1.);
#5015 = DIRECTION('',(-0.434770520324,-0.900541278708,0.));
#5016 = ORIENTED_EDGE('',*,*,#5017,.F.);
#5017 = EDGE_CURVE('',#5018,#5010,#5020,.T.);
#5018 = VERTEX_POINT('',#5019);
#5019 = CARTESIAN_POINT('',(48.087490081787,-35.83617401123,0.));
#5020 = LINE('',#5021,#5022);
#5021 = CARTESIAN_POINT('',(48.087490081787,-35.83617401123,0.));
#5022 = VECTOR('',#5023,1.);
#5023 = DIRECTION('',(-0.359637161715,-0.933092231193,0.));
#5024 = ORIENTED_EDGE('',*,*,#5025,.F.);
#5025 = EDGE_CURVE('',#5026,#5018,#5028,.T.);
#5026 = VERTEX_POINT('',#5027);
#5027 = CARTESIAN_POINT('',(48.528339385986,-34.33839797973,0.));
#5028 = LINE('',#5029,#5030);
#5029 = CARTESIAN_POINT('',(48.528339385986,-34.33839797973,0.));
#5030 = VECTOR('',#5031,1.);
#5031 = DIRECTION('',(-0.2823590488,-0.95930879677,0.));
#5032 = ORIENTED_EDGE('',*,*,#5033,.F.);
#5033 = EDGE_CURVE('',#5034,#5026,#5036,.T.);
#5034 = VERTEX_POINT('',#5035);
#5035 = CARTESIAN_POINT('',(48.84517288208,-32.80957412719,0.));
#5036 = LINE('',#5037,#5038);
#5037 = CARTESIAN_POINT('',(48.84517288208,-32.80957412719,0.));
#5038 = VECTOR('',#5039,1.);
#5039 = DIRECTION('',(-0.202928115644,-0.979193637582,0.));
#5040 = ORIENTED_EDGE('',*,*,#5041,.F.);
#5041 = EDGE_CURVE('',#5042,#5034,#5044,.T.);
#5042 = VERTEX_POINT('',#5043);
#5043 = CARTESIAN_POINT('',(49.036293029785,-31.26000785827,0.));
#5044 = LINE('',#5045,#5046);
#5045 = CARTESIAN_POINT('',(49.036293029785,-31.26000785827,0.));
#5046 = VECTOR('',#5047,1.);
#5047 = DIRECTION('',(-0.122410282355,-0.992479583051,0.));
#5048 = ORIENTED_EDGE('',*,*,#5049,.F.);
#5049 = EDGE_CURVE('',#5050,#5042,#5052,.T.);
#5050 = VERTEX_POINT('',#5051);
#5051 = CARTESIAN_POINT('',(49.099998474121,-29.70000076293,0.));
#5052 = LINE('',#5053,#5054);
#5053 = CARTESIAN_POINT('',(49.099998474121,-29.70000076293,0.));
#5054 = VECTOR('',#5055,1.);
#5055 = DIRECTION('',(-4.08026298629E-02,-0.999167225942,0.));
#5056 = ORIENTED_EDGE('',*,*,#5057,.F.);
#5057 = EDGE_CURVE('',#5058,#5050,#5060,.T.);
#5058 = VERTEX_POINT('',#5059);
#5059 = CARTESIAN_POINT('',(49.036293029785,-28.13999176025,0.));
#5060 = LINE('',#5061,#5062);
#5061 = CARTESIAN_POINT('',(49.036293029785,-28.13999176025,0.));
#5062 = VECTOR('',#5063,1.);
#5063 = DIRECTION('',(4.080258005852E-02,-0.999167227976,0.));
#5064 = ORIENTED_EDGE('',*,*,#5065,.F.);
#5065 = EDGE_CURVE('',#5066,#5058,#5068,.T.);
#5066 = VERTEX_POINT('',#5067);
#5067 = CARTESIAN_POINT('',(48.84517288208,-26.59042549133,0.));
#5068 = LINE('',#5069,#5070);
#5069 = CARTESIAN_POINT('',(48.84517288208,-26.59042549133,0.));
#5070 = VECTOR('',#5071,1.);
#5071 = DIRECTION('',(0.122410282355,-0.992479583051,0.));
#5072 = ORIENTED_EDGE('',*,*,#5073,.F.);
#5073 = EDGE_CURVE('',#5074,#5066,#5076,.T.);
#5074 = VERTEX_POINT('',#5075);
#5075 = CARTESIAN_POINT('',(48.528339385986,-25.06160163879,0.));
#5076 = LINE('',#5077,#5078);
#5077 = CARTESIAN_POINT('',(48.528339385986,-25.06160163879,0.));
#5078 = VECTOR('',#5079,1.);
#5079 = DIRECTION('',(0.202928115644,-0.979193637582,0.));
#5080 = ORIENTED_EDGE('',*,*,#5081,.F.);
#5081 = EDGE_CURVE('',#5082,#5074,#5084,.T.);
#5082 = VERTEX_POINT('',#5083);
#5083 = CARTESIAN_POINT('',(48.087490081787,-23.5638256073,0.));
#5084 = LINE('',#5085,#5086);
#5085 = CARTESIAN_POINT('',(48.087490081787,-23.5638256073,0.));
#5086 = VECTOR('',#5087,1.);
#5087 = DIRECTION('',(0.2823590488,-0.95930879677,0.));
#5088 = ORIENTED_EDGE('',*,*,#5089,.F.);
#5089 = EDGE_CURVE('',#5090,#5082,#5092,.T.);
#5090 = VERTEX_POINT('',#5091);
#5091 = CARTESIAN_POINT('',(47.525985717773,-22.10698127746,0.));
#5092 = LINE('',#5093,#5094);
#5093 = CARTESIAN_POINT('',(47.525985717773,-22.10698127746,0.));
#5094 = VECTOR('',#5095,1.);
#5095 = DIRECTION('',(0.359637161715,-0.933092231193,0.));
#5096 = ORIENTED_EDGE('',*,*,#5097,.F.);
#5097 = EDGE_CURVE('',#5098,#5090,#5100,.T.);
#5098 = VERTEX_POINT('',#5099);
#5099 = CARTESIAN_POINT('',(46.847175598145,-20.7009601593,0.));
#5100 = LINE('',#5101,#5102);
#5101 = CARTESIAN_POINT('',(46.847175598145,-20.7009601593,0.));
#5102 = VECTOR('',#5103,1.);
#5103 = DIRECTION('',(0.434770520324,-0.900541278708,0.));
#5104 = ORIENTED_EDGE('',*,*,#5105,.F.);
#5105 = EDGE_CURVE('',#5106,#5098,#5108,.T.);
#5106 = VERTEX_POINT('',#5107);
#5107 = CARTESIAN_POINT('',(46.055976867676,-19.35496902465,0.));
#5108 = LINE('',#5109,#5110);
#5109 = CARTESIAN_POINT('',(46.055976867676,-19.35496902465,0.));
#5110 = VECTOR('',#5111,1.);
#5111 = DIRECTION('',(0.506753271054,-0.862091133394,0.));
#5112 = ORIENTED_EDGE('',*,*,#5113,.F.);
#5113 = EDGE_CURVE('',#5114,#5106,#5116,.T.);
#5114 = VERTEX_POINT('',#5115);
#5115 = CARTESIAN_POINT('',(45.157314300537,-18.07821846008,0.));
#5116 = LINE('',#5117,#5118);
#5117 = CARTESIAN_POINT('',(45.157314300537,-18.07821846008,0.));
#5118 = VECTOR('',#5119,1.);
#5119 = DIRECTION('',(0.575582701958,-0.817743574237,0.));
#5120 = ORIENTED_EDGE('',*,*,#5121,.F.);
#5121 = EDGE_CURVE('',#5122,#5114,#5124,.T.);
#5122 = VERTEX_POINT('',#5123);
#5123 = CARTESIAN_POINT('',(45.157314300537,-16.80542564392,0.));
#5124 = LINE('',#5125,#5126);
#5125 = CARTESIAN_POINT('',(45.157314300537,-16.80542564392,0.));
#5126 = VECTOR('',#5127,1.);
#5127 = DIRECTION('',(0.,-1.,0.));
#5128 = ORIENTED_EDGE('',*,*,#5129,.F.);
#5129 = EDGE_CURVE('',#5130,#5122,#5132,.T.);
#5130 = VERTEX_POINT('',#5131);
#5131 = CARTESIAN_POINT('',(46.6213722229,-15.34137058258,0.));
#5132 = LINE('',#5133,#5134);
#5133 = CARTESIAN_POINT('',(46.6213722229,-15.34137058258,0.));
#5134 = VECTOR('',#5135,1.);
#5135 = DIRECTION('',(-0.707107472091,-0.707106090281,0.));
#5136 = ORIENTED_EDGE('',*,*,#5137,.F.);
#5137 = EDGE_CURVE('',#5138,#5130,#5140,.T.);
#5138 = VERTEX_POINT('',#5139);
#5139 = CARTESIAN_POINT('',(46.820350646973,-15.09891223907,0.));
#5140 = LINE('',#5141,#5142);
#5141 = CARTESIAN_POINT('',(46.820350646973,-15.09891223907,0.));
#5142 = VECTOR('',#5143,1.);
#5143 = DIRECTION('',(-0.634389481355,-0.773013574231,0.));
#5144 = ORIENTED_EDGE('',*,*,#5145,.F.);
#5145 = EDGE_CURVE('',#5146,#5138,#5148,.T.);
#5146 = VERTEX_POINT('',#5147);
#5147 = CARTESIAN_POINT('',(46.968208312988,-14.82229328155,0.));
#5148 = LINE('',#5149,#5150);
#5149 = CARTESIAN_POINT('',(46.968208312988,-14.82229328155,0.));
#5150 = VECTOR('',#5151,1.);
#5151 = DIRECTION('',(-0.471401083326,-0.881918941082,0.));
#5152 = ORIENTED_EDGE('',*,*,#5153,.F.);
#5153 = EDGE_CURVE('',#5154,#5146,#5156,.T.);
#5154 = VERTEX_POINT('',#5155);
#5155 = CARTESIAN_POINT('',(47.059257507324,-14.52214431762,0.));
#5156 = LINE('',#5157,#5158);
#5157 = CARTESIAN_POINT('',(47.059257507324,-14.52214431762,0.));
#5158 = VECTOR('',#5159,1.);
#5159 = DIRECTION('',(-0.290284681751,-0.956940334368,0.));
#5160 = ORIENTED_EDGE('',*,*,#5161,.F.);
#5161 = EDGE_CURVE('',#5162,#5154,#5164,.T.);
#5162 = VERTEX_POINT('',#5163);
#5163 = CARTESIAN_POINT('',(47.090000152588,-14.21000003814,0.));
#5164 = LINE('',#5165,#5166);
#5165 = CARTESIAN_POINT('',(47.090000152588,-14.21000003814,0.));
#5166 = VECTOR('',#5167,1.);
#5167 = DIRECTION('',(-9.801435257998E-02,-0.995185001238,0.));
#5168 = ORIENTED_EDGE('',*,*,#5169,.F.);
#5169 = EDGE_CURVE('',#5170,#5162,#5172,.T.);
#5170 = VERTEX_POINT('',#5171);
#5171 = CARTESIAN_POINT('',(47.059257507324,-13.89785575866,0.));
#5172 = LINE('',#5173,#5174);
#5173 = CARTESIAN_POINT('',(47.059257507324,-13.89785575866,0.));
#5174 = VECTOR('',#5175,1.);
#5175 = DIRECTION('',(9.801435257998E-02,-0.995185001238,0.));
#5176 = ORIENTED_EDGE('',*,*,#5177,.F.);
#5177 = EDGE_CURVE('',#5178,#5170,#5180,.T.);
#5178 = VERTEX_POINT('',#5179);
#5179 = CARTESIAN_POINT('',(46.968208312988,-13.59770679473,0.));
#5180 = LINE('',#5181,#5182);
#5181 = CARTESIAN_POINT('',(46.968208312988,-13.59770679473,0.));
#5182 = VECTOR('',#5183,1.);
#5183 = DIRECTION('',(0.290284681751,-0.956940334368,0.));
#5184 = ORIENTED_EDGE('',*,*,#5185,.F.);
#5185 = EDGE_CURVE('',#5186,#5178,#5188,.T.);
#5186 = VERTEX_POINT('',#5187);
#5187 = CARTESIAN_POINT('',(46.820350646973,-13.32108783721,0.));
#5188 = LINE('',#5189,#5190);
#5189 = CARTESIAN_POINT('',(46.820350646973,-13.32108783721,0.));
#5190 = VECTOR('',#5191,1.);
#5191 = DIRECTION('',(0.471401083326,-0.881918941082,0.));
#5192 = ORIENTED_EDGE('',*,*,#5193,.F.);
#5193 = EDGE_CURVE('',#5194,#5186,#5196,.T.);
#5194 = VERTEX_POINT('',#5195);
#5195 = CARTESIAN_POINT('',(46.6213722229,-13.07862949371,0.));
#5196 = LINE('',#5197,#5198);
#5197 = CARTESIAN_POINT('',(46.6213722229,-13.07862949371,0.));
#5198 = VECTOR('',#5199,1.);
#5199 = DIRECTION('',(0.634389481355,-0.773013574231,0.));
#5200 = ORIENTED_EDGE('',*,*,#5201,.F.);
#5201 = EDGE_CURVE('',#5202,#5194,#5204,.T.);
#5202 = VERTEX_POINT('',#5203);
#5203 = CARTESIAN_POINT('',(46.378913879395,-12.87964820861,0.));
#5204 = LINE('',#5205,#5206);
#5205 = CARTESIAN_POINT('',(46.378913879395,-12.87964820861,0.));
#5206 = VECTOR('',#5207,1.);
#5207 = DIRECTION('',(0.773009101078,-0.634394931924,0.));
#5208 = ORIENTED_EDGE('',*,*,#5209,.F.);
#5209 = EDGE_CURVE('',#5210,#5202,#5212,.T.);
#5210 = VERTEX_POINT('',#5211);
#5211 = CARTESIAN_POINT('',(46.102294921875,-12.73179244995,0.));
#5212 = LINE('',#5213,#5214);
#5213 = CARTESIAN_POINT('',(46.102294921875,-12.73179244995,0.));
#5214 = VECTOR('',#5215,1.);
#5215 = DIRECTION('',(0.881921469187,-0.4713963536,0.));
#5216 = ORIENTED_EDGE('',*,*,#5217,.F.);
#5217 = EDGE_CURVE('',#5218,#5210,#5220,.T.);
#5218 = VERTEX_POINT('',#5219);
#5219 = CARTESIAN_POINT('',(45.802143096924,-12.64074325561,0.));
#5220 = LINE('',#5221,#5222);
#5221 = CARTESIAN_POINT('',(45.802143096924,-12.64074325561,0.));
#5222 = VECTOR('',#5223,1.);
#5223 = DIRECTION('',(0.956941102989,-0.290282147937,0.));
#5224 = ORIENTED_EDGE('',*,*,#5225,.F.);
#5225 = EDGE_CURVE('',#5226,#5218,#5228,.T.);
#5226 = VERTEX_POINT('',#5227);
#5227 = CARTESIAN_POINT('',(45.490001678467,-12.60999965667,0.));
#5228 = LINE('',#5229,#5230);
#5229 = CARTESIAN_POINT('',(45.490001678467,-12.60999965667,0.));
#5230 = VECTOR('',#5231,1.);
#5231 = DIRECTION('',(0.995184617017,-9.801825366871E-02,0.));
#5232 = ORIENTED_EDGE('',*,*,#5233,.F.);
#5233 = EDGE_CURVE('',#5234,#5226,#5236,.T.);
#5234 = VERTEX_POINT('',#5235);
#5235 = CARTESIAN_POINT('',(45.177856445312,-12.64074325561,0.));
#5236 = LINE('',#5237,#5238);
#5237 = CARTESIAN_POINT('',(45.177856445312,-12.64074325561,0.));
#5238 = VECTOR('',#5239,1.);
#5239 = DIRECTION('',(0.995184733864,9.801706730538E-02,0.));
#5240 = ORIENTED_EDGE('',*,*,#5241,.F.);
#5241 = EDGE_CURVE('',#5242,#5234,#5244,.T.);
#5242 = VERTEX_POINT('',#5243);
#5243 = CARTESIAN_POINT('',(44.877704620361,-12.73179244995,0.));
#5244 = LINE('',#5245,#5246);
#5245 = CARTESIAN_POINT('',(44.877704620361,-12.73179244995,0.));
#5246 = VECTOR('',#5247,1.);
#5247 = DIRECTION('',(0.956941102989,0.290282147937,0.));
#5248 = ORIENTED_EDGE('',*,*,#5249,.F.);
#5249 = EDGE_CURVE('',#5250,#5242,#5252,.T.);
#5250 = VERTEX_POINT('',#5251);
#5251 = CARTESIAN_POINT('',(44.601089477539,-12.87964820861,0.));
#5252 = LINE('',#5253,#5254);
#5253 = CARTESIAN_POINT('',(44.601089477539,-12.87964820861,0.));
#5254 = VECTOR('',#5255,1.);
#5255 = DIRECTION('',(0.881918766551,0.471401409846,0.));
#5256 = ORIENTED_EDGE('',*,*,#5257,.F.);
#5257 = EDGE_CURVE('',#5258,#5250,#5260,.T.);
#5258 = VERTEX_POINT('',#5259);
#5259 = CARTESIAN_POINT('',(44.358627319336,-13.07862949371,0.));
#5260 = LINE('',#5261,#5262);
#5261 = CARTESIAN_POINT('',(44.358627319336,-13.07862949371,0.));
#5262 = VECTOR('',#5263,1.);
#5263 = DIRECTION('',(0.773013995719,0.634388967766,0.));
#5264 = ORIENTED_EDGE('',*,*,#5265,.T.);
#5265 = EDGE_CURVE('',#5258,#5266,#5268,.T.);
#5266 = VERTEX_POINT('',#5267);
#5267 = CARTESIAN_POINT('',(42.89457321167,-14.54268455505,0.));
#5268 = LINE('',#5269,#5270);
#5269 = CARTESIAN_POINT('',(44.358627319336,-13.07862949371,0.));
#5270 = VECTOR('',#5271,1.);
#5271 = DIRECTION('',(-0.707106550884,-0.707107011489,0.));
#5272 = ORIENTED_EDGE('',*,*,#5273,.T.);
#5273 = EDGE_CURVE('',#5266,#5274,#5276,.T.);
#5274 = VERTEX_POINT('',#5275);
#5275 = CARTESIAN_POINT('',(41.621780395508,-14.54268455505,0.));
#5276 = LINE('',#5277,#5278);
#5277 = CARTESIAN_POINT('',(42.89457321167,-14.54268455505,0.));
#5278 = VECTOR('',#5279,1.);
#5279 = DIRECTION('',(-1.,0.,0.));
#5280 = ORIENTED_EDGE('',*,*,#5281,.F.);
#5281 = EDGE_CURVE('',#5282,#5274,#5284,.T.);
#5282 = VERTEX_POINT('',#5283);
#5283 = CARTESIAN_POINT('',(40.345031738281,-13.64402294158,0.));
#5284 = LINE('',#5285,#5286);
#5285 = CARTESIAN_POINT('',(40.345031738281,-13.64402294158,0.));
#5286 = VECTOR('',#5287,1.);
#5287 = DIRECTION('',(0.817743457014,-0.5755828685,0.));
#5288 = ORIENTED_EDGE('',*,*,#5289,.F.);
#5289 = EDGE_CURVE('',#5290,#5282,#5292,.T.);
#5290 = VERTEX_POINT('',#5291);
#5291 = CARTESIAN_POINT('',(38.999042510986,-12.85282611846,0.));
#5292 = LINE('',#5293,#5294);
#5293 = CARTESIAN_POINT('',(38.999042510986,-12.85282611846,0.));
#5294 = VECTOR('',#5295,1.);
#5295 = DIRECTION('',(0.862091353372,-0.506752896825,0.));
#5296 = ORIENTED_EDGE('',*,*,#5297,.F.);
#5297 = EDGE_CURVE('',#5298,#5290,#5300,.T.);
#5298 = VERTEX_POINT('',#5299);
#5299 = CARTESIAN_POINT('',(37.593017578125,-12.17401504516,0.));
#5300 = LINE('',#5301,#5302);
#5301 = CARTESIAN_POINT('',(37.593017578125,-12.17401504516,0.));
#5302 = VECTOR('',#5303,1.);
#5303 = DIRECTION('',(0.900541501395,-0.434770059071,0.));
#5304 = ORIENTED_EDGE('',*,*,#5305,.F.);
#5305 = EDGE_CURVE('',#5306,#5298,#5308,.T.);
#5306 = VERTEX_POINT('',#5307);
#5307 = CARTESIAN_POINT('',(36.136173248291,-11.61250782012,0.));
#5308 = LINE('',#5309,#5310);
#5309 = CARTESIAN_POINT('',(36.136173248291,-11.61250782012,0.));
#5310 = VECTOR('',#5311,1.);
#5311 = DIRECTION('',(0.933091616268,-0.359638757159,0.));
#5312 = ORIENTED_EDGE('',*,*,#5313,.F.);
#5313 = EDGE_CURVE('',#5314,#5306,#5316,.T.);
#5314 = VERTEX_POINT('',#5315);
#5315 = CARTESIAN_POINT('',(34.638397216797,-11.17166042327,0.));
#5316 = LINE('',#5317,#5318);
#5317 = CARTESIAN_POINT('',(34.638397216797,-11.17166042327,0.));
#5318 = VECTOR('',#5319,1.);
#5319 = DIRECTION('',(0.959309127673,-0.282357924561,0.));
#5320 = ORIENTED_EDGE('',*,*,#5321,.F.);
#5321 = EDGE_CURVE('',#5322,#5314,#5324,.T.);
#5322 = VERTEX_POINT('',#5323);
#5323 = CARTESIAN_POINT('',(33.109573364258,-10.85482692718,0.));
#5324 = LINE('',#5325,#5326);
#5325 = CARTESIAN_POINT('',(33.109573364258,-10.85482692718,0.));
#5326 = VECTOR('',#5327,1.);
#5327 = DIRECTION('',(0.979193637582,-0.202928115644,0.));
#5328 = ORIENTED_EDGE('',*,*,#5329,.F.);
#5329 = EDGE_CURVE('',#4122,#5322,#5330,.T.);
#5330 = LINE('',#5331,#5332);
#5331 = CARTESIAN_POINT('',(31.560007095337,-10.66370677948,0.));
#5332 = VECTOR('',#5333,1.);
#5333 = DIRECTION('',(0.992479583051,-0.122410282355,0.));
#5334 = FACE_BOUND('',#5335,.F.);
#5335 = EDGE_LOOP('',(#5336,#5344,#5352,#5360,#5368,#5376,#5384,#5392,
    #5400,#5408,#5416,#5424,#5432,#5440,#5448,#5456,#5464,#5470,#5471,
    #5479,#5487,#5495,#5501,#5509,#5517,#5525,#5531,#5539,#5547,#5555,
    #5561,#5569,#5577,#5585));
#5336 = ORIENTED_EDGE('',*,*,#5337,.T.);
#5337 = EDGE_CURVE('',#3768,#5338,#5340,.T.);
#5338 = VERTEX_POINT('',#5339);
#5339 = CARTESIAN_POINT('',(7.449999809265,-88.44999694824,0.));
#5340 = LINE('',#5341,#5342);
#5341 = CARTESIAN_POINT('',(7.449999809265,-66.94999694824,0.));
#5342 = VECTOR('',#5343,1.);
#5343 = DIRECTION('',(0.,-1.,0.));
#5344 = ORIENTED_EDGE('',*,*,#5345,.F.);
#5345 = EDGE_CURVE('',#5346,#5338,#5348,.T.);
#5346 = VERTEX_POINT('',#5347);
#5347 = CARTESIAN_POINT('',(7.498997688293,-88.94747924804,0.));
#5348 = LINE('',#5349,#5350);
#5349 = CARTESIAN_POINT('',(7.498997688293,-88.94747924804,0.));
#5350 = VECTOR('',#5351,1.);
#5351 = DIRECTION('',(-9.801743587898E-02,0.995184697563,0.));
#5352 = ORIENTED_EDGE('',*,*,#5353,.F.);
#5353 = EDGE_CURVE('',#5354,#5346,#5356,.T.);
#5354 = VERTEX_POINT('',#5355);
#5355 = CARTESIAN_POINT('',(7.644107341766,-89.42584228515,0.));
#5356 = LINE('',#5357,#5358);
#5357 = CARTESIAN_POINT('',(7.644107341766,-89.42584228515,0.));
#5358 = VECTOR('',#5359,1.);
#5359 = DIRECTION('',(-0.29028433397,0.956940439866,0.));
#5360 = ORIENTED_EDGE('',*,*,#5361,.F.);
#5361 = EDGE_CURVE('',#5362,#5354,#5364,.T.);
#5362 = VERTEX_POINT('',#5363);
#5363 = CARTESIAN_POINT('',(7.879752635956,-89.86670684814,0.));
#5364 = LINE('',#5365,#5366);
#5365 = CARTESIAN_POINT('',(7.879752635956,-89.86670684814,0.));
#5366 = VECTOR('',#5367,1.);
#5367 = DIRECTION('',(-0.471394054161,0.881922698257,0.));
#5368 = ORIENTED_EDGE('',*,*,#5369,.F.);
#5369 = EDGE_CURVE('',#5370,#5362,#5372,.T.);
#5370 = VERTEX_POINT('',#5371);
#5371 = CARTESIAN_POINT('',(8.196877479553,-90.25312042236,0.));
#5372 = LINE('',#5373,#5374);
#5373 = CARTESIAN_POINT('',(8.196877479553,-90.25312042236,0.));
#5374 = VECTOR('',#5375,1.);
#5375 = DIRECTION('',(-0.634397370819,0.773007099514,0.));
#5376 = ORIENTED_EDGE('',*,*,#5377,.F.);
#5377 = EDGE_CURVE('',#5378,#5370,#5380,.T.);
#5378 = VERTEX_POINT('',#5379);
#5379 = CARTESIAN_POINT('',(8.583295822144,-90.57024383544,0.));
#5380 = LINE('',#5381,#5382);
#5381 = CARTESIAN_POINT('',(8.583295822144,-90.57024383544,0.));
#5382 = VECTOR('',#5383,1.);
#5383 = DIRECTION('',(-0.773012341864,0.634390983011,0.));
#5384 = ORIENTED_EDGE('',*,*,#5385,.F.);
#5385 = EDGE_CURVE('',#5386,#5378,#5388,.T.);
#5386 = VERTEX_POINT('',#5387);
#5387 = CARTESIAN_POINT('',(9.024157524109,-90.80589294433,0.));
#5388 = LINE('',#5389,#5390);
#5389 = CARTESIAN_POINT('',(9.024157524109,-90.80589294433,0.));
#5390 = VECTOR('',#5391,1.);
#5391 = DIRECTION('',(-0.881918253935,0.47140236887,0.));
#5392 = ORIENTED_EDGE('',*,*,#5393,.F.);
#5393 = EDGE_CURVE('',#5394,#5386,#5396,.T.);
#5394 = VERTEX_POINT('',#5395);
#5395 = CARTESIAN_POINT('',(9.502519607544,-90.95100402832,0.));
#5396 = LINE('',#5397,#5398);
#5397 = CARTESIAN_POINT('',(9.502519607544,-90.95100402832,0.));
#5398 = VECTOR('',#5399,1.);
#5399 = DIRECTION('',(-0.956939484175,0.290287484449,0.));
#5400 = ORIENTED_EDGE('',*,*,#5401,.F.);
#5401 = EDGE_CURVE('',#5402,#5394,#5404,.T.);
#5402 = VERTEX_POINT('',#5403);
#5403 = CARTESIAN_POINT('',(10.,-91.,0.));
#5404 = LINE('',#5405,#5406);
#5405 = CARTESIAN_POINT('',(10.,-91.,0.));
#5406 = VECTOR('',#5407,1.);
#5407 = DIRECTION('',(-0.99518503309,9.801402916925E-02,0.));
#5408 = ORIENTED_EDGE('',*,*,#5409,.F.);
#5409 = EDGE_CURVE('',#5410,#5402,#5412,.T.);
#5410 = VERTEX_POINT('',#5411);
#5411 = CARTESIAN_POINT('',(10.497480392456,-90.95100402832,0.));
#5412 = LINE('',#5413,#5414);
#5413 = CARTESIAN_POINT('',(10.497480392456,-90.95100402832,0.));
#5414 = VECTOR('',#5415,1.);
#5415 = DIRECTION('',(-0.99518503309,-9.801402916925E-02,0.));
#5416 = ORIENTED_EDGE('',*,*,#5417,.F.);
#5417 = EDGE_CURVE('',#5418,#5410,#5420,.T.);
#5418 = VERTEX_POINT('',#5419);
#5419 = CARTESIAN_POINT('',(10.975842475891,-90.80589294433,0.));
#5420 = LINE('',#5421,#5422);
#5421 = CARTESIAN_POINT('',(10.975842475891,-90.80589294433,0.));
#5422 = VECTOR('',#5423,1.);
#5423 = DIRECTION('',(-0.956939484175,-0.290287484449,0.));
#5424 = ORIENTED_EDGE('',*,*,#5425,.F.);
#5425 = EDGE_CURVE('',#5426,#5418,#5428,.T.);
#5426 = VERTEX_POINT('',#5427);
#5427 = CARTESIAN_POINT('',(11.416704177856,-90.57024383544,0.));
#5428 = LINE('',#5429,#5430);
#5429 = CARTESIAN_POINT('',(11.416704177856,-90.57024383544,0.));
#5430 = VECTOR('',#5431,1.);
#5431 = DIRECTION('',(-0.881918253935,-0.47140236887,0.));
#5432 = ORIENTED_EDGE('',*,*,#5433,.F.);
#5433 = EDGE_CURVE('',#5434,#5426,#5436,.T.);
#5434 = VERTEX_POINT('',#5435);
#5435 = CARTESIAN_POINT('',(11.803122520447,-90.25312042236,0.));
#5436 = LINE('',#5437,#5438);
#5437 = CARTESIAN_POINT('',(11.803122520447,-90.25312042236,0.));
#5438 = VECTOR('',#5439,1.);
#5439 = DIRECTION('',(-0.773012341864,-0.634390983011,0.));
#5440 = ORIENTED_EDGE('',*,*,#5441,.F.);
#5441 = EDGE_CURVE('',#5442,#5434,#5444,.T.);
#5442 = VERTEX_POINT('',#5443);
#5443 = CARTESIAN_POINT('',(12.120247840881,-89.86670684814,0.));
#5444 = LINE('',#5445,#5446);
#5445 = CARTESIAN_POINT('',(12.120247840881,-89.86670684814,0.));
#5446 = VECTOR('',#5447,1.);
#5447 = DIRECTION('',(-0.634397940809,-0.773006631729,0.));
#5448 = ORIENTED_EDGE('',*,*,#5449,.F.);
#5449 = EDGE_CURVE('',#5450,#5442,#5452,.T.);
#5450 = VERTEX_POINT('',#5451);
#5451 = CARTESIAN_POINT('',(12.355893135071,-89.42584228515,0.));
#5452 = LINE('',#5453,#5454);
#5453 = CARTESIAN_POINT('',(12.355893135071,-89.42584228515,0.));
#5454 = VECTOR('',#5455,1.);
#5455 = DIRECTION('',(-0.471394054161,-0.881922698257,0.));
#5456 = ORIENTED_EDGE('',*,*,#5457,.F.);
#5457 = EDGE_CURVE('',#5458,#5450,#5460,.T.);
#5458 = VERTEX_POINT('',#5459);
#5459 = CARTESIAN_POINT('',(12.501002311707,-88.94747924804,0.));
#5460 = LINE('',#5461,#5462);
#5461 = CARTESIAN_POINT('',(12.501002311707,-88.94747924804,0.));
#5462 = VECTOR('',#5463,1.);
#5463 = DIRECTION('',(-0.290283460461,-0.956940704842,0.));
#5464 = ORIENTED_EDGE('',*,*,#5465,.F.);
#5465 = EDGE_CURVE('',#3800,#5458,#5466,.T.);
#5466 = LINE('',#5467,#5468);
#5467 = CARTESIAN_POINT('',(12.550000190735,-88.44999694824,0.));
#5468 = VECTOR('',#5469,1.);
#5469 = DIRECTION('',(-9.801743587898E-02,-0.995184697563,0.));
#5470 = ORIENTED_EDGE('',*,*,#3799,.F.);
#5471 = ORIENTED_EDGE('',*,*,#5472,.F.);
#5472 = EDGE_CURVE('',#5473,#3420,#5475,.T.);
#5473 = VERTEX_POINT('',#5474);
#5474 = CARTESIAN_POINT('',(12.501002311707,-66.45252227783,0.));
#5475 = LINE('',#5476,#5477);
#5476 = CARTESIAN_POINT('',(12.501002311707,-66.45252227783,0.));
#5477 = VECTOR('',#5478,1.);
#5478 = DIRECTION('',(9.801892465622E-02,-0.99518455093,0.));
#5479 = ORIENTED_EDGE('',*,*,#5480,.F.);
#5480 = EDGE_CURVE('',#5481,#5473,#5483,.T.);
#5481 = VERTEX_POINT('',#5482);
#5482 = CARTESIAN_POINT('',(12.355893135071,-65.97415924072,0.));
#5483 = LINE('',#5484,#5485);
#5484 = CARTESIAN_POINT('',(12.355893135071,-65.97415924072,0.));
#5485 = VECTOR('',#5486,1.);
#5486 = DIRECTION('',(0.290283460461,-0.956940704842,0.));
#5487 = ORIENTED_EDGE('',*,*,#5488,.F.);
#5488 = EDGE_CURVE('',#5489,#5481,#5491,.T.);
#5489 = VERTEX_POINT('',#5490);
#5490 = CARTESIAN_POINT('',(12.120247840881,-65.53329467773,0.));
#5491 = LINE('',#5492,#5493);
#5492 = CARTESIAN_POINT('',(12.120247840881,-65.53329467773,0.));
#5493 = VECTOR('',#5494,1.);
#5494 = DIRECTION('',(0.471394054161,-0.881922698257,0.));
#5495 = ORIENTED_EDGE('',*,*,#5496,.F.);
#5496 = EDGE_CURVE('',#3489,#5489,#5497,.T.);
#5497 = LINE('',#5498,#5499);
#5498 = CARTESIAN_POINT('',(11.803122520447,-65.14688110351,0.));
#5499 = VECTOR('',#5500,1.);
#5500 = DIRECTION('',(0.634397940809,-0.773006631729,0.));
#5501 = ORIENTED_EDGE('',*,*,#5502,.F.);
#5502 = EDGE_CURVE('',#5503,#3489,#5505,.T.);
#5503 = VERTEX_POINT('',#5504);
#5504 = CARTESIAN_POINT('',(11.416704177856,-64.82975006103,0.));
#5505 = LINE('',#5506,#5507);
#5506 = CARTESIAN_POINT('',(11.416704177856,-64.82975006103,0.));
#5507 = VECTOR('',#5508,1.);
#5508 = DIRECTION('',(0.773004857393,-0.634400102811,0.));
#5509 = ORIENTED_EDGE('',*,*,#5510,.F.);
#5510 = EDGE_CURVE('',#5511,#5503,#5513,.T.);
#5511 = VERTEX_POINT('',#5512);
#5512 = CARTESIAN_POINT('',(10.975842475891,-64.59410858154,0.));
#5513 = LINE('',#5514,#5515);
#5514 = CARTESIAN_POINT('',(10.975842475891,-64.59410858154,0.));
#5515 = VECTOR('',#5516,1.);
#5516 = DIRECTION('',(0.881924598966,-0.471390498142,0.));
#5517 = ORIENTED_EDGE('',*,*,#5518,.F.);
#5518 = EDGE_CURVE('',#5519,#5511,#5521,.T.);
#5519 = VERTEX_POINT('',#5520);
#5520 = CARTESIAN_POINT('',(10.497480392456,-64.44899749755,0.));
#5521 = LINE('',#5522,#5523);
#5522 = CARTESIAN_POINT('',(10.497480392456,-64.44899749755,0.));
#5523 = VECTOR('',#5524,1.);
#5524 = DIRECTION('',(0.956939484175,-0.290287484449,0.));
#5525 = ORIENTED_EDGE('',*,*,#5526,.F.);
#5526 = EDGE_CURVE('',#3582,#5519,#5527,.T.);
#5527 = LINE('',#5528,#5529);
#5528 = CARTESIAN_POINT('',(10.,-64.40000152587,0.));
#5529 = VECTOR('',#5530,1.);
#5530 = DIRECTION('',(0.99518503309,-9.801402916925E-02,0.));
#5531 = ORIENTED_EDGE('',*,*,#5532,.F.);
#5532 = EDGE_CURVE('',#5533,#3582,#5535,.T.);
#5533 = VERTEX_POINT('',#5534);
#5534 = CARTESIAN_POINT('',(9.502519607544,-64.44899749755,0.));
#5535 = LINE('',#5536,#5537);
#5536 = CARTESIAN_POINT('',(9.502519607544,-64.44899749755,0.));
#5537 = VECTOR('',#5538,1.);
#5538 = DIRECTION('',(0.99518503309,9.801402916925E-02,0.));
#5539 = ORIENTED_EDGE('',*,*,#5540,.F.);
#5540 = EDGE_CURVE('',#5541,#5533,#5543,.T.);
#5541 = VERTEX_POINT('',#5542);
#5542 = CARTESIAN_POINT('',(9.024157524109,-64.59410858154,0.));
#5543 = LINE('',#5544,#5545);
#5544 = CARTESIAN_POINT('',(9.024157524109,-64.59410858154,0.));
#5545 = VECTOR('',#5546,1.);
#5546 = DIRECTION('',(0.956939484175,0.290287484449,0.));
#5547 = ORIENTED_EDGE('',*,*,#5548,.F.);
#5548 = EDGE_CURVE('',#5549,#5541,#5551,.T.);
#5549 = VERTEX_POINT('',#5550);
#5550 = CARTESIAN_POINT('',(8.583295822144,-64.82975006103,0.));
#5551 = LINE('',#5552,#5553);
#5552 = CARTESIAN_POINT('',(8.583295822144,-64.82975006103,0.));
#5553 = VECTOR('',#5554,1.);
#5554 = DIRECTION('',(0.881924598966,0.471390498142,0.));
#5555 = ORIENTED_EDGE('',*,*,#5556,.F.);
#5556 = EDGE_CURVE('',#3684,#5549,#5557,.T.);
#5557 = LINE('',#5558,#5559);
#5558 = CARTESIAN_POINT('',(8.196877479553,-65.14688110351,0.));
#5559 = VECTOR('',#5560,1.);
#5560 = DIRECTION('',(0.773004857393,0.634400102811,0.));
#5561 = ORIENTED_EDGE('',*,*,#5562,.F.);
#5562 = EDGE_CURVE('',#5563,#3684,#5565,.T.);
#5563 = VERTEX_POINT('',#5564);
#5564 = CARTESIAN_POINT('',(7.879752635956,-65.53329467773,0.));
#5565 = LINE('',#5566,#5567);
#5566 = CARTESIAN_POINT('',(7.879752635956,-65.53329467773,0.));
#5567 = VECTOR('',#5568,1.);
#5568 = DIRECTION('',(0.634397370819,0.773007099514,0.));
#5569 = ORIENTED_EDGE('',*,*,#5570,.F.);
#5570 = EDGE_CURVE('',#5571,#5563,#5573,.T.);
#5571 = VERTEX_POINT('',#5572);
#5572 = CARTESIAN_POINT('',(7.644107341766,-65.97415924072,0.));
#5573 = LINE('',#5574,#5575);
#5574 = CARTESIAN_POINT('',(7.644107341766,-65.97415924072,0.));
#5575 = VECTOR('',#5576,1.);
#5576 = DIRECTION('',(0.471394054161,0.881922698257,0.));
#5577 = ORIENTED_EDGE('',*,*,#5578,.F.);
#5578 = EDGE_CURVE('',#5579,#5571,#5581,.T.);
#5579 = VERTEX_POINT('',#5580);
#5580 = CARTESIAN_POINT('',(7.498997688293,-66.45252227783,0.));
#5581 = LINE('',#5582,#5583);
#5582 = CARTESIAN_POINT('',(7.498997688293,-66.45252227783,0.));
#5583 = VECTOR('',#5584,1.);
#5584 = DIRECTION('',(0.29028433397,0.956940439866,0.));
#5585 = ORIENTED_EDGE('',*,*,#5586,.F.);
#5586 = EDGE_CURVE('',#3768,#5579,#5587,.T.);
#5587 = LINE('',#5588,#5589);
#5588 = CARTESIAN_POINT('',(7.449999809265,-66.94999694824,0.));
#5589 = VECTOR('',#5590,1.);
#5590 = DIRECTION('',(9.801892465622E-02,0.99518455093,0.));
#5591 = FACE_BOUND('',#5592,.F.);
#5592 = EDGE_LOOP('',(#5593,#5603,#5611,#5619,#5627,#5635,#5643,#5651,
    #5659,#5667,#5675,#5683,#5691,#5699,#5707,#5715,#5723,#5731,#5739,
    #5747,#5755,#5763,#5771,#5779,#5787,#5795,#5803,#5811,#5819,#5827,
    #5835,#5843,#5851,#5859));
#5593 = ORIENTED_EDGE('',*,*,#5594,.F.);
#5594 = EDGE_CURVE('',#5595,#5597,#5599,.T.);
#5595 = VERTEX_POINT('',#5596);
#5596 = CARTESIAN_POINT('',(19.024156570435,-90.80589294433,0.));
#5597 = VERTEX_POINT('',#5598);
#5598 = CARTESIAN_POINT('',(18.583295822144,-90.57024383544,0.));
#5599 = LINE('',#5600,#5601);
#5600 = CARTESIAN_POINT('',(19.024156570435,-90.80589294433,0.));
#5601 = VECTOR('',#5602,1.);
#5602 = DIRECTION('',(-0.881917829989,0.471403162005,0.));
#5603 = ORIENTED_EDGE('',*,*,#5604,.F.);
#5604 = EDGE_CURVE('',#5605,#5595,#5607,.T.);
#5605 = VERTEX_POINT('',#5606);
#5606 = CARTESIAN_POINT('',(19.502519607544,-90.95100402832,0.));
#5607 = LINE('',#5608,#5609);
#5608 = CARTESIAN_POINT('',(19.502519607544,-90.95100402832,0.));
#5609 = VECTOR('',#5610,1.);
#5610 = DIRECTION('',(-0.956939644937,0.290286954493,0.));
#5611 = ORIENTED_EDGE('',*,*,#5612,.F.);
#5612 = EDGE_CURVE('',#5613,#5605,#5615,.T.);
#5613 = VERTEX_POINT('',#5614);
#5614 = CARTESIAN_POINT('',(20.,-91.,0.));
#5615 = LINE('',#5616,#5617);
#5616 = CARTESIAN_POINT('',(20.,-91.,0.));
#5617 = VECTOR('',#5618,1.);
#5618 = DIRECTION('',(-0.99518503309,9.801402916925E-02,0.));
#5619 = ORIENTED_EDGE('',*,*,#5620,.F.);
#5620 = EDGE_CURVE('',#5621,#5613,#5623,.T.);
#5621 = VERTEX_POINT('',#5622);
#5622 = CARTESIAN_POINT('',(20.497480392456,-90.95100402832,0.));
#5623 = LINE('',#5624,#5625);
#5624 = CARTESIAN_POINT('',(20.497480392456,-90.95100402832,0.));
#5625 = VECTOR('',#5626,1.);
#5626 = DIRECTION('',(-0.99518503309,-9.801402916925E-02,0.));
#5627 = ORIENTED_EDGE('',*,*,#5628,.F.);
#5628 = EDGE_CURVE('',#5629,#5621,#5631,.T.);
#5629 = VERTEX_POINT('',#5630);
#5630 = CARTESIAN_POINT('',(20.975843429565,-90.80589294433,0.));
#5631 = LINE('',#5632,#5633);
#5632 = CARTESIAN_POINT('',(20.975843429565,-90.80589294433,0.));
#5633 = VECTOR('',#5634,1.);
#5634 = DIRECTION('',(-0.956939644937,-0.290286954493,0.));
#5635 = ORIENTED_EDGE('',*,*,#5636,.F.);
#5636 = EDGE_CURVE('',#5637,#5629,#5639,.T.);
#5637 = VERTEX_POINT('',#5638);
#5638 = CARTESIAN_POINT('',(21.416704177856,-90.57024383544,0.));
#5639 = LINE('',#5640,#5641);
#5640 = CARTESIAN_POINT('',(21.416704177856,-90.57024383544,0.));
#5641 = VECTOR('',#5642,1.);
#5642 = DIRECTION('',(-0.881917829989,-0.471403162005,0.));
#5643 = ORIENTED_EDGE('',*,*,#5644,.F.);
#5644 = EDGE_CURVE('',#5645,#5637,#5647,.T.);
#5645 = VERTEX_POINT('',#5646);
#5646 = CARTESIAN_POINT('',(21.803121566772,-90.25312042236,0.));
#5647 = LINE('',#5648,#5649);
#5648 = CARTESIAN_POINT('',(21.803121566772,-90.25312042236,0.));
#5649 = VECTOR('',#5650,1.);
#5650 = DIRECTION('',(-0.773011574072,-0.634391918573,0.));
#5651 = ORIENTED_EDGE('',*,*,#5652,.F.);
#5652 = EDGE_CURVE('',#5653,#5645,#5655,.T.);
#5653 = VERTEX_POINT('',#5654);
#5654 = CARTESIAN_POINT('',(22.120246887207,-89.86670684814,0.));
#5655 = LINE('',#5656,#5657);
#5656 = CARTESIAN_POINT('',(22.120246887207,-89.86670684814,0.));
#5657 = VECTOR('',#5658,1.);
#5658 = DIRECTION('',(-0.634397940809,-0.773006631729,0.));
#5659 = ORIENTED_EDGE('',*,*,#5660,.F.);
#5660 = EDGE_CURVE('',#5661,#5653,#5663,.T.);
#5661 = VERTEX_POINT('',#5662);
#5662 = CARTESIAN_POINT('',(22.355892181396,-89.42584228515,0.));
#5663 = LINE('',#5664,#5665);
#5664 = CARTESIAN_POINT('',(22.355892181396,-89.42584228515,0.));
#5665 = VECTOR('',#5666,1.);
#5666 = DIRECTION('',(-0.471394054161,-0.881922698257,0.));
#5667 = ORIENTED_EDGE('',*,*,#5668,.F.);
#5668 = EDGE_CURVE('',#5669,#5661,#5671,.T.);
#5669 = VERTEX_POINT('',#5670);
#5670 = CARTESIAN_POINT('',(22.501003265381,-88.94747924804,0.));
#5671 = LINE('',#5672,#5673);
#5672 = CARTESIAN_POINT('',(22.501003265381,-88.94747924804,0.));
#5673 = VECTOR('',#5674,1.);
#5674 = DIRECTION('',(-0.290286954493,-0.956939644937,0.));
#5675 = ORIENTED_EDGE('',*,*,#5676,.F.);
#5676 = EDGE_CURVE('',#5677,#5669,#5679,.T.);
#5677 = VERTEX_POINT('',#5678);
#5678 = CARTESIAN_POINT('',(22.549999237061,-88.44999694824,0.));
#5679 = LINE('',#5680,#5681);
#5680 = CARTESIAN_POINT('',(22.549999237061,-88.44999694824,0.));
#5681 = VECTOR('',#5682,1.);
#5682 = DIRECTION('',(-9.801365699323E-02,-0.995185069745,0.));
#5683 = ORIENTED_EDGE('',*,*,#5684,.T.);
#5684 = EDGE_CURVE('',#5677,#5685,#5687,.T.);
#5685 = VERTEX_POINT('',#5686);
#5686 = CARTESIAN_POINT('',(22.549999237061,-66.94999694824,0.));
#5687 = LINE('',#5688,#5689);
#5688 = CARTESIAN_POINT('',(22.549999237061,-88.44999694824,0.));
#5689 = VECTOR('',#5690,1.);
#5690 = DIRECTION('',(0.,1.,0.));
#5691 = ORIENTED_EDGE('',*,*,#5692,.F.);
#5692 = EDGE_CURVE('',#5693,#5685,#5695,.T.);
#5693 = VERTEX_POINT('',#5694);
#5694 = CARTESIAN_POINT('',(22.501003265381,-66.45252227783,0.));
#5695 = LINE('',#5696,#5697);
#5696 = CARTESIAN_POINT('',(22.501003265381,-66.45252227783,0.));
#5697 = VECTOR('',#5698,1.);
#5698 = DIRECTION('',(9.801514571419E-02,-0.995184923123,0.));
#5699 = ORIENTED_EDGE('',*,*,#5700,.F.);
#5700 = EDGE_CURVE('',#5701,#5693,#5703,.T.);
#5701 = VERTEX_POINT('',#5702);
#5702 = CARTESIAN_POINT('',(22.355892181396,-65.97415924072,0.));
#5703 = LINE('',#5704,#5705);
#5704 = CARTESIAN_POINT('',(22.355892181396,-65.97415924072,0.));
#5705 = VECTOR('',#5706,1.);
#5706 = DIRECTION('',(0.290286954493,-0.956939644937,0.));
#5707 = ORIENTED_EDGE('',*,*,#5708,.F.);
#5708 = EDGE_CURVE('',#5709,#5701,#5711,.T.);
#5709 = VERTEX_POINT('',#5710);
#5710 = CARTESIAN_POINT('',(22.120246887207,-65.53329467773,0.));
#5711 = LINE('',#5712,#5713);
#5712 = CARTESIAN_POINT('',(22.120246887207,-65.53329467773,0.));
#5713 = VECTOR('',#5714,1.);
#5714 = DIRECTION('',(0.471394054161,-0.881922698257,0.));
#5715 = ORIENTED_EDGE('',*,*,#5716,.F.);
#5716 = EDGE_CURVE('',#5717,#5709,#5719,.T.);
#5717 = VERTEX_POINT('',#5718);
#5718 = CARTESIAN_POINT('',(21.803121566772,-65.14688110351,0.));
#5719 = LINE('',#5720,#5721);
#5720 = CARTESIAN_POINT('',(21.803121566772,-65.14688110351,0.));
#5721 = VECTOR('',#5722,1.);
#5722 = DIRECTION('',(0.634397940809,-0.773006631729,0.));
#5723 = ORIENTED_EDGE('',*,*,#5724,.F.);
#5724 = EDGE_CURVE('',#5725,#5717,#5727,.T.);
#5725 = VERTEX_POINT('',#5726);
#5726 = CARTESIAN_POINT('',(21.416704177856,-64.82975006103,0.));
#5727 = LINE('',#5728,#5729);
#5728 = CARTESIAN_POINT('',(21.416704177856,-64.82975006103,0.));
#5729 = VECTOR('',#5730,1.);
#5730 = DIRECTION('',(0.773004089586,-0.634401038369,0.));
#5731 = ORIENTED_EDGE('',*,*,#5732,.F.);
#5732 = EDGE_CURVE('',#5733,#5725,#5735,.T.);
#5733 = VERTEX_POINT('',#5734);
#5734 = CARTESIAN_POINT('',(20.975843429565,-64.59410858154,0.));
#5735 = LINE('',#5736,#5737);
#5736 = CARTESIAN_POINT('',(20.975843429565,-64.59410858154,0.));
#5737 = VECTOR('',#5738,1.);
#5738 = DIRECTION('',(0.881924175038,-0.471391291267,0.));
#5739 = ORIENTED_EDGE('',*,*,#5740,.F.);
#5740 = EDGE_CURVE('',#5741,#5733,#5743,.T.);
#5741 = VERTEX_POINT('',#5742);
#5742 = CARTESIAN_POINT('',(20.497480392456,-64.44899749755,0.));
#5743 = LINE('',#5744,#5745);
#5744 = CARTESIAN_POINT('',(20.497480392456,-64.44899749755,0.));
#5745 = VECTOR('',#5746,1.);
#5746 = DIRECTION('',(0.956939644937,-0.290286954493,0.));
#5747 = ORIENTED_EDGE('',*,*,#5748,.F.);
#5748 = EDGE_CURVE('',#5749,#5741,#5751,.T.);
#5749 = VERTEX_POINT('',#5750);
#5750 = CARTESIAN_POINT('',(20.,-64.40000152587,0.));
#5751 = LINE('',#5752,#5753);
#5752 = CARTESIAN_POINT('',(20.,-64.40000152587,0.));
#5753 = VECTOR('',#5754,1.);
#5754 = DIRECTION('',(0.99518503309,-9.801402916925E-02,0.));
#5755 = ORIENTED_EDGE('',*,*,#5756,.F.);
#5756 = EDGE_CURVE('',#5757,#5749,#5759,.T.);
#5757 = VERTEX_POINT('',#5758);
#5758 = CARTESIAN_POINT('',(19.502519607544,-64.44899749755,0.));
#5759 = LINE('',#5760,#5761);
#5760 = CARTESIAN_POINT('',(19.502519607544,-64.44899749755,0.));
#5761 = VECTOR('',#5762,1.);
#5762 = DIRECTION('',(0.99518503309,9.801402916925E-02,0.));
#5763 = ORIENTED_EDGE('',*,*,#5764,.F.);
#5764 = EDGE_CURVE('',#5765,#5757,#5767,.T.);
#5765 = VERTEX_POINT('',#5766);
#5766 = CARTESIAN_POINT('',(19.024156570435,-64.59410858154,0.));
#5767 = LINE('',#5768,#5769);
#5768 = CARTESIAN_POINT('',(19.024156570435,-64.59410858154,0.));
#5769 = VECTOR('',#5770,1.);
#5770 = DIRECTION('',(0.956939644937,0.290286954493,0.));
#5771 = ORIENTED_EDGE('',*,*,#5772,.F.);
#5772 = EDGE_CURVE('',#5773,#5765,#5775,.T.);
#5773 = VERTEX_POINT('',#5774);
#5774 = CARTESIAN_POINT('',(18.583295822144,-64.82975006103,0.));
#5775 = LINE('',#5776,#5777);
#5776 = CARTESIAN_POINT('',(18.583295822144,-64.82975006103,0.));
#5777 = VECTOR('',#5778,1.);
#5778 = DIRECTION('',(0.881924175038,0.471391291267,0.));
#5779 = ORIENTED_EDGE('',*,*,#5780,.F.);
#5780 = EDGE_CURVE('',#5781,#5773,#5783,.T.);
#5781 = VERTEX_POINT('',#5782);
#5782 = CARTESIAN_POINT('',(18.196878433228,-65.14688110351,0.));
#5783 = LINE('',#5784,#5785);
#5784 = CARTESIAN_POINT('',(18.196878433228,-65.14688110351,0.));
#5785 = VECTOR('',#5786,1.);
#5786 = DIRECTION('',(0.773004089586,0.634401038369,0.));
#5787 = ORIENTED_EDGE('',*,*,#5788,.F.);
#5788 = EDGE_CURVE('',#5789,#5781,#5791,.T.);
#5789 = VERTEX_POINT('',#5790);
#5790 = CARTESIAN_POINT('',(17.879753112793,-65.53329467773,0.));
#5791 = LINE('',#5792,#5793);
#5792 = CARTESIAN_POINT('',(17.879753112793,-65.53329467773,0.));
#5793 = VECTOR('',#5794,1.);
#5794 = DIRECTION('',(0.634397940809,0.773006631729,0.));
#5795 = ORIENTED_EDGE('',*,*,#5796,.F.);
#5796 = EDGE_CURVE('',#5797,#5789,#5799,.T.);
#5797 = VERTEX_POINT('',#5798);
#5798 = CARTESIAN_POINT('',(17.644107818604,-65.97415924072,0.));
#5799 = LINE('',#5800,#5801);
#5800 = CARTESIAN_POINT('',(17.644107818604,-65.97415924072,0.));
#5801 = VECTOR('',#5802,1.);
#5802 = DIRECTION('',(0.471394054161,0.881922698257,0.));
#5803 = ORIENTED_EDGE('',*,*,#5804,.F.);
#5804 = EDGE_CURVE('',#5805,#5797,#5807,.T.);
#5805 = VERTEX_POINT('',#5806);
#5806 = CARTESIAN_POINT('',(17.498996734619,-66.45252227783,0.));
#5807 = LINE('',#5808,#5809);
#5808 = CARTESIAN_POINT('',(17.498996734619,-66.45252227783,0.));
#5809 = VECTOR('',#5810,1.);
#5810 = DIRECTION('',(0.290286954493,0.956939644937,0.));
#5811 = ORIENTED_EDGE('',*,*,#5812,.F.);
#5812 = EDGE_CURVE('',#5813,#5805,#5815,.T.);
#5813 = VERTEX_POINT('',#5814);
#5814 = CARTESIAN_POINT('',(17.450000762939,-66.94999694824,0.));
#5815 = LINE('',#5816,#5817);
#5816 = CARTESIAN_POINT('',(17.450000762939,-66.94999694824,0.));
#5817 = VECTOR('',#5818,1.);
#5818 = DIRECTION('',(9.801514571419E-02,0.995184923123,0.));
#5819 = ORIENTED_EDGE('',*,*,#5820,.F.);
#5820 = EDGE_CURVE('',#5821,#5813,#5823,.T.);
#5821 = VERTEX_POINT('',#5822);
#5822 = CARTESIAN_POINT('',(17.450000762939,-88.44999694824,0.));
#5823 = LINE('',#5824,#5825);
#5824 = CARTESIAN_POINT('',(17.450000762939,-88.44999694824,0.));
#5825 = VECTOR('',#5826,1.);
#5826 = DIRECTION('',(0.,1.,0.));
#5827 = ORIENTED_EDGE('',*,*,#5828,.F.);
#5828 = EDGE_CURVE('',#5829,#5821,#5831,.T.);
#5829 = VERTEX_POINT('',#5830);
#5830 = CARTESIAN_POINT('',(17.498996734619,-88.94747924804,0.));
#5831 = LINE('',#5832,#5833);
#5832 = CARTESIAN_POINT('',(17.498996734619,-88.94747924804,0.));
#5833 = VECTOR('',#5834,1.);
#5834 = DIRECTION('',(-9.801365699323E-02,0.995185069745,0.));
#5835 = ORIENTED_EDGE('',*,*,#5836,.F.);
#5836 = EDGE_CURVE('',#5837,#5829,#5839,.T.);
#5837 = VERTEX_POINT('',#5838);
#5838 = CARTESIAN_POINT('',(17.644107818604,-89.42584228515,0.));
#5839 = LINE('',#5840,#5841);
#5840 = CARTESIAN_POINT('',(17.644107818604,-89.42584228515,0.));
#5841 = VECTOR('',#5842,1.);
#5842 = DIRECTION('',(-0.290286954493,0.956939644937,0.));
#5843 = ORIENTED_EDGE('',*,*,#5844,.F.);
#5844 = EDGE_CURVE('',#5845,#5837,#5847,.T.);
#5845 = VERTEX_POINT('',#5846);
#5846 = CARTESIAN_POINT('',(17.879753112793,-89.86670684814,0.));
#5847 = LINE('',#5848,#5849);
#5848 = CARTESIAN_POINT('',(17.879753112793,-89.86670684814,0.));
#5849 = VECTOR('',#5850,1.);
#5850 = DIRECTION('',(-0.471394054161,0.881922698257,0.));
#5851 = ORIENTED_EDGE('',*,*,#5852,.F.);
#5852 = EDGE_CURVE('',#5853,#5845,#5855,.T.);
#5853 = VERTEX_POINT('',#5854);
#5854 = CARTESIAN_POINT('',(18.196878433228,-90.25312042236,0.));
#5855 = LINE('',#5856,#5857);
#5856 = CARTESIAN_POINT('',(18.196878433228,-90.25312042236,0.));
#5857 = VECTOR('',#5858,1.);
#5858 = DIRECTION('',(-0.634397940809,0.773006631729,0.));
#5859 = ORIENTED_EDGE('',*,*,#5860,.F.);
#5860 = EDGE_CURVE('',#5597,#5853,#5861,.T.);
#5861 = LINE('',#5862,#5863);
#5862 = CARTESIAN_POINT('',(18.583295822144,-90.57024383544,0.));
#5863 = VECTOR('',#5864,1.);
#5864 = DIRECTION('',(-0.773011574072,0.634391918573,0.));
#5865 = FACE_BOUND('',#5866,.F.);
#5866 = EDGE_LOOP('',(#5867,#5877,#5883,#5891,#5899,#5907,#5913,#5914,
    #5922,#5930,#5938,#5946,#5954,#5962,#5970,#5978,#5986,#5994,#6002,
    #6010,#6018,#6026,#6034,#6042,#6048,#6056,#6064,#6072,#6078,#6086,
    #6094,#6102,#6108,#6116));
#5867 = ORIENTED_EDGE('',*,*,#5868,.F.);
#5868 = EDGE_CURVE('',#5869,#5871,#5873,.T.);
#5869 = VERTEX_POINT('',#5870);
#5870 = CARTESIAN_POINT('',(28.583295822144,-64.82975006103,0.));
#5871 = VERTEX_POINT('',#5872);
#5872 = CARTESIAN_POINT('',(29.024156570435,-64.59410858154,0.));
#5873 = LINE('',#5874,#5875);
#5874 = CARTESIAN_POINT('',(28.583295822144,-64.82975006103,0.));
#5875 = VECTOR('',#5876,1.);
#5876 = DIRECTION('',(0.881924175038,0.471391291267,0.));
#5877 = ORIENTED_EDGE('',*,*,#5878,.F.);
#5878 = EDGE_CURVE('',#3263,#5869,#5879,.T.);
#5879 = LINE('',#5880,#5881);
#5880 = CARTESIAN_POINT('',(28.196878433228,-65.14688110351,0.));
#5881 = VECTOR('',#5882,1.);
#5882 = DIRECTION('',(0.773004089586,0.634401038369,0.));
#5883 = ORIENTED_EDGE('',*,*,#5884,.F.);
#5884 = EDGE_CURVE('',#5885,#3263,#5887,.T.);
#5885 = VERTEX_POINT('',#5886);
#5886 = CARTESIAN_POINT('',(27.879753112793,-65.53329467773,0.));
#5887 = LINE('',#5888,#5889);
#5888 = CARTESIAN_POINT('',(27.879753112793,-65.53329467773,0.));
#5889 = VECTOR('',#5890,1.);
#5890 = DIRECTION('',(0.634397940809,0.773006631729,0.));
#5891 = ORIENTED_EDGE('',*,*,#5892,.F.);
#5892 = EDGE_CURVE('',#5893,#5885,#5895,.T.);
#5893 = VERTEX_POINT('',#5894);
#5894 = CARTESIAN_POINT('',(27.644107818604,-65.97415924072,0.));
#5895 = LINE('',#5896,#5897);
#5896 = CARTESIAN_POINT('',(27.644107818604,-65.97415924072,0.));
#5897 = VECTOR('',#5898,1.);
#5898 = DIRECTION('',(0.471394054161,0.881922698257,0.));
#5899 = ORIENTED_EDGE('',*,*,#5900,.F.);
#5900 = EDGE_CURVE('',#5901,#5893,#5903,.T.);
#5901 = VERTEX_POINT('',#5902);
#5902 = CARTESIAN_POINT('',(27.498996734619,-66.45252227783,0.));
#5903 = LINE('',#5904,#5905);
#5904 = CARTESIAN_POINT('',(27.498996734619,-66.45252227783,0.));
#5905 = VECTOR('',#5906,1.);
#5906 = DIRECTION('',(0.290286954493,0.956939644937,0.));
#5907 = ORIENTED_EDGE('',*,*,#5908,.F.);
#5908 = EDGE_CURVE('',#3356,#5901,#5909,.T.);
#5909 = LINE('',#5910,#5911);
#5910 = CARTESIAN_POINT('',(27.450000762939,-66.94999694824,0.));
#5911 = VECTOR('',#5912,1.);
#5912 = DIRECTION('',(9.801514571419E-02,0.995184923123,0.));
#5913 = ORIENTED_EDGE('',*,*,#3403,.F.);
#5914 = ORIENTED_EDGE('',*,*,#5915,.F.);
#5915 = EDGE_CURVE('',#5916,#3396,#5918,.T.);
#5916 = VERTEX_POINT('',#5917);
#5917 = CARTESIAN_POINT('',(27.498996734619,-88.94747924804,0.));
#5918 = LINE('',#5919,#5920);
#5919 = CARTESIAN_POINT('',(27.498996734619,-88.94747924804,0.));
#5920 = VECTOR('',#5921,1.);
#5921 = DIRECTION('',(-9.801365699323E-02,0.995185069745,0.));
#5922 = ORIENTED_EDGE('',*,*,#5923,.F.);
#5923 = EDGE_CURVE('',#5924,#5916,#5926,.T.);
#5924 = VERTEX_POINT('',#5925);
#5925 = CARTESIAN_POINT('',(27.644107818604,-89.42584228515,0.));
#5926 = LINE('',#5927,#5928);
#5927 = CARTESIAN_POINT('',(27.644107818604,-89.42584228515,0.));
#5928 = VECTOR('',#5929,1.);
#5929 = DIRECTION('',(-0.290286954493,0.956939644937,0.));
#5930 = ORIENTED_EDGE('',*,*,#5931,.F.);
#5931 = EDGE_CURVE('',#5932,#5924,#5934,.T.);
#5932 = VERTEX_POINT('',#5933);
#5933 = CARTESIAN_POINT('',(27.879753112793,-89.86670684814,0.));
#5934 = LINE('',#5935,#5936);
#5935 = CARTESIAN_POINT('',(27.879753112793,-89.86670684814,0.));
#5936 = VECTOR('',#5937,1.);
#5937 = DIRECTION('',(-0.471394054161,0.881922698257,0.));
#5938 = ORIENTED_EDGE('',*,*,#5939,.F.);
#5939 = EDGE_CURVE('',#5940,#5932,#5942,.T.);
#5940 = VERTEX_POINT('',#5941);
#5941 = CARTESIAN_POINT('',(28.196878433228,-90.25312042236,0.));
#5942 = LINE('',#5943,#5944);
#5943 = CARTESIAN_POINT('',(28.196878433228,-90.25312042236,0.));
#5944 = VECTOR('',#5945,1.);
#5945 = DIRECTION('',(-0.634397940809,0.773006631729,0.));
#5946 = ORIENTED_EDGE('',*,*,#5947,.F.);
#5947 = EDGE_CURVE('',#5948,#5940,#5950,.T.);
#5948 = VERTEX_POINT('',#5949);
#5949 = CARTESIAN_POINT('',(28.583295822144,-90.57024383544,0.));
#5950 = LINE('',#5951,#5952);
#5951 = CARTESIAN_POINT('',(28.583295822144,-90.57024383544,0.));
#5952 = VECTOR('',#5953,1.);
#5953 = DIRECTION('',(-0.773011574072,0.634391918573,0.));
#5954 = ORIENTED_EDGE('',*,*,#5955,.F.);
#5955 = EDGE_CURVE('',#5956,#5948,#5958,.T.);
#5956 = VERTEX_POINT('',#5957);
#5957 = CARTESIAN_POINT('',(29.024156570435,-90.80589294433,0.));
#5958 = LINE('',#5959,#5960);
#5959 = CARTESIAN_POINT('',(29.024156570435,-90.80589294433,0.));
#5960 = VECTOR('',#5961,1.);
#5961 = DIRECTION('',(-0.881917829989,0.471403162005,0.));
#5962 = ORIENTED_EDGE('',*,*,#5963,.F.);
#5963 = EDGE_CURVE('',#5964,#5956,#5966,.T.);
#5964 = VERTEX_POINT('',#5965);
#5965 = CARTESIAN_POINT('',(29.502519607544,-90.95100402832,0.));
#5966 = LINE('',#5967,#5968);
#5967 = CARTESIAN_POINT('',(29.502519607544,-90.95100402832,0.));
#5968 = VECTOR('',#5969,1.);
#5969 = DIRECTION('',(-0.956939644937,0.290286954493,0.));
#5970 = ORIENTED_EDGE('',*,*,#5971,.F.);
#5971 = EDGE_CURVE('',#5972,#5964,#5974,.T.);
#5972 = VERTEX_POINT('',#5973);
#5973 = CARTESIAN_POINT('',(30.,-91.,0.));
#5974 = LINE('',#5975,#5976);
#5975 = CARTESIAN_POINT('',(30.,-91.,0.));
#5976 = VECTOR('',#5977,1.);
#5977 = DIRECTION('',(-0.99518503309,9.801402916925E-02,0.));
#5978 = ORIENTED_EDGE('',*,*,#5979,.F.);
#5979 = EDGE_CURVE('',#5980,#5972,#5982,.T.);
#5980 = VERTEX_POINT('',#5981);
#5981 = CARTESIAN_POINT('',(30.497480392456,-90.95100402832,0.));
#5982 = LINE('',#5983,#5984);
#5983 = CARTESIAN_POINT('',(30.497480392456,-90.95100402832,0.));
#5984 = VECTOR('',#5985,1.);
#5985 = DIRECTION('',(-0.99518503309,-9.801402916925E-02,0.));
#5986 = ORIENTED_EDGE('',*,*,#5987,.F.);
#5987 = EDGE_CURVE('',#5988,#5980,#5990,.T.);
#5988 = VERTEX_POINT('',#5989);
#5989 = CARTESIAN_POINT('',(30.975843429565,-90.80589294433,0.));
#5990 = LINE('',#5991,#5992);
#5991 = CARTESIAN_POINT('',(30.975843429565,-90.80589294433,0.));
#5992 = VECTOR('',#5993,1.);
#5993 = DIRECTION('',(-0.956939644937,-0.290286954493,0.));
#5994 = ORIENTED_EDGE('',*,*,#5995,.F.);
#5995 = EDGE_CURVE('',#5996,#5988,#5998,.T.);
#5996 = VERTEX_POINT('',#5997);
#5997 = CARTESIAN_POINT('',(31.416704177856,-90.57024383544,0.));
#5998 = LINE('',#5999,#6000);
#5999 = CARTESIAN_POINT('',(31.416704177856,-90.57024383544,0.));
#6000 = VECTOR('',#6001,1.);
#6001 = DIRECTION('',(-0.881917829989,-0.471403162005,0.));
#6002 = ORIENTED_EDGE('',*,*,#6003,.F.);
#6003 = EDGE_CURVE('',#6004,#5996,#6006,.T.);
#6004 = VERTEX_POINT('',#6005);
#6005 = CARTESIAN_POINT('',(31.803121566772,-90.25312042236,0.));
#6006 = LINE('',#6007,#6008);
#6007 = CARTESIAN_POINT('',(31.803121566772,-90.25312042236,0.));
#6008 = VECTOR('',#6009,1.);
#6009 = DIRECTION('',(-0.773011574072,-0.634391918573,0.));
#6010 = ORIENTED_EDGE('',*,*,#6011,.F.);
#6011 = EDGE_CURVE('',#6012,#6004,#6014,.T.);
#6012 = VERTEX_POINT('',#6013);
#6013 = CARTESIAN_POINT('',(32.120246887207,-89.86670684814,0.));
#6014 = LINE('',#6015,#6016);
#6015 = CARTESIAN_POINT('',(32.120246887207,-89.86670684814,0.));
#6016 = VECTOR('',#6017,1.);
#6017 = DIRECTION('',(-0.634397940809,-0.773006631729,0.));
#6018 = ORIENTED_EDGE('',*,*,#6019,.F.);
#6019 = EDGE_CURVE('',#6020,#6012,#6022,.T.);
#6020 = VERTEX_POINT('',#6021);
#6021 = CARTESIAN_POINT('',(32.355892181396,-89.42584228515,0.));
#6022 = LINE('',#6023,#6024);
#6023 = CARTESIAN_POINT('',(32.355892181396,-89.42584228515,0.));
#6024 = VECTOR('',#6025,1.);
#6025 = DIRECTION('',(-0.471394054161,-0.881922698257,0.));
#6026 = ORIENTED_EDGE('',*,*,#6027,.F.);
#6027 = EDGE_CURVE('',#6028,#6020,#6030,.T.);
#6028 = VERTEX_POINT('',#6029);
#6029 = CARTESIAN_POINT('',(32.501003265381,-88.94747924804,0.));
#6030 = LINE('',#6031,#6032);
#6031 = CARTESIAN_POINT('',(32.501003265381,-88.94747924804,0.));
#6032 = VECTOR('',#6033,1.);
#6033 = DIRECTION('',(-0.290286954493,-0.956939644937,0.));
#6034 = ORIENTED_EDGE('',*,*,#6035,.F.);
#6035 = EDGE_CURVE('',#6036,#6028,#6038,.T.);
#6036 = VERTEX_POINT('',#6037);
#6037 = CARTESIAN_POINT('',(32.549999237061,-88.44999694824,0.));
#6038 = LINE('',#6039,#6040);
#6039 = CARTESIAN_POINT('',(32.549999237061,-88.44999694824,0.));
#6040 = VECTOR('',#6041,1.);
#6041 = DIRECTION('',(-9.801365699323E-02,-0.995185069745,0.));
#6042 = ORIENTED_EDGE('',*,*,#6043,.T.);
#6043 = EDGE_CURVE('',#6036,#3008,#6044,.T.);
#6044 = LINE('',#6045,#6046);
#6045 = CARTESIAN_POINT('',(32.549999237061,-88.44999694824,0.));
#6046 = VECTOR('',#6047,1.);
#6047 = DIRECTION('',(0.,1.,0.));
#6048 = ORIENTED_EDGE('',*,*,#6049,.F.);
#6049 = EDGE_CURVE('',#6050,#3008,#6052,.T.);
#6050 = VERTEX_POINT('',#6051);
#6051 = CARTESIAN_POINT('',(32.501003265381,-66.45252227783,0.));
#6052 = LINE('',#6053,#6054);
#6053 = CARTESIAN_POINT('',(32.501003265381,-66.45252227783,0.));
#6054 = VECTOR('',#6055,1.);
#6055 = DIRECTION('',(9.801514571419E-02,-0.995184923123,0.));
#6056 = ORIENTED_EDGE('',*,*,#6057,.F.);
#6057 = EDGE_CURVE('',#6058,#6050,#6060,.T.);
#6058 = VERTEX_POINT('',#6059);
#6059 = CARTESIAN_POINT('',(32.355892181396,-65.97415924072,0.));
#6060 = LINE('',#6061,#6062);
#6061 = CARTESIAN_POINT('',(32.355892181396,-65.97415924072,0.));
#6062 = VECTOR('',#6063,1.);
#6063 = DIRECTION('',(0.290286954493,-0.956939644937,0.));
#6064 = ORIENTED_EDGE('',*,*,#6065,.F.);
#6065 = EDGE_CURVE('',#6066,#6058,#6068,.T.);
#6066 = VERTEX_POINT('',#6067);
#6067 = CARTESIAN_POINT('',(32.120246887207,-65.53329467773,0.));
#6068 = LINE('',#6069,#6070);
#6069 = CARTESIAN_POINT('',(32.120246887207,-65.53329467773,0.));
#6070 = VECTOR('',#6071,1.);
#6071 = DIRECTION('',(0.471394054161,-0.881922698257,0.));
#6072 = ORIENTED_EDGE('',*,*,#6073,.F.);
#6073 = EDGE_CURVE('',#3077,#6066,#6074,.T.);
#6074 = LINE('',#6075,#6076);
#6075 = CARTESIAN_POINT('',(31.803121566772,-65.14688110351,0.));
#6076 = VECTOR('',#6077,1.);
#6077 = DIRECTION('',(0.634397940809,-0.773006631729,0.));
#6078 = ORIENTED_EDGE('',*,*,#6079,.F.);
#6079 = EDGE_CURVE('',#6080,#3077,#6082,.T.);
#6080 = VERTEX_POINT('',#6081);
#6081 = CARTESIAN_POINT('',(31.416704177856,-64.82975006103,0.));
#6082 = LINE('',#6083,#6084);
#6083 = CARTESIAN_POINT('',(31.416704177856,-64.82975006103,0.));
#6084 = VECTOR('',#6085,1.);
#6085 = DIRECTION('',(0.773004089586,-0.634401038369,0.));
#6086 = ORIENTED_EDGE('',*,*,#6087,.F.);
#6087 = EDGE_CURVE('',#6088,#6080,#6090,.T.);
#6088 = VERTEX_POINT('',#6089);
#6089 = CARTESIAN_POINT('',(30.975843429565,-64.59410858154,0.));
#6090 = LINE('',#6091,#6092);
#6091 = CARTESIAN_POINT('',(30.975843429565,-64.59410858154,0.));
#6092 = VECTOR('',#6093,1.);
#6093 = DIRECTION('',(0.881924175038,-0.471391291267,0.));
#6094 = ORIENTED_EDGE('',*,*,#6095,.F.);
#6095 = EDGE_CURVE('',#6096,#6088,#6098,.T.);
#6096 = VERTEX_POINT('',#6097);
#6097 = CARTESIAN_POINT('',(30.497480392456,-64.44899749755,0.));
#6098 = LINE('',#6099,#6100);
#6099 = CARTESIAN_POINT('',(30.497480392456,-64.44899749755,0.));
#6100 = VECTOR('',#6101,1.);
#6101 = DIRECTION('',(0.956939644937,-0.290286954493,0.));
#6102 = ORIENTED_EDGE('',*,*,#6103,.F.);
#6103 = EDGE_CURVE('',#3170,#6096,#6104,.T.);
#6104 = LINE('',#6105,#6106);
#6105 = CARTESIAN_POINT('',(30.,-64.40000152587,0.));
#6106 = VECTOR('',#6107,1.);
#6107 = DIRECTION('',(0.99518503309,-9.801402916925E-02,0.));
#6108 = ORIENTED_EDGE('',*,*,#6109,.F.);
#6109 = EDGE_CURVE('',#6110,#3170,#6112,.T.);
#6110 = VERTEX_POINT('',#6111);
#6111 = CARTESIAN_POINT('',(29.502519607544,-64.44899749755,0.));
#6112 = LINE('',#6113,#6114);
#6113 = CARTESIAN_POINT('',(29.502519607544,-64.44899749755,0.));
#6114 = VECTOR('',#6115,1.);
#6115 = DIRECTION('',(0.99518503309,9.801402916925E-02,0.));
#6116 = ORIENTED_EDGE('',*,*,#6117,.F.);
#6117 = EDGE_CURVE('',#5871,#6110,#6118,.T.);
#6118 = LINE('',#6119,#6120);
#6119 = CARTESIAN_POINT('',(29.024156570435,-64.59410858154,0.));
#6120 = VECTOR('',#6121,1.);
#6121 = DIRECTION('',(0.956939644937,0.290286954493,0.));
#6122 = FACE_BOUND('',#6123,.F.);
#6123 = EDGE_LOOP('',(#6124,#6134,#6142,#6150,#6158,#6166,#6174,#6182,
    #6190,#6198,#6206,#6214,#6222,#6230,#6238,#6246,#6254,#6262,#6270,
    #6278,#6286,#6294,#6302,#6310,#6318,#6326,#6334,#6342,#6350,#6358,
    #6366,#6374,#6382,#6390));
#6124 = ORIENTED_EDGE('',*,*,#6125,.F.);
#6125 = EDGE_CURVE('',#6126,#6128,#6130,.T.);
#6126 = VERTEX_POINT('',#6127);
#6127 = CARTESIAN_POINT('',(40.,-91.,0.));
#6128 = VERTEX_POINT('',#6129);
#6129 = CARTESIAN_POINT('',(39.502521514893,-90.95100402832,0.));
#6130 = LINE('',#6131,#6132);
#6131 = CARTESIAN_POINT('',(40.,-91.,0.));
#6132 = VECTOR('',#6133,1.);
#6133 = DIRECTION('',(-0.995184996435,9.801440134808E-02,0.));
#6134 = ORIENTED_EDGE('',*,*,#6135,.F.);
#6135 = EDGE_CURVE('',#6136,#6126,#6138,.T.);
#6136 = VERTEX_POINT('',#6137);
#6137 = CARTESIAN_POINT('',(40.497478485107,-90.95100402832,0.));
#6138 = LINE('',#6139,#6140);
#6139 = CARTESIAN_POINT('',(40.497478485107,-90.95100402832,0.));
#6140 = VECTOR('',#6141,1.);
#6141 = DIRECTION('',(-0.995184996435,-9.801440134808E-02,0.));
#6142 = ORIENTED_EDGE('',*,*,#6143,.F.);
#6143 = EDGE_CURVE('',#6144,#6136,#6146,.T.);
#6144 = VERTEX_POINT('',#6145);
#6145 = CARTESIAN_POINT('',(40.975841522217,-90.80589294433,0.));
#6146 = LINE('',#6147,#6148);
#6147 = CARTESIAN_POINT('',(40.975841522217,-90.80589294433,0.));
#6148 = VECTOR('',#6149,1.);
#6149 = DIRECTION('',(-0.956939644937,-0.290286954493,0.));
#6150 = ORIENTED_EDGE('',*,*,#6151,.F.);
#6151 = EDGE_CURVE('',#6152,#6144,#6154,.T.);
#6152 = VERTEX_POINT('',#6153);
#6153 = CARTESIAN_POINT('',(41.416702270508,-90.57024383544,0.));
#6154 = LINE('',#6155,#6156);
#6155 = CARTESIAN_POINT('',(41.416702270508,-90.57024383544,0.));
#6156 = VECTOR('',#6157,1.);
#6157 = DIRECTION('',(-0.881917829989,-0.471403162005,0.));
#6158 = ORIENTED_EDGE('',*,*,#6159,.F.);
#6159 = EDGE_CURVE('',#6160,#6152,#6162,.T.);
#6160 = VERTEX_POINT('',#6161);
#6161 = CARTESIAN_POINT('',(41.803123474121,-90.25312042236,0.));
#6162 = LINE('',#6163,#6164);
#6163 = CARTESIAN_POINT('',(41.803123474121,-90.25312042236,0.));
#6164 = VECTOR('',#6165,1.);
#6165 = DIRECTION('',(-0.77301464522,-0.634388176336,0.));
#6166 = ORIENTED_EDGE('',*,*,#6167,.F.);
#6167 = EDGE_CURVE('',#6168,#6160,#6170,.T.);
#6168 = VERTEX_POINT('',#6169);
#6169 = CARTESIAN_POINT('',(42.120246887207,-89.86670684814,0.));
#6170 = LINE('',#6171,#6172);
#6171 = CARTESIAN_POINT('',(42.120246887207,-89.86670684814,0.));
#6172 = VECTOR('',#6173,1.);
#6173 = DIRECTION('',(-0.63439566084,-0.773008502869,0.));
#6174 = ORIENTED_EDGE('',*,*,#6175,.F.);
#6175 = EDGE_CURVE('',#6176,#6168,#6178,.T.);
#6176 = VERTEX_POINT('',#6177);
#6177 = CARTESIAN_POINT('',(42.355892181396,-89.42584228515,0.));
#6178 = LINE('',#6179,#6180);
#6179 = CARTESIAN_POINT('',(42.355892181396,-89.42584228515,0.));
#6180 = VECTOR('',#6181,1.);
#6181 = DIRECTION('',(-0.471394054161,-0.881922698257,0.));
#6182 = ORIENTED_EDGE('',*,*,#6183,.F.);
#6183 = EDGE_CURVE('',#6184,#6176,#6186,.T.);
#6184 = VERTEX_POINT('',#6185);
#6185 = CARTESIAN_POINT('',(42.501003265381,-88.94747924804,0.));
#6186 = LINE('',#6187,#6188);
#6187 = CARTESIAN_POINT('',(42.501003265381,-88.94747924804,0.));
#6188 = VECTOR('',#6189,1.);
#6189 = DIRECTION('',(-0.290286954493,-0.956939644937,0.));
#6190 = ORIENTED_EDGE('',*,*,#6191,.F.);
#6191 = EDGE_CURVE('',#6192,#6184,#6194,.T.);
#6192 = VERTEX_POINT('',#6193);
#6193 = CARTESIAN_POINT('',(42.549999237061,-88.44999694824,0.));
#6194 = LINE('',#6195,#6196);
#6195 = CARTESIAN_POINT('',(42.549999237061,-88.44999694824,0.));
#6196 = VECTOR('',#6197,1.);
#6197 = DIRECTION('',(-9.801365699323E-02,-0.995185069745,0.));
#6198 = ORIENTED_EDGE('',*,*,#6199,.T.);
#6199 = EDGE_CURVE('',#6192,#6200,#6202,.T.);
#6200 = VERTEX_POINT('',#6201);
#6201 = CARTESIAN_POINT('',(42.549999237061,-66.94999694824,0.));
#6202 = LINE('',#6203,#6204);
#6203 = CARTESIAN_POINT('',(42.549999237061,-88.44999694824,0.));
#6204 = VECTOR('',#6205,1.);
#6205 = DIRECTION('',(0.,1.,0.));
#6206 = ORIENTED_EDGE('',*,*,#6207,.F.);
#6207 = EDGE_CURVE('',#6208,#6200,#6210,.T.);
#6208 = VERTEX_POINT('',#6209);
#6209 = CARTESIAN_POINT('',(42.501003265381,-66.45252227783,0.));
#6210 = LINE('',#6211,#6212);
#6211 = CARTESIAN_POINT('',(42.501003265381,-66.45252227783,0.));
#6212 = VECTOR('',#6213,1.);
#6213 = DIRECTION('',(9.801514571419E-02,-0.995184923123,0.));
#6214 = ORIENTED_EDGE('',*,*,#6215,.F.);
#6215 = EDGE_CURVE('',#6216,#6208,#6218,.T.);
#6216 = VERTEX_POINT('',#6217);
#6217 = CARTESIAN_POINT('',(42.355892181396,-65.97415924072,0.));
#6218 = LINE('',#6219,#6220);
#6219 = CARTESIAN_POINT('',(42.355892181396,-65.97415924072,0.));
#6220 = VECTOR('',#6221,1.);
#6221 = DIRECTION('',(0.290286954493,-0.956939644937,0.));
#6222 = ORIENTED_EDGE('',*,*,#6223,.F.);
#6223 = EDGE_CURVE('',#6224,#6216,#6226,.T.);
#6224 = VERTEX_POINT('',#6225);
#6225 = CARTESIAN_POINT('',(42.120246887207,-65.53329467773,0.));
#6226 = LINE('',#6227,#6228);
#6227 = CARTESIAN_POINT('',(42.120246887207,-65.53329467773,0.));
#6228 = VECTOR('',#6229,1.);
#6229 = DIRECTION('',(0.471394054161,-0.881922698257,0.));
#6230 = ORIENTED_EDGE('',*,*,#6231,.F.);
#6231 = EDGE_CURVE('',#6232,#6224,#6234,.T.);
#6232 = VERTEX_POINT('',#6233);
#6233 = CARTESIAN_POINT('',(41.803123474121,-65.14688110351,0.));
#6234 = LINE('',#6235,#6236);
#6235 = CARTESIAN_POINT('',(41.803123474121,-65.14688110351,0.));
#6236 = VECTOR('',#6237,1.);
#6237 = DIRECTION('',(0.63439566084,-0.773008502869,0.));
#6238 = ORIENTED_EDGE('',*,*,#6239,.F.);
#6239 = EDGE_CURVE('',#6240,#6232,#6242,.T.);
#6240 = VERTEX_POINT('',#6241);
#6241 = CARTESIAN_POINT('',(41.416702270508,-64.82975006103,0.));
#6242 = LINE('',#6243,#6244);
#6243 = CARTESIAN_POINT('',(41.416702270508,-64.82975006103,0.));
#6244 = VECTOR('',#6245,1.);
#6245 = DIRECTION('',(0.773007160793,-0.63439729615,0.));
#6246 = ORIENTED_EDGE('',*,*,#6247,.F.);
#6247 = EDGE_CURVE('',#6248,#6240,#6250,.T.);
#6248 = VERTEX_POINT('',#6249);
#6249 = CARTESIAN_POINT('',(40.975841522217,-64.59410858154,0.));
#6250 = LINE('',#6251,#6252);
#6251 = CARTESIAN_POINT('',(40.975841522217,-64.59410858154,0.));
#6252 = VECTOR('',#6253,1.);
#6253 = DIRECTION('',(0.881924175038,-0.471391291267,0.));
#6254 = ORIENTED_EDGE('',*,*,#6255,.F.);
#6255 = EDGE_CURVE('',#6256,#6248,#6258,.T.);
#6256 = VERTEX_POINT('',#6257);
#6257 = CARTESIAN_POINT('',(40.497478485107,-64.44899749755,0.));
#6258 = LINE('',#6259,#6260);
#6259 = CARTESIAN_POINT('',(40.497478485107,-64.44899749755,0.));
#6260 = VECTOR('',#6261,1.);
#6261 = DIRECTION('',(0.956939644937,-0.290286954493,0.));
#6262 = ORIENTED_EDGE('',*,*,#6263,.F.);
#6263 = EDGE_CURVE('',#6264,#6256,#6266,.T.);
#6264 = VERTEX_POINT('',#6265);
#6265 = CARTESIAN_POINT('',(40.,-64.40000152587,0.));
#6266 = LINE('',#6267,#6268);
#6267 = CARTESIAN_POINT('',(40.,-64.40000152587,0.));
#6268 = VECTOR('',#6269,1.);
#6269 = DIRECTION('',(0.995184996435,-9.801440134808E-02,0.));
#6270 = ORIENTED_EDGE('',*,*,#6271,.F.);
#6271 = EDGE_CURVE('',#6272,#6264,#6274,.T.);
#6272 = VERTEX_POINT('',#6273);
#6273 = CARTESIAN_POINT('',(39.502521514893,-64.44899749755,0.));
#6274 = LINE('',#6275,#6276);
#6275 = CARTESIAN_POINT('',(39.502521514893,-64.44899749755,0.));
#6276 = VECTOR('',#6277,1.);
#6277 = DIRECTION('',(0.995184996435,9.801440134808E-02,0.));
#6278 = ORIENTED_EDGE('',*,*,#6279,.F.);
#6279 = EDGE_CURVE('',#6280,#6272,#6282,.T.);
#6280 = VERTEX_POINT('',#6281);
#6281 = CARTESIAN_POINT('',(39.024158477783,-64.59410858154,0.));
#6282 = LINE('',#6283,#6284);
#6283 = CARTESIAN_POINT('',(39.024158477783,-64.59410858154,0.));
#6284 = VECTOR('',#6285,1.);
#6285 = DIRECTION('',(0.956939644937,0.290286954493,0.));
#6286 = ORIENTED_EDGE('',*,*,#6287,.F.);
#6287 = EDGE_CURVE('',#6288,#6280,#6290,.T.);
#6288 = VERTEX_POINT('',#6289);
#6289 = CARTESIAN_POINT('',(38.583297729492,-64.82975006103,0.));
#6290 = LINE('',#6291,#6292);
#6291 = CARTESIAN_POINT('',(38.583297729492,-64.82975006103,0.));
#6292 = VECTOR('',#6293,1.);
#6293 = DIRECTION('',(0.881924175038,0.471391291267,0.));
#6294 = ORIENTED_EDGE('',*,*,#6295,.F.);
#6295 = EDGE_CURVE('',#6296,#6288,#6298,.T.);
#6296 = VERTEX_POINT('',#6297);
#6297 = CARTESIAN_POINT('',(38.196876525879,-65.14688110351,0.));
#6298 = LINE('',#6299,#6300);
#6299 = CARTESIAN_POINT('',(38.196876525879,-65.14688110351,0.));
#6300 = VECTOR('',#6301,1.);
#6301 = DIRECTION('',(0.773007160793,0.63439729615,0.));
#6302 = ORIENTED_EDGE('',*,*,#6303,.F.);
#6303 = EDGE_CURVE('',#6304,#6296,#6306,.T.);
#6304 = VERTEX_POINT('',#6305);
#6305 = CARTESIAN_POINT('',(37.879753112793,-65.53329467773,0.));
#6306 = LINE('',#6307,#6308);
#6307 = CARTESIAN_POINT('',(37.879753112793,-65.53329467773,0.));
#6308 = VECTOR('',#6309,1.);
#6309 = DIRECTION('',(0.63439566084,0.773008502869,0.));
#6310 = ORIENTED_EDGE('',*,*,#6311,.F.);
#6311 = EDGE_CURVE('',#6312,#6304,#6314,.T.);
#6312 = VERTEX_POINT('',#6313);
#6313 = CARTESIAN_POINT('',(37.644107818604,-65.97415924072,0.));
#6314 = LINE('',#6315,#6316);
#6315 = CARTESIAN_POINT('',(37.644107818604,-65.97415924072,0.));
#6316 = VECTOR('',#6317,1.);
#6317 = DIRECTION('',(0.471394054161,0.881922698257,0.));
#6318 = ORIENTED_EDGE('',*,*,#6319,.F.);
#6319 = EDGE_CURVE('',#6320,#6312,#6322,.T.);
#6320 = VERTEX_POINT('',#6321);
#6321 = CARTESIAN_POINT('',(37.498996734619,-66.45252227783,0.));
#6322 = LINE('',#6323,#6324);
#6323 = CARTESIAN_POINT('',(37.498996734619,-66.45252227783,0.));
#6324 = VECTOR('',#6325,1.);
#6325 = DIRECTION('',(0.290286954493,0.956939644937,0.));
#6326 = ORIENTED_EDGE('',*,*,#6327,.F.);
#6327 = EDGE_CURVE('',#6328,#6320,#6330,.T.);
#6328 = VERTEX_POINT('',#6329);
#6329 = CARTESIAN_POINT('',(37.450000762939,-66.94999694824,0.));
#6330 = LINE('',#6331,#6332);
#6331 = CARTESIAN_POINT('',(37.450000762939,-66.94999694824,0.));
#6332 = VECTOR('',#6333,1.);
#6333 = DIRECTION('',(9.801514571419E-02,0.995184923123,0.));
#6334 = ORIENTED_EDGE('',*,*,#6335,.F.);
#6335 = EDGE_CURVE('',#6336,#6328,#6338,.T.);
#6336 = VERTEX_POINT('',#6337);
#6337 = CARTESIAN_POINT('',(37.450000762939,-88.44999694824,0.));
#6338 = LINE('',#6339,#6340);
#6339 = CARTESIAN_POINT('',(37.450000762939,-88.44999694824,0.));
#6340 = VECTOR('',#6341,1.);
#6341 = DIRECTION('',(0.,1.,0.));
#6342 = ORIENTED_EDGE('',*,*,#6343,.F.);
#6343 = EDGE_CURVE('',#6344,#6336,#6346,.T.);
#6344 = VERTEX_POINT('',#6345);
#6345 = CARTESIAN_POINT('',(37.498996734619,-88.94747924804,0.));
#6346 = LINE('',#6347,#6348);
#6347 = CARTESIAN_POINT('',(37.498996734619,-88.94747924804,0.));
#6348 = VECTOR('',#6349,1.);
#6349 = DIRECTION('',(-9.801365699323E-02,0.995185069745,0.));
#6350 = ORIENTED_EDGE('',*,*,#6351,.F.);
#6351 = EDGE_CURVE('',#6352,#6344,#6354,.T.);
#6352 = VERTEX_POINT('',#6353);
#6353 = CARTESIAN_POINT('',(37.644107818604,-89.42584228515,0.));
#6354 = LINE('',#6355,#6356);
#6355 = CARTESIAN_POINT('',(37.644107818604,-89.42584228515,0.));
#6356 = VECTOR('',#6357,1.);
#6357 = DIRECTION('',(-0.290286954493,0.956939644937,0.));
#6358 = ORIENTED_EDGE('',*,*,#6359,.F.);
#6359 = EDGE_CURVE('',#6360,#6352,#6362,.T.);
#6360 = VERTEX_POINT('',#6361);
#6361 = CARTESIAN_POINT('',(37.879753112793,-89.86670684814,0.));
#6362 = LINE('',#6363,#6364);
#6363 = CARTESIAN_POINT('',(37.879753112793,-89.86670684814,0.));
#6364 = VECTOR('',#6365,1.);
#6365 = DIRECTION('',(-0.471394054161,0.881922698257,0.));
#6366 = ORIENTED_EDGE('',*,*,#6367,.F.);
#6367 = EDGE_CURVE('',#6368,#6360,#6370,.T.);
#6368 = VERTEX_POINT('',#6369);
#6369 = CARTESIAN_POINT('',(38.196876525879,-90.25312042236,0.));
#6370 = LINE('',#6371,#6372);
#6371 = CARTESIAN_POINT('',(38.196876525879,-90.25312042236,0.));
#6372 = VECTOR('',#6373,1.);
#6373 = DIRECTION('',(-0.63439566084,0.773008502869,0.));
#6374 = ORIENTED_EDGE('',*,*,#6375,.F.);
#6375 = EDGE_CURVE('',#6376,#6368,#6378,.T.);
#6376 = VERTEX_POINT('',#6377);
#6377 = CARTESIAN_POINT('',(38.583297729492,-90.57024383544,0.));
#6378 = LINE('',#6379,#6380);
#6379 = CARTESIAN_POINT('',(38.583297729492,-90.57024383544,0.));
#6380 = VECTOR('',#6381,1.);
#6381 = DIRECTION('',(-0.77301464522,0.634388176336,0.));
#6382 = ORIENTED_EDGE('',*,*,#6383,.F.);
#6383 = EDGE_CURVE('',#6384,#6376,#6386,.T.);
#6384 = VERTEX_POINT('',#6385);
#6385 = CARTESIAN_POINT('',(39.024158477783,-90.80589294433,0.));
#6386 = LINE('',#6387,#6388);
#6387 = CARTESIAN_POINT('',(39.024158477783,-90.80589294433,0.));
#6388 = VECTOR('',#6389,1.);
#6389 = DIRECTION('',(-0.881917829989,0.471403162005,0.));
#6390 = ORIENTED_EDGE('',*,*,#6391,.F.);
#6391 = EDGE_CURVE('',#6128,#6384,#6392,.T.);
#6392 = LINE('',#6393,#6394);
#6393 = CARTESIAN_POINT('',(39.502521514893,-90.95100402832,0.));
#6394 = VECTOR('',#6395,1.);
#6395 = DIRECTION('',(-0.956939644937,0.290286954493,0.));
#6396 = FACE_BOUND('',#6397,.F.);
#6397 = EDGE_LOOP('',(#6398,#6408,#6416,#6424,#6432,#6440,#6448,#6456,
    #6464,#6472,#6480,#6488,#6496,#6504,#6512,#6520,#6528,#6536,#6544,
    #6552,#6560,#6568,#6576,#6584,#6592,#6600,#6608,#6616,#6624,#6632,
    #6640,#6648,#6656,#6664));
#6398 = ORIENTED_EDGE('',*,*,#6399,.F.);
#6399 = EDGE_CURVE('',#6400,#6402,#6404,.T.);
#6400 = VERTEX_POINT('',#6401);
#6401 = CARTESIAN_POINT('',(49.502521514893,-90.95100402832,0.));
#6402 = VERTEX_POINT('',#6403);
#6403 = CARTESIAN_POINT('',(49.024158477783,-90.80589294433,0.));
#6404 = LINE('',#6405,#6406);
#6405 = CARTESIAN_POINT('',(49.502521514893,-90.95100402832,0.));
#6406 = VECTOR('',#6407,1.);
#6407 = DIRECTION('',(-0.956939644937,0.290286954493,0.));
#6408 = ORIENTED_EDGE('',*,*,#6409,.F.);
#6409 = EDGE_CURVE('',#6410,#6400,#6412,.T.);
#6410 = VERTEX_POINT('',#6411);
#6411 = CARTESIAN_POINT('',(50.,-91.,0.));
#6412 = LINE('',#6413,#6414);
#6413 = CARTESIAN_POINT('',(50.,-91.,0.));
#6414 = VECTOR('',#6415,1.);
#6415 = DIRECTION('',(-0.995184996435,9.801440134808E-02,0.));
#6416 = ORIENTED_EDGE('',*,*,#6417,.F.);
#6417 = EDGE_CURVE('',#6418,#6410,#6420,.T.);
#6418 = VERTEX_POINT('',#6419);
#6419 = CARTESIAN_POINT('',(50.497478485107,-90.95100402832,0.));
#6420 = LINE('',#6421,#6422);
#6421 = CARTESIAN_POINT('',(50.497478485107,-90.95100402832,0.));
#6422 = VECTOR('',#6423,1.);
#6423 = DIRECTION('',(-0.995184996435,-9.801440134808E-02,0.));
#6424 = ORIENTED_EDGE('',*,*,#6425,.F.);
#6425 = EDGE_CURVE('',#6426,#6418,#6428,.T.);
#6426 = VERTEX_POINT('',#6427);
#6427 = CARTESIAN_POINT('',(50.975841522217,-90.80589294433,0.));
#6428 = LINE('',#6429,#6430);
#6429 = CARTESIAN_POINT('',(50.975841522217,-90.80589294433,0.));
#6430 = VECTOR('',#6431,1.);
#6431 = DIRECTION('',(-0.956939644937,-0.290286954493,0.));
#6432 = ORIENTED_EDGE('',*,*,#6433,.F.);
#6433 = EDGE_CURVE('',#6434,#6426,#6436,.T.);
#6434 = VERTEX_POINT('',#6435);
#6435 = CARTESIAN_POINT('',(51.416702270508,-90.57024383544,0.));
#6436 = LINE('',#6437,#6438);
#6437 = CARTESIAN_POINT('',(51.416702270508,-90.57024383544,0.));
#6438 = VECTOR('',#6439,1.);
#6439 = DIRECTION('',(-0.881917829989,-0.471403162005,0.));
#6440 = ORIENTED_EDGE('',*,*,#6441,.F.);
#6441 = EDGE_CURVE('',#6442,#6434,#6444,.T.);
#6442 = VERTEX_POINT('',#6443);
#6443 = CARTESIAN_POINT('',(51.803123474121,-90.25312042236,0.));
#6444 = LINE('',#6445,#6446);
#6445 = CARTESIAN_POINT('',(51.803123474121,-90.25312042236,0.));
#6446 = VECTOR('',#6447,1.);
#6447 = DIRECTION('',(-0.77301464522,-0.634388176336,0.));
#6448 = ORIENTED_EDGE('',*,*,#6449,.F.);
#6449 = EDGE_CURVE('',#6450,#6442,#6452,.T.);
#6450 = VERTEX_POINT('',#6451);
#6451 = CARTESIAN_POINT('',(52.120246887207,-89.86670684814,0.));
#6452 = LINE('',#6453,#6454);
#6453 = CARTESIAN_POINT('',(52.120246887207,-89.86670684814,0.));
#6454 = VECTOR('',#6455,1.);
#6455 = DIRECTION('',(-0.63439566084,-0.773008502869,0.));
#6456 = ORIENTED_EDGE('',*,*,#6457,.F.);
#6457 = EDGE_CURVE('',#6458,#6450,#6460,.T.);
#6458 = VERTEX_POINT('',#6459);
#6459 = CARTESIAN_POINT('',(52.355892181396,-89.42584228515,0.));
#6460 = LINE('',#6461,#6462);
#6461 = CARTESIAN_POINT('',(52.355892181396,-89.42584228515,0.));
#6462 = VECTOR('',#6463,1.);
#6463 = DIRECTION('',(-0.471394054161,-0.881922698257,0.));
#6464 = ORIENTED_EDGE('',*,*,#6465,.F.);
#6465 = EDGE_CURVE('',#6466,#6458,#6468,.T.);
#6466 = VERTEX_POINT('',#6467);
#6467 = CARTESIAN_POINT('',(52.501003265381,-88.94747924804,0.));
#6468 = LINE('',#6469,#6470);
#6469 = CARTESIAN_POINT('',(52.501003265381,-88.94747924804,0.));
#6470 = VECTOR('',#6471,1.);
#6471 = DIRECTION('',(-0.290286954493,-0.956939644937,0.));
#6472 = ORIENTED_EDGE('',*,*,#6473,.F.);
#6473 = EDGE_CURVE('',#6474,#6466,#6476,.T.);
#6474 = VERTEX_POINT('',#6475);
#6475 = CARTESIAN_POINT('',(52.549999237061,-88.44999694824,0.));
#6476 = LINE('',#6477,#6478);
#6477 = CARTESIAN_POINT('',(52.549999237061,-88.44999694824,0.));
#6478 = VECTOR('',#6479,1.);
#6479 = DIRECTION('',(-9.801365699323E-02,-0.995185069745,0.));
#6480 = ORIENTED_EDGE('',*,*,#6481,.T.);
#6481 = EDGE_CURVE('',#6474,#6482,#6484,.T.);
#6482 = VERTEX_POINT('',#6483);
#6483 = CARTESIAN_POINT('',(52.549999237061,-66.94999694824,0.));
#6484 = LINE('',#6485,#6486);
#6485 = CARTESIAN_POINT('',(52.549999237061,-88.44999694824,0.));
#6486 = VECTOR('',#6487,1.);
#6487 = DIRECTION('',(0.,1.,0.));
#6488 = ORIENTED_EDGE('',*,*,#6489,.F.);
#6489 = EDGE_CURVE('',#6490,#6482,#6492,.T.);
#6490 = VERTEX_POINT('',#6491);
#6491 = CARTESIAN_POINT('',(52.501003265381,-66.45252227783,0.));
#6492 = LINE('',#6493,#6494);
#6493 = CARTESIAN_POINT('',(52.501003265381,-66.45252227783,0.));
#6494 = VECTOR('',#6495,1.);
#6495 = DIRECTION('',(9.801514571419E-02,-0.995184923123,0.));
#6496 = ORIENTED_EDGE('',*,*,#6497,.F.);
#6497 = EDGE_CURVE('',#6498,#6490,#6500,.T.);
#6498 = VERTEX_POINT('',#6499);
#6499 = CARTESIAN_POINT('',(52.355892181396,-65.97415924072,0.));
#6500 = LINE('',#6501,#6502);
#6501 = CARTESIAN_POINT('',(52.355892181396,-65.97415924072,0.));
#6502 = VECTOR('',#6503,1.);
#6503 = DIRECTION('',(0.290286954493,-0.956939644937,0.));
#6504 = ORIENTED_EDGE('',*,*,#6505,.F.);
#6505 = EDGE_CURVE('',#6506,#6498,#6508,.T.);
#6506 = VERTEX_POINT('',#6507);
#6507 = CARTESIAN_POINT('',(52.120246887207,-65.53329467773,0.));
#6508 = LINE('',#6509,#6510);
#6509 = CARTESIAN_POINT('',(52.120246887207,-65.53329467773,0.));
#6510 = VECTOR('',#6511,1.);
#6511 = DIRECTION('',(0.471394054161,-0.881922698257,0.));
#6512 = ORIENTED_EDGE('',*,*,#6513,.F.);
#6513 = EDGE_CURVE('',#6514,#6506,#6516,.T.);
#6514 = VERTEX_POINT('',#6515);
#6515 = CARTESIAN_POINT('',(51.803123474121,-65.14688110351,0.));
#6516 = LINE('',#6517,#6518);
#6517 = CARTESIAN_POINT('',(51.803123474121,-65.14688110351,0.));
#6518 = VECTOR('',#6519,1.);
#6519 = DIRECTION('',(0.63439566084,-0.773008502869,0.));
#6520 = ORIENTED_EDGE('',*,*,#6521,.F.);
#6521 = EDGE_CURVE('',#6522,#6514,#6524,.T.);
#6522 = VERTEX_POINT('',#6523);
#6523 = CARTESIAN_POINT('',(51.416702270508,-64.82975006103,0.));
#6524 = LINE('',#6525,#6526);
#6525 = CARTESIAN_POINT('',(51.416702270508,-64.82975006103,0.));
#6526 = VECTOR('',#6527,1.);
#6527 = DIRECTION('',(0.773007160793,-0.63439729615,0.));
#6528 = ORIENTED_EDGE('',*,*,#6529,.F.);
#6529 = EDGE_CURVE('',#6530,#6522,#6532,.T.);
#6530 = VERTEX_POINT('',#6531);
#6531 = CARTESIAN_POINT('',(50.975841522217,-64.59410858154,0.));
#6532 = LINE('',#6533,#6534);
#6533 = CARTESIAN_POINT('',(50.975841522217,-64.59410858154,0.));
#6534 = VECTOR('',#6535,1.);
#6535 = DIRECTION('',(0.881924175038,-0.471391291267,0.));
#6536 = ORIENTED_EDGE('',*,*,#6537,.F.);
#6537 = EDGE_CURVE('',#6538,#6530,#6540,.T.);
#6538 = VERTEX_POINT('',#6539);
#6539 = CARTESIAN_POINT('',(50.497478485107,-64.44899749755,0.));
#6540 = LINE('',#6541,#6542);
#6541 = CARTESIAN_POINT('',(50.497478485107,-64.44899749755,0.));
#6542 = VECTOR('',#6543,1.);
#6543 = DIRECTION('',(0.956939644937,-0.290286954493,0.));
#6544 = ORIENTED_EDGE('',*,*,#6545,.F.);
#6545 = EDGE_CURVE('',#6546,#6538,#6548,.T.);
#6546 = VERTEX_POINT('',#6547);
#6547 = CARTESIAN_POINT('',(50.,-64.40000152587,0.));
#6548 = LINE('',#6549,#6550);
#6549 = CARTESIAN_POINT('',(50.,-64.40000152587,0.));
#6550 = VECTOR('',#6551,1.);
#6551 = DIRECTION('',(0.995184996435,-9.801440134808E-02,0.));
#6552 = ORIENTED_EDGE('',*,*,#6553,.F.);
#6553 = EDGE_CURVE('',#6554,#6546,#6556,.T.);
#6554 = VERTEX_POINT('',#6555);
#6555 = CARTESIAN_POINT('',(49.502521514893,-64.44899749755,0.));
#6556 = LINE('',#6557,#6558);
#6557 = CARTESIAN_POINT('',(49.502521514893,-64.44899749755,0.));
#6558 = VECTOR('',#6559,1.);
#6559 = DIRECTION('',(0.995184996435,9.801440134808E-02,0.));
#6560 = ORIENTED_EDGE('',*,*,#6561,.F.);
#6561 = EDGE_CURVE('',#6562,#6554,#6564,.T.);
#6562 = VERTEX_POINT('',#6563);
#6563 = CARTESIAN_POINT('',(49.024158477783,-64.59410858154,0.));
#6564 = LINE('',#6565,#6566);
#6565 = CARTESIAN_POINT('',(49.024158477783,-64.59410858154,0.));
#6566 = VECTOR('',#6567,1.);
#6567 = DIRECTION('',(0.956939644937,0.290286954493,0.));
#6568 = ORIENTED_EDGE('',*,*,#6569,.F.);
#6569 = EDGE_CURVE('',#6570,#6562,#6572,.T.);
#6570 = VERTEX_POINT('',#6571);
#6571 = CARTESIAN_POINT('',(48.583297729492,-64.82975006103,0.));
#6572 = LINE('',#6573,#6574);
#6573 = CARTESIAN_POINT('',(48.583297729492,-64.82975006103,0.));
#6574 = VECTOR('',#6575,1.);
#6575 = DIRECTION('',(0.881924175038,0.471391291267,0.));
#6576 = ORIENTED_EDGE('',*,*,#6577,.F.);
#6577 = EDGE_CURVE('',#6578,#6570,#6580,.T.);
#6578 = VERTEX_POINT('',#6579);
#6579 = CARTESIAN_POINT('',(48.196876525879,-65.14688110351,0.));
#6580 = LINE('',#6581,#6582);
#6581 = CARTESIAN_POINT('',(48.196876525879,-65.14688110351,0.));
#6582 = VECTOR('',#6583,1.);
#6583 = DIRECTION('',(0.773007160793,0.63439729615,0.));
#6584 = ORIENTED_EDGE('',*,*,#6585,.F.);
#6585 = EDGE_CURVE('',#6586,#6578,#6588,.T.);
#6586 = VERTEX_POINT('',#6587);
#6587 = CARTESIAN_POINT('',(47.879753112793,-65.53329467773,0.));
#6588 = LINE('',#6589,#6590);
#6589 = CARTESIAN_POINT('',(47.879753112793,-65.53329467773,0.));
#6590 = VECTOR('',#6591,1.);
#6591 = DIRECTION('',(0.63439566084,0.773008502869,0.));
#6592 = ORIENTED_EDGE('',*,*,#6593,.F.);
#6593 = EDGE_CURVE('',#6594,#6586,#6596,.T.);
#6594 = VERTEX_POINT('',#6595);
#6595 = CARTESIAN_POINT('',(47.644107818604,-65.97415924072,0.));
#6596 = LINE('',#6597,#6598);
#6597 = CARTESIAN_POINT('',(47.644107818604,-65.97415924072,0.));
#6598 = VECTOR('',#6599,1.);
#6599 = DIRECTION('',(0.471394054161,0.881922698257,0.));
#6600 = ORIENTED_EDGE('',*,*,#6601,.F.);
#6601 = EDGE_CURVE('',#6602,#6594,#6604,.T.);
#6602 = VERTEX_POINT('',#6603);
#6603 = CARTESIAN_POINT('',(47.498996734619,-66.45252227783,0.));
#6604 = LINE('',#6605,#6606);
#6605 = CARTESIAN_POINT('',(47.498996734619,-66.45252227783,0.));
#6606 = VECTOR('',#6607,1.);
#6607 = DIRECTION('',(0.290286954493,0.956939644937,0.));
#6608 = ORIENTED_EDGE('',*,*,#6609,.F.);
#6609 = EDGE_CURVE('',#6610,#6602,#6612,.T.);
#6610 = VERTEX_POINT('',#6611);
#6611 = CARTESIAN_POINT('',(47.450000762939,-66.94999694824,0.));
#6612 = LINE('',#6613,#6614);
#6613 = CARTESIAN_POINT('',(47.450000762939,-66.94999694824,0.));
#6614 = VECTOR('',#6615,1.);
#6615 = DIRECTION('',(9.801514571419E-02,0.995184923123,0.));
#6616 = ORIENTED_EDGE('',*,*,#6617,.F.);
#6617 = EDGE_CURVE('',#6618,#6610,#6620,.T.);
#6618 = VERTEX_POINT('',#6619);
#6619 = CARTESIAN_POINT('',(47.450000762939,-88.44999694824,0.));
#6620 = LINE('',#6621,#6622);
#6621 = CARTESIAN_POINT('',(47.450000762939,-88.44999694824,0.));
#6622 = VECTOR('',#6623,1.);
#6623 = DIRECTION('',(0.,1.,0.));
#6624 = ORIENTED_EDGE('',*,*,#6625,.F.);
#6625 = EDGE_CURVE('',#6626,#6618,#6628,.T.);
#6626 = VERTEX_POINT('',#6627);
#6627 = CARTESIAN_POINT('',(47.498996734619,-88.94747924804,0.));
#6628 = LINE('',#6629,#6630);
#6629 = CARTESIAN_POINT('',(47.498996734619,-88.94747924804,0.));
#6630 = VECTOR('',#6631,1.);
#6631 = DIRECTION('',(-9.801365699323E-02,0.995185069745,0.));
#6632 = ORIENTED_EDGE('',*,*,#6633,.F.);
#6633 = EDGE_CURVE('',#6634,#6626,#6636,.T.);
#6634 = VERTEX_POINT('',#6635);
#6635 = CARTESIAN_POINT('',(47.644107818604,-89.42584228515,0.));
#6636 = LINE('',#6637,#6638);
#6637 = CARTESIAN_POINT('',(47.644107818604,-89.42584228515,0.));
#6638 = VECTOR('',#6639,1.);
#6639 = DIRECTION('',(-0.290286954493,0.956939644937,0.));
#6640 = ORIENTED_EDGE('',*,*,#6641,.F.);
#6641 = EDGE_CURVE('',#6642,#6634,#6644,.T.);
#6642 = VERTEX_POINT('',#6643);
#6643 = CARTESIAN_POINT('',(47.879753112793,-89.86670684814,0.));
#6644 = LINE('',#6645,#6646);
#6645 = CARTESIAN_POINT('',(47.879753112793,-89.86670684814,0.));
#6646 = VECTOR('',#6647,1.);
#6647 = DIRECTION('',(-0.471394054161,0.881922698257,0.));
#6648 = ORIENTED_EDGE('',*,*,#6649,.F.);
#6649 = EDGE_CURVE('',#6650,#6642,#6652,.T.);
#6650 = VERTEX_POINT('',#6651);
#6651 = CARTESIAN_POINT('',(48.196876525879,-90.25312042236,0.));
#6652 = LINE('',#6653,#6654);
#6653 = CARTESIAN_POINT('',(48.196876525879,-90.25312042236,0.));
#6654 = VECTOR('',#6655,1.);
#6655 = DIRECTION('',(-0.63439566084,0.773008502869,0.));
#6656 = ORIENTED_EDGE('',*,*,#6657,.F.);
#6657 = EDGE_CURVE('',#6658,#6650,#6660,.T.);
#6658 = VERTEX_POINT('',#6659);
#6659 = CARTESIAN_POINT('',(48.583297729492,-90.57024383544,0.));
#6660 = LINE('',#6661,#6662);
#6661 = CARTESIAN_POINT('',(48.583297729492,-90.57024383544,0.));
#6662 = VECTOR('',#6663,1.);
#6663 = DIRECTION('',(-0.77301464522,0.634388176336,0.));
#6664 = ORIENTED_EDGE('',*,*,#6665,.F.);
#6665 = EDGE_CURVE('',#6402,#6658,#6666,.T.);
#6666 = LINE('',#6667,#6668);
#6667 = CARTESIAN_POINT('',(49.024158477783,-90.80589294433,0.));
#6668 = VECTOR('',#6669,1.);
#6669 = DIRECTION('',(-0.881917829989,0.471403162005,0.));
#6670 = FACE_BOUND('',#6671,.F.);
#6671 = EDGE_LOOP('',(#6672,#6682,#6690,#6698,#6706,#6714,#6722,#6730,
    #6738,#6746,#6754,#6762,#6770,#6778,#6786,#6794,#6802,#6810,#6818,
    #6826,#6834,#6842,#6850,#6858,#6866,#6874,#6882,#6890,#6898,#6906,
    #6914,#6922));
#6672 = ORIENTED_EDGE('',*,*,#6673,.F.);
#6673 = EDGE_CURVE('',#6674,#6676,#6678,.T.);
#6674 = VERTEX_POINT('',#6675);
#6675 = CARTESIAN_POINT('',(7.866703987122,-4.029752254486,0.));
#6676 = VERTEX_POINT('',#6677);
#6677 = CARTESIAN_POINT('',(8.253122329712,-4.346877574921,0.));
#6678 = LINE('',#6679,#6680);
#6679 = CARTESIAN_POINT('',(7.866703987122,-4.029752254486,0.));
#6680 = VECTOR('',#6681,1.);
#6681 = DIRECTION('',(0.773010470743,-0.634393262986,0.));
#6682 = ORIENTED_EDGE('',*,*,#6683,.F.);
#6683 = EDGE_CURVE('',#6684,#6674,#6686,.T.);
#6684 = VERTEX_POINT('',#6685);
#6685 = CARTESIAN_POINT('',(7.425842761993,-3.794107198715,0.));
#6686 = LINE('',#6687,#6688);
#6687 = CARTESIAN_POINT('',(7.425842761993,-3.794107198715,0.));
#6688 = VECTOR('',#6689,1.);
#6689 = DIRECTION('',(0.881921412773,-0.471396459142,0.));
#6690 = ORIENTED_EDGE('',*,*,#6691,.F.);
#6691 = EDGE_CURVE('',#6692,#6684,#6694,.T.);
#6692 = VERTEX_POINT('',#6693);
#6693 = CARTESIAN_POINT('',(6.947480201721,-3.648997545242,0.));
#6694 = LINE('',#6695,#6696);
#6695 = CARTESIAN_POINT('',(6.947480201721,-3.648997545242,0.));
#6696 = VECTOR('',#6697,1.);
#6697 = DIRECTION('',(0.956940359487,-0.290284598946,0.));
#6698 = ORIENTED_EDGE('',*,*,#6699,.F.);
#6699 = EDGE_CURVE('',#6700,#6692,#6702,.T.);
#6700 = VERTEX_POINT('',#6701);
#6701 = CARTESIAN_POINT('',(6.449999809265,-3.599999904633,0.));
#6702 = LINE('',#6703,#6704);
#6703 = CARTESIAN_POINT('',(6.449999809265,-3.599999904633,0.));
#6704 = VECTOR('',#6705,1.);
#6705 = DIRECTION('',(0.995184707429,-9.801733570682E-02,0.));
#6706 = ORIENTED_EDGE('',*,*,#6707,.F.);
#6707 = EDGE_CURVE('',#6708,#6700,#6710,.T.);
#6708 = VERTEX_POINT('',#6709);
#6709 = CARTESIAN_POINT('',(5.952519893646,-3.648997545242,0.));
#6710 = LINE('',#6711,#6712);
#6711 = CARTESIAN_POINT('',(5.952519893646,-3.648997545242,0.));
#6712 = VECTOR('',#6713,1.);
#6713 = DIRECTION('',(0.995184698265,9.801742875434E-02,0.));
#6714 = ORIENTED_EDGE('',*,*,#6715,.F.);
#6715 = EDGE_CURVE('',#6716,#6708,#6718,.T.);
#6716 = VERTEX_POINT('',#6717);
#6717 = CARTESIAN_POINT('',(5.474157333374,-3.794107198715,0.));
#6718 = LINE('',#6719,#6720);
#6719 = CARTESIAN_POINT('',(5.474157333374,-3.794107198715,0.));
#6720 = VECTOR('',#6721,1.);
#6721 = DIRECTION('',(0.956940359487,0.290284598946,0.));
#6722 = ORIENTED_EDGE('',*,*,#6723,.F.);
#6723 = EDGE_CURVE('',#6724,#6716,#6726,.T.);
#6724 = VERTEX_POINT('',#6725);
#6725 = CARTESIAN_POINT('',(5.033296108246,-4.029752254486,0.));
#6726 = LINE('',#6727,#6728);
#6727 = CARTESIAN_POINT('',(5.033296108246,-4.029752254486,0.));
#6728 = VECTOR('',#6729,1.);
#6729 = DIRECTION('',(0.881921412773,0.471396459142,0.));
#6730 = ORIENTED_EDGE('',*,*,#6731,.F.);
#6731 = EDGE_CURVE('',#6732,#6724,#6734,.T.);
#6732 = VERTEX_POINT('',#6733);
#6733 = CARTESIAN_POINT('',(4.646877765656,-4.346877574921,0.));
#6734 = LINE('',#6735,#6736);
#6735 = CARTESIAN_POINT('',(4.646877765656,-4.346877574921,0.));
#6736 = VECTOR('',#6737,1.);
#6737 = DIRECTION('',(0.773010470743,0.634393262986,0.));
#6738 = ORIENTED_EDGE('',*,*,#6739,.F.);
#6739 = EDGE_CURVE('',#6740,#6732,#6742,.T.);
#6740 = VERTEX_POINT('',#6741);
#6741 = CARTESIAN_POINT('',(4.329752445221,-4.733295917511,0.));
#6742 = LINE('',#6743,#6744);
#6743 = CARTESIAN_POINT('',(4.329752445221,-4.733295917511,0.));
#6744 = VECTOR('',#6745,1.);
#6745 = DIRECTION('',(0.634393262986,0.773010470743,0.));
#6746 = ORIENTED_EDGE('',*,*,#6747,.F.);
#6747 = EDGE_CURVE('',#6748,#6740,#6750,.T.);
#6748 = VERTEX_POINT('',#6749);
#6749 = CARTESIAN_POINT('',(4.094107151031,-5.174157142639,0.));
#6750 = LINE('',#6751,#6752);
#6751 = CARTESIAN_POINT('',(4.094107151031,-5.174157142639,0.));
#6752 = VECTOR('',#6753,1.);
#6753 = DIRECTION('',(0.471396830103,0.881921214491,0.));
#6754 = ORIENTED_EDGE('',*,*,#6755,.F.);
#6755 = EDGE_CURVE('',#6756,#6748,#6758,.T.);
#6756 = VERTEX_POINT('',#6757);
#6757 = CARTESIAN_POINT('',(3.948997497559,-5.652519702911,0.));
#6758 = LINE('',#6759,#6760);
#6759 = CARTESIAN_POINT('',(3.948997497559,-5.652519702911,0.));
#6760 = VECTOR('',#6761,1.);
#6761 = DIRECTION('',(0.290284598946,0.956940359487,0.));
#6762 = ORIENTED_EDGE('',*,*,#6763,.F.);
#6763 = EDGE_CURVE('',#6764,#6756,#6766,.T.);
#6764 = VERTEX_POINT('',#6765);
#6765 = CARTESIAN_POINT('',(3.900000095367,-6.150000095367,0.));
#6766 = LINE('',#6767,#6768);
#6767 = CARTESIAN_POINT('',(3.900000095367,-6.150000095367,0.));
#6768 = VECTOR('',#6769,1.);
#6769 = DIRECTION('',(9.801686334451E-02,0.995184753953,0.));
#6770 = ORIENTED_EDGE('',*,*,#6771,.F.);
#6771 = EDGE_CURVE('',#6772,#6764,#6774,.T.);
#6772 = VERTEX_POINT('',#6773);
#6773 = CARTESIAN_POINT('',(3.948997497559,-6.647480487823,0.));
#6774 = LINE('',#6775,#6776);
#6775 = CARTESIAN_POINT('',(3.948997497559,-6.647480487823,0.));
#6776 = VECTOR('',#6777,1.);
#6777 = DIRECTION('',(-9.801686334451E-02,0.995184753953,0.));
#6778 = ORIENTED_EDGE('',*,*,#6779,.F.);
#6779 = EDGE_CURVE('',#6780,#6772,#6782,.T.);
#6780 = VERTEX_POINT('',#6781);
#6781 = CARTESIAN_POINT('',(4.094107151031,-7.125842571259,0.));
#6782 = LINE('',#6783,#6784);
#6783 = CARTESIAN_POINT('',(4.094107151031,-7.125842571259,0.));
#6784 = VECTOR('',#6785,1.);
#6785 = DIRECTION('',(-0.290284863922,0.956940279107,0.));
#6786 = ORIENTED_EDGE('',*,*,#6787,.F.);
#6787 = EDGE_CURVE('',#6788,#6780,#6790,.T.);
#6788 = VERTEX_POINT('',#6789);
#6789 = CARTESIAN_POINT('',(4.329752445221,-7.566704273224,0.));
#6790 = LINE('',#6791,#6792);
#6791 = CARTESIAN_POINT('',(4.329752445221,-7.566704273224,0.));
#6792 = VECTOR('',#6793,1.);
#6793 = DIRECTION('',(-0.471396433538,0.881921426459,0.));
#6794 = ORIENTED_EDGE('',*,*,#6795,.F.);
#6795 = EDGE_CURVE('',#6796,#6788,#6798,.T.);
#6796 = VERTEX_POINT('',#6797);
#6797 = CARTESIAN_POINT('',(4.646877765656,-7.953122138977,0.));
#6798 = LINE('',#6799,#6800);
#6799 = CARTESIAN_POINT('',(4.646877765656,-7.953122138977,0.));
#6800 = VECTOR('',#6801,1.);
#6801 = DIRECTION('',(-0.634393730766,0.773010086845,0.));
#6802 = ORIENTED_EDGE('',*,*,#6803,.F.);
#6803 = EDGE_CURVE('',#6804,#6796,#6806,.T.);
#6804 = VERTEX_POINT('',#6805);
#6805 = CARTESIAN_POINT('',(5.033296108246,-8.270247459412,0.));
#6806 = LINE('',#6807,#6808);
#6807 = CARTESIAN_POINT('',(5.033296108246,-8.270247459412,0.));
#6808 = VECTOR('',#6809,1.);
#6809 = DIRECTION('',(-0.773010470743,0.634393262986,0.));
#6810 = ORIENTED_EDGE('',*,*,#6811,.F.);
#6811 = EDGE_CURVE('',#6812,#6804,#6814,.T.);
#6812 = VERTEX_POINT('',#6813);
#6813 = CARTESIAN_POINT('',(5.474157333374,-8.505892753601,0.));
#6814 = LINE('',#6815,#6816);
#6815 = CARTESIAN_POINT('',(5.474157333374,-8.505892753601,0.));
#6816 = VECTOR('',#6817,1.);
#6817 = DIRECTION('',(-0.881921214491,0.471396830103,0.));
#6818 = ORIENTED_EDGE('',*,*,#6819,.F.);
#6819 = EDGE_CURVE('',#6820,#6812,#6822,.T.);
#6820 = VERTEX_POINT('',#6821);
#6821 = CARTESIAN_POINT('',(5.952519893646,-8.651002883911,0.));
#6822 = LINE('',#6823,#6824);
#6823 = CARTESIAN_POINT('',(5.952519893646,-8.651002883911,0.));
#6824 = VECTOR('',#6825,1.);
#6825 = DIRECTION('',(-0.95694009451,0.290285472455,0.));
#6826 = ORIENTED_EDGE('',*,*,#6827,.F.);
#6827 = EDGE_CURVE('',#6828,#6820,#6830,.T.);
#6828 = VERTEX_POINT('',#6829);
#6829 = CARTESIAN_POINT('',(6.449999809265,-8.699999809265,0.));
#6830 = LINE('',#6831,#6832);
#6831 = CARTESIAN_POINT('',(6.449999809265,-8.699999809265,0.));
#6832 = VECTOR('',#6833,1.);
#6833 = DIRECTION('',(-0.995184837835,9.801601166589E-02,0.));
#6834 = ORIENTED_EDGE('',*,*,#6835,.F.);
#6835 = EDGE_CURVE('',#6836,#6828,#6838,.T.);
#6836 = VERTEX_POINT('',#6837);
#6837 = CARTESIAN_POINT('',(6.947480201721,-8.651002883911,0.));
#6838 = LINE('',#6839,#6840);
#6839 = CARTESIAN_POINT('',(6.947480201721,-8.651002883911,0.));
#6840 = VECTOR('',#6841,1.);
#6841 = DIRECTION('',(-0.995184846999,-9.801591861969E-02,0.));
#6842 = ORIENTED_EDGE('',*,*,#6843,.F.);
#6843 = EDGE_CURVE('',#6844,#6836,#6846,.T.);
#6844 = VERTEX_POINT('',#6845);
#6845 = CARTESIAN_POINT('',(7.425842761993,-8.505892753601,0.));
#6846 = LINE('',#6847,#6848);
#6847 = CARTESIAN_POINT('',(7.425842761993,-8.505892753601,0.));
#6848 = VECTOR('',#6849,1.);
#6849 = DIRECTION('',(-0.95694009451,-0.290285472455,0.));
#6850 = ORIENTED_EDGE('',*,*,#6851,.F.);
#6851 = EDGE_CURVE('',#6852,#6844,#6854,.T.);
#6852 = VERTEX_POINT('',#6853);
#6853 = CARTESIAN_POINT('',(7.866703987122,-8.270247459412,0.));
#6854 = LINE('',#6855,#6856);
#6855 = CARTESIAN_POINT('',(7.866703987122,-8.270247459412,0.));
#6856 = VECTOR('',#6857,1.);
#6857 = DIRECTION('',(-0.881921214491,-0.471396830103,0.));
#6858 = ORIENTED_EDGE('',*,*,#6859,.F.);
#6859 = EDGE_CURVE('',#6860,#6852,#6862,.T.);
#6860 = VERTEX_POINT('',#6861);
#6861 = CARTESIAN_POINT('',(8.253122329712,-7.953122138977,0.));
#6862 = LINE('',#6863,#6864);
#6863 = CARTESIAN_POINT('',(8.253122329712,-7.953122138977,0.));
#6864 = VECTOR('',#6865,1.);
#6865 = DIRECTION('',(-0.773010470743,-0.634393262986,0.));
#6866 = ORIENTED_EDGE('',*,*,#6867,.F.);
#6867 = EDGE_CURVE('',#6868,#6860,#6870,.T.);
#6868 = VERTEX_POINT('',#6869);
#6869 = CARTESIAN_POINT('',(8.570247650146,-7.566704273224,0.));
#6870 = LINE('',#6871,#6872);
#6871 = CARTESIAN_POINT('',(8.570247650146,-7.566704273224,0.));
#6872 = VECTOR('',#6873,1.);
#6873 = DIRECTION('',(-0.634393730766,-0.773010086845,0.));
#6874 = ORIENTED_EDGE('',*,*,#6875,.F.);
#6875 = EDGE_CURVE('',#6876,#6868,#6878,.T.);
#6876 = VERTEX_POINT('',#6877);
#6877 = CARTESIAN_POINT('',(8.805892944336,-7.125842571259,0.));
#6878 = LINE('',#6879,#6880);
#6879 = CARTESIAN_POINT('',(8.805892944336,-7.125842571259,0.));
#6880 = VECTOR('',#6881,1.);
#6881 = DIRECTION('',(-0.471396433538,-0.881921426459,0.));
#6882 = ORIENTED_EDGE('',*,*,#6883,.F.);
#6883 = EDGE_CURVE('',#6884,#6876,#6886,.T.);
#6884 = VERTEX_POINT('',#6885);
#6885 = CARTESIAN_POINT('',(8.951002120972,-6.647480487823,0.));
#6886 = LINE('',#6887,#6888);
#6887 = CARTESIAN_POINT('',(8.951002120972,-6.647480487823,0.));
#6888 = VECTOR('',#6889,1.);
#6889 = DIRECTION('',(-0.290283990412,-0.956940544083,0.));
#6890 = ORIENTED_EDGE('',*,*,#6891,.F.);
#6891 = EDGE_CURVE('',#6892,#6884,#6894,.T.);
#6892 = VERTEX_POINT('',#6893);
#6893 = CARTESIAN_POINT('',(9.,-6.150000095367,0.));
#6894 = LINE('',#6895,#6896);
#6895 = CARTESIAN_POINT('',(9.,-6.150000095367,0.));
#6896 = VECTOR('',#6897,1.);
#6897 = DIRECTION('',(-9.801780806907E-02,-0.995184660905,0.));
#6898 = ORIENTED_EDGE('',*,*,#6899,.F.);
#6899 = EDGE_CURVE('',#6900,#6892,#6902,.T.);
#6900 = VERTEX_POINT('',#6901);
#6901 = CARTESIAN_POINT('',(8.951002120972,-5.652519702911,0.));
#6902 = LINE('',#6903,#6904);
#6903 = CARTESIAN_POINT('',(8.951002120972,-5.652519702911,0.));
#6904 = VECTOR('',#6905,1.);
#6905 = DIRECTION('',(9.801780806907E-02,-0.995184660905,0.));
#6906 = ORIENTED_EDGE('',*,*,#6907,.F.);
#6907 = EDGE_CURVE('',#6908,#6900,#6910,.T.);
#6908 = VERTEX_POINT('',#6909);
#6909 = CARTESIAN_POINT('',(8.805892944336,-5.174157142639,0.));
#6910 = LINE('',#6911,#6912);
#6911 = CARTESIAN_POINT('',(8.805892944336,-5.174157142639,0.));
#6912 = VECTOR('',#6913,1.);
#6913 = DIRECTION('',(0.290283725436,-0.956940624463,0.));
#6914 = ORIENTED_EDGE('',*,*,#6915,.F.);
#6915 = EDGE_CURVE('',#6916,#6908,#6918,.T.);
#6916 = VERTEX_POINT('',#6917);
#6917 = CARTESIAN_POINT('',(8.570247650146,-4.733295917511,0.));
#6918 = LINE('',#6919,#6920);
#6919 = CARTESIAN_POINT('',(8.570247650146,-4.733295917511,0.));
#6920 = VECTOR('',#6921,1.);
#6921 = DIRECTION('',(0.471396830103,-0.881921214491,0.));
#6922 = ORIENTED_EDGE('',*,*,#6923,.F.);
#6923 = EDGE_CURVE('',#6676,#6916,#6924,.T.);
#6924 = LINE('',#6925,#6926);
#6925 = CARTESIAN_POINT('',(8.253122329712,-4.346877574921,0.));
#6926 = VECTOR('',#6927,1.);
#6927 = DIRECTION('',(0.634393262986,-0.773010470743,0.));
#6928 = FACE_BOUND('',#6929,.F.);
#6929 = EDGE_LOOP('',(#6930,#6940,#6948,#6956,#6964,#6972,#6980,#6988,
    #6996,#7004,#7012,#7020,#7028,#7036,#7044,#7052,#7060,#7068,#7076,
    #7084,#7092,#7100,#7108,#7116,#7124,#7132,#7140,#7148,#7156,#7164,
    #7172,#7180));
#6930 = ORIENTED_EDGE('',*,*,#6931,.F.);
#6931 = EDGE_CURVE('',#6932,#6934,#6936,.T.);
#6932 = VERTEX_POINT('',#6933);
#6933 = CARTESIAN_POINT('',(55.905891418457,-5.174157142639,0.));
#6934 = VERTEX_POINT('',#6935);
#6935 = CARTESIAN_POINT('',(56.051002502441,-5.652519702911,0.));
#6936 = LINE('',#6937,#6938);
#6937 = CARTESIAN_POINT('',(55.905891418457,-5.174157142639,0.));
#6938 = VECTOR('',#6939,1.);
#6939 = DIRECTION('',(0.290287219471,-0.956939564556,0.));
#6940 = ORIENTED_EDGE('',*,*,#6941,.F.);
#6941 = EDGE_CURVE('',#6942,#6932,#6944,.T.);
#6942 = VERTEX_POINT('',#6943);
#6943 = CARTESIAN_POINT('',(55.670246124268,-4.733295917511,0.));
#6944 = LINE('',#6945,#6946);
#6945 = CARTESIAN_POINT('',(55.670246124268,-4.733295917511,0.));
#6946 = VECTOR('',#6947,1.);
#6947 = DIRECTION('',(0.471396830103,-0.881921214491,0.));
#6948 = ORIENTED_EDGE('',*,*,#6949,.F.);
#6949 = EDGE_CURVE('',#6950,#6942,#6952,.T.);
#6950 = VERTEX_POINT('',#6951);
#6951 = CARTESIAN_POINT('',(55.353122711182,-4.346877574921,0.));
#6952 = LINE('',#6953,#6954);
#6953 = CARTESIAN_POINT('',(55.353122711182,-4.346877574921,0.));
#6954 = VECTOR('',#6955,1.);
#6955 = DIRECTION('',(0.634390983011,-0.773012341864,0.));
#6956 = ORIENTED_EDGE('',*,*,#6957,.F.);
#6957 = EDGE_CURVE('',#6958,#6950,#6960,.T.);
#6958 = VERTEX_POINT('',#6959);
#6959 = CARTESIAN_POINT('',(54.966705322266,-4.029752254486,0.));
#6960 = LINE('',#6961,#6962);
#6961 = CARTESIAN_POINT('',(54.966705322266,-4.029752254486,0.));
#6962 = VECTOR('',#6963,1.);
#6963 = DIRECTION('',(0.773009702947,-0.634394198547,0.));
#6964 = ORIENTED_EDGE('',*,*,#6965,.F.);
#6965 = EDGE_CURVE('',#6966,#6958,#6968,.T.);
#6966 = VERTEX_POINT('',#6967);
#6967 = CARTESIAN_POINT('',(54.525844573975,-3.794107198715,0.));
#6968 = LINE('',#6969,#6970);
#6969 = CARTESIAN_POINT('',(54.525844573975,-3.794107198715,0.));
#6970 = VECTOR('',#6971,1.);
#6971 = DIRECTION('',(0.881921200805,-0.471396855707,0.));
#6972 = ORIENTED_EDGE('',*,*,#6973,.F.);
#6973 = EDGE_CURVE('',#6974,#6966,#6976,.T.);
#6974 = VERTEX_POINT('',#6975);
#6975 = CARTESIAN_POINT('',(54.047481536865,-3.648997545242,0.));
#6976 = LINE('',#6977,#6978);
#6977 = CARTESIAN_POINT('',(54.047481536865,-3.648997545242,0.));
#6978 = VECTOR('',#6979,1.);
#6979 = DIRECTION('',(0.956940439866,-0.29028433397,0.));
#6980 = ORIENTED_EDGE('',*,*,#6981,.F.);
#6981 = EDGE_CURVE('',#6982,#6974,#6984,.T.);
#6982 = VERTEX_POINT('',#6983);
#6983 = CARTESIAN_POINT('',(53.549999237061,-3.599999904633,0.));
#6984 = LINE('',#6985,#6986);
#6985 = CARTESIAN_POINT('',(53.549999237061,-3.599999904633,0.));
#6986 = VECTOR('',#6987,1.);
#6987 = DIRECTION('',(0.995184744087,-9.801696351849E-02,0.));
#6988 = ORIENTED_EDGE('',*,*,#6989,.F.);
#6989 = EDGE_CURVE('',#6990,#6982,#6992,.T.);
#6990 = VERTEX_POINT('',#6991);
#6991 = CARTESIAN_POINT('',(53.052520751953,-3.648997545242,0.));
#6992 = LINE('',#6993,#6994);
#6993 = CARTESIAN_POINT('',(53.052520751953,-3.648997545242,0.));
#6994 = VECTOR('',#6995,1.);
#6995 = DIRECTION('',(0.995184670771,9.801770789797E-02,0.));
#6996 = ORIENTED_EDGE('',*,*,#6997,.F.);
#6997 = EDGE_CURVE('',#6998,#6990,#7000,.T.);
#6998 = VERTEX_POINT('',#6999);
#6999 = CARTESIAN_POINT('',(52.574157714844,-3.794107198715,0.));
#7000 = LINE('',#7001,#7002);
#7001 = CARTESIAN_POINT('',(52.574157714844,-3.794107198715,0.));
#7002 = VECTOR('',#7003,1.);
#7003 = DIRECTION('',(0.956940439866,0.29028433397,0.));
#7004 = ORIENTED_EDGE('',*,*,#7005,.F.);
#7005 = EDGE_CURVE('',#7006,#6998,#7008,.T.);
#7006 = VERTEX_POINT('',#7007);
#7007 = CARTESIAN_POINT('',(52.133296966553,-4.029752254486,0.));
#7008 = LINE('',#7009,#7010);
#7009 = CARTESIAN_POINT('',(52.133296966553,-4.029752254486,0.));
#7010 = VECTOR('',#7011,1.);
#7011 = DIRECTION('',(0.881921200805,0.471396855707,0.));
#7012 = ORIENTED_EDGE('',*,*,#7013,.F.);
#7013 = EDGE_CURVE('',#7014,#7006,#7016,.T.);
#7014 = VERTEX_POINT('',#7015);
#7015 = CARTESIAN_POINT('',(51.746879577637,-4.346877574921,0.));
#7016 = LINE('',#7017,#7018);
#7017 = CARTESIAN_POINT('',(51.746879577637,-4.346877574921,0.));
#7018 = VECTOR('',#7019,1.);
#7019 = DIRECTION('',(0.773009702947,0.634394198547,0.));
#7020 = ORIENTED_EDGE('',*,*,#7021,.F.);
#7021 = EDGE_CURVE('',#7022,#7014,#7024,.T.);
#7022 = VERTEX_POINT('',#7023);
#7023 = CARTESIAN_POINT('',(51.429752349854,-4.733295917511,0.));
#7024 = LINE('',#7025,#7026);
#7025 = CARTESIAN_POINT('',(51.429752349854,-4.733295917511,0.));
#7026 = VECTOR('',#7027,1.);
#7027 = DIRECTION('',(0.634395542944,0.773008599624,0.));
#7028 = ORIENTED_EDGE('',*,*,#7029,.F.);
#7029 = EDGE_CURVE('',#7030,#7022,#7032,.T.);
#7030 = VERTEX_POINT('',#7031);
#7031 = CARTESIAN_POINT('',(51.194107055664,-5.174157142639,0.));
#7032 = LINE('',#7033,#7034);
#7033 = CARTESIAN_POINT('',(51.194107055664,-5.174157142639,0.));
#7034 = VECTOR('',#7035,1.);
#7035 = DIRECTION('',(0.471396830103,0.881921214491,0.));
#7036 = ORIENTED_EDGE('',*,*,#7037,.F.);
#7037 = EDGE_CURVE('',#7038,#7030,#7040,.T.);
#7038 = VERTEX_POINT('',#7039);
#7039 = CARTESIAN_POINT('',(51.04899597168,-5.652519702911,0.));
#7040 = LINE('',#7041,#7042);
#7041 = CARTESIAN_POINT('',(51.04899597168,-5.652519702911,0.));
#7042 = VECTOR('',#7043,1.);
#7043 = DIRECTION('',(0.290287219471,0.956939564556,0.));
#7044 = ORIENTED_EDGE('',*,*,#7045,.F.);
#7045 = EDGE_CURVE('',#7046,#7038,#7048,.T.);
#7046 = VERTEX_POINT('',#7047);
#7047 = CARTESIAN_POINT('',(51.,-6.150000095367,0.));
#7048 = LINE('',#7049,#7050);
#7049 = CARTESIAN_POINT('',(51.,-6.150000095367,0.));
#7050 = VECTOR('',#7051,1.);
#7051 = DIRECTION('',(9.801402916925E-02,0.99518503309,0.));
#7052 = ORIENTED_EDGE('',*,*,#7053,.F.);
#7053 = EDGE_CURVE('',#7054,#7046,#7056,.T.);
#7054 = VERTEX_POINT('',#7055);
#7055 = CARTESIAN_POINT('',(51.04899597168,-6.647480487823,0.));
#7056 = LINE('',#7057,#7058);
#7057 = CARTESIAN_POINT('',(51.04899597168,-6.647480487823,0.));
#7058 = VECTOR('',#7059,1.);
#7059 = DIRECTION('',(-9.801402916925E-02,0.99518503309,0.));
#7060 = ORIENTED_EDGE('',*,*,#7061,.F.);
#7061 = EDGE_CURVE('',#7062,#7054,#7064,.T.);
#7062 = VERTEX_POINT('',#7063);
#7063 = CARTESIAN_POINT('',(51.194107055664,-7.125842571259,0.));
#7064 = LINE('',#7065,#7066);
#7065 = CARTESIAN_POINT('',(51.194107055664,-7.125842571259,0.));
#7066 = VECTOR('',#7067,1.);
#7067 = DIRECTION('',(-0.290287484449,0.956939484175,0.));
#7068 = ORIENTED_EDGE('',*,*,#7069,.F.);
#7069 = EDGE_CURVE('',#7070,#7062,#7072,.T.);
#7070 = VERTEX_POINT('',#7071);
#7071 = CARTESIAN_POINT('',(51.429752349854,-7.566704273224,0.));
#7072 = LINE('',#7073,#7074);
#7073 = CARTESIAN_POINT('',(51.429752349854,-7.566704273224,0.));
#7074 = VECTOR('',#7075,1.);
#7075 = DIRECTION('',(-0.471396433538,0.881921426459,0.));
#7076 = ORIENTED_EDGE('',*,*,#7077,.F.);
#7077 = EDGE_CURVE('',#7078,#7070,#7080,.T.);
#7078 = VERTEX_POINT('',#7079);
#7079 = CARTESIAN_POINT('',(51.746879577637,-7.953122138977,0.));
#7080 = LINE('',#7081,#7082);
#7081 = CARTESIAN_POINT('',(51.746879577637,-7.953122138977,0.));
#7082 = VECTOR('',#7083,1.);
#7083 = DIRECTION('',(-0.634396010724,0.773008215724,0.));
#7084 = ORIENTED_EDGE('',*,*,#7085,.F.);
#7085 = EDGE_CURVE('',#7086,#7078,#7088,.T.);
#7086 = VERTEX_POINT('',#7087);
#7087 = CARTESIAN_POINT('',(52.133296966553,-8.270247459412,0.));
#7088 = LINE('',#7089,#7090);
#7089 = CARTESIAN_POINT('',(52.133296966553,-8.270247459412,0.));
#7090 = VECTOR('',#7091,1.);
#7091 = DIRECTION('',(-0.773009702947,0.634394198547,0.));
#7092 = ORIENTED_EDGE('',*,*,#7093,.F.);
#7093 = EDGE_CURVE('',#7094,#7086,#7096,.T.);
#7094 = VERTEX_POINT('',#7095);
#7095 = CARTESIAN_POINT('',(52.574157714844,-8.505892753601,0.));
#7096 = LINE('',#7097,#7098);
#7097 = CARTESIAN_POINT('',(52.574157714844,-8.505892753601,0.));
#7098 = VECTOR('',#7099,1.);
#7099 = DIRECTION('',(-0.881921002522,0.471397226668,0.));
#7100 = ORIENTED_EDGE('',*,*,#7101,.F.);
#7101 = EDGE_CURVE('',#7102,#7094,#7104,.T.);
#7102 = VERTEX_POINT('',#7103);
#7103 = CARTESIAN_POINT('',(53.052520751953,-8.651002883911,0.));
#7104 = LINE('',#7105,#7106);
#7105 = CARTESIAN_POINT('',(53.052520751953,-8.651002883911,0.));
#7106 = VECTOR('',#7107,1.);
#7107 = DIRECTION('',(-0.95694017489,0.290285207478,0.));
#7108 = ORIENTED_EDGE('',*,*,#7109,.F.);
#7109 = EDGE_CURVE('',#7110,#7102,#7112,.T.);
#7110 = VERTEX_POINT('',#7111);
#7111 = CARTESIAN_POINT('',(53.549999237061,-8.699999809265,0.));
#7112 = LINE('',#7113,#7114);
#7113 = CARTESIAN_POINT('',(53.549999237061,-8.699999809265,0.));
#7114 = VECTOR('',#7115,1.);
#7115 = DIRECTION('',(-0.995184810343,9.801629080556E-02,0.));
#7116 = ORIENTED_EDGE('',*,*,#7117,.F.);
#7117 = EDGE_CURVE('',#7118,#7110,#7120,.T.);
#7118 = VERTEX_POINT('',#7119);
#7119 = CARTESIAN_POINT('',(54.047481536865,-8.651002883911,0.));
#7120 = LINE('',#7121,#7122);
#7121 = CARTESIAN_POINT('',(54.047481536865,-8.651002883911,0.));
#7122 = VECTOR('',#7123,1.);
#7123 = DIRECTION('',(-0.995184883656,-9.801554643663E-02,0.));
#7124 = ORIENTED_EDGE('',*,*,#7125,.F.);
#7125 = EDGE_CURVE('',#7126,#7118,#7128,.T.);
#7126 = VERTEX_POINT('',#7127);
#7127 = CARTESIAN_POINT('',(54.525844573975,-8.505892753601,0.));
#7128 = LINE('',#7129,#7130);
#7129 = CARTESIAN_POINT('',(54.525844573975,-8.505892753601,0.));
#7130 = VECTOR('',#7131,1.);
#7131 = DIRECTION('',(-0.95694017489,-0.290285207478,0.));
#7132 = ORIENTED_EDGE('',*,*,#7133,.F.);
#7133 = EDGE_CURVE('',#7134,#7126,#7136,.T.);
#7134 = VERTEX_POINT('',#7135);
#7135 = CARTESIAN_POINT('',(54.966705322266,-8.270247459412,0.));
#7136 = LINE('',#7137,#7138);
#7137 = CARTESIAN_POINT('',(54.966705322266,-8.270247459412,0.));
#7138 = VECTOR('',#7139,1.);
#7139 = DIRECTION('',(-0.881921002522,-0.471397226668,0.));
#7140 = ORIENTED_EDGE('',*,*,#7141,.F.);
#7141 = EDGE_CURVE('',#7142,#7134,#7144,.T.);
#7142 = VERTEX_POINT('',#7143);
#7143 = CARTESIAN_POINT('',(55.353122711182,-7.953122138977,0.));
#7144 = LINE('',#7145,#7146);
#7145 = CARTESIAN_POINT('',(55.353122711182,-7.953122138977,0.));
#7146 = VECTOR('',#7147,1.);
#7147 = DIRECTION('',(-0.773009702947,-0.634394198547,0.));
#7148 = ORIENTED_EDGE('',*,*,#7149,.F.);
#7149 = EDGE_CURVE('',#7150,#7142,#7152,.T.);
#7150 = VERTEX_POINT('',#7151);
#7151 = CARTESIAN_POINT('',(55.670246124268,-7.566704273224,0.));
#7152 = LINE('',#7153,#7154);
#7153 = CARTESIAN_POINT('',(55.670246124268,-7.566704273224,0.));
#7154 = VECTOR('',#7155,1.);
#7155 = DIRECTION('',(-0.634391450792,-0.773011957968,0.));
#7156 = ORIENTED_EDGE('',*,*,#7157,.F.);
#7157 = EDGE_CURVE('',#7158,#7150,#7160,.T.);
#7158 = VERTEX_POINT('',#7159);
#7159 = CARTESIAN_POINT('',(55.905891418457,-7.125842571259,0.));
#7160 = LINE('',#7161,#7162);
#7161 = CARTESIAN_POINT('',(55.905891418457,-7.125842571259,0.));
#7162 = VECTOR('',#7163,1.);
#7163 = DIRECTION('',(-0.471396433538,-0.881921426459,0.));
#7164 = ORIENTED_EDGE('',*,*,#7165,.F.);
#7165 = EDGE_CURVE('',#7166,#7158,#7168,.T.);
#7166 = VERTEX_POINT('',#7167);
#7167 = CARTESIAN_POINT('',(56.051002502441,-6.647480487823,0.));
#7168 = LINE('',#7169,#7170);
#7169 = CARTESIAN_POINT('',(56.051002502441,-6.647480487823,0.));
#7170 = VECTOR('',#7171,1.);
#7171 = DIRECTION('',(-0.290287484449,-0.956939484175,0.));
#7172 = ORIENTED_EDGE('',*,*,#7173,.F.);
#7173 = EDGE_CURVE('',#7174,#7166,#7176,.T.);
#7174 = VERTEX_POINT('',#7175);
#7175 = CARTESIAN_POINT('',(56.099998474121,-6.150000095367,0.));
#7176 = LINE('',#7177,#7178);
#7177 = CARTESIAN_POINT('',(56.099998474121,-6.150000095367,0.));
#7178 = VECTOR('',#7179,1.);
#7179 = DIRECTION('',(-9.801402916925E-02,-0.99518503309,0.));
#7180 = ORIENTED_EDGE('',*,*,#7181,.F.);
#7181 = EDGE_CURVE('',#6934,#7174,#7182,.T.);
#7182 = LINE('',#7183,#7184);
#7183 = CARTESIAN_POINT('',(56.051002502441,-5.652519702911,0.));
#7184 = VECTOR('',#7185,1.);
#7185 = DIRECTION('',(9.801402916925E-02,-0.99518503309,0.));
#7186 = FACE_BOUND('',#7187,.F.);
#7187 = EDGE_LOOP('',(#7188,#7198,#7206,#7214,#7222,#7230,#7238,#7246,
    #7254,#7262,#7270,#7278,#7286,#7294,#7302,#7310,#7318,#7326,#7334,
    #7342,#7350,#7358,#7366,#7374,#7382,#7390,#7398,#7406,#7414,#7422,
    #7430,#7438));
#7188 = ORIENTED_EDGE('',*,*,#7189,.F.);
#7189 = EDGE_CURVE('',#7190,#7192,#7194,.T.);
#7190 = VERTEX_POINT('',#7191);
#7191 = CARTESIAN_POINT('',(4.094107151031,-52.27415847778,0.));
#7192 = VERTEX_POINT('',#7193);
#7193 = CARTESIAN_POINT('',(4.329752445221,-51.83329772949,0.));
#7194 = LINE('',#7195,#7196);
#7195 = CARTESIAN_POINT('',(4.094107151031,-52.27415847778,0.));
#7196 = VECTOR('',#7197,1.);
#7197 = DIRECTION('',(0.471397226668,0.881921002522,0.));
#7198 = ORIENTED_EDGE('',*,*,#7199,.F.);
#7199 = EDGE_CURVE('',#7200,#7190,#7202,.T.);
#7200 = VERTEX_POINT('',#7201);
#7201 = CARTESIAN_POINT('',(3.948997497559,-52.75252151489,0.));
#7202 = LINE('',#7203,#7204);
#7203 = CARTESIAN_POINT('',(3.948997497559,-52.75252151489,0.));
#7204 = VECTOR('',#7205,1.);
#7205 = DIRECTION('',(0.29028433397,0.956940439866,0.));
#7206 = ORIENTED_EDGE('',*,*,#7207,.F.);
#7207 = EDGE_CURVE('',#7208,#7200,#7210,.T.);
#7208 = VERTEX_POINT('',#7209);
#7209 = CARTESIAN_POINT('',(3.900000095367,-53.25,0.));
#7210 = LINE('',#7211,#7212);
#7211 = CARTESIAN_POINT('',(3.900000095367,-53.25,0.));
#7212 = VECTOR('',#7213,1.);
#7213 = DIRECTION('',(9.80172355339E-02,0.995184717295,0.));
#7214 = ORIENTED_EDGE('',*,*,#7215,.F.);
#7215 = EDGE_CURVE('',#7216,#7208,#7218,.T.);
#7216 = VERTEX_POINT('',#7217);
#7217 = CARTESIAN_POINT('',(3.948997497559,-53.7474784851,0.));
#7218 = LINE('',#7219,#7220);
#7219 = CARTESIAN_POINT('',(3.948997497559,-53.7474784851,0.));
#7220 = VECTOR('',#7221,1.);
#7221 = DIRECTION('',(-9.80172355339E-02,0.995184717295,0.));
#7222 = ORIENTED_EDGE('',*,*,#7223,.F.);
#7223 = EDGE_CURVE('',#7224,#7216,#7226,.T.);
#7224 = VERTEX_POINT('',#7225);
#7225 = CARTESIAN_POINT('',(4.094107151031,-54.22584152221,0.));
#7226 = LINE('',#7227,#7228);
#7227 = CARTESIAN_POINT('',(4.094107151031,-54.22584152221,0.));
#7228 = VECTOR('',#7229,1.);
#7229 = DIRECTION('',(-0.29028433397,0.956940439866,0.));
#7230 = ORIENTED_EDGE('',*,*,#7231,.F.);
#7231 = EDGE_CURVE('',#7232,#7224,#7234,.T.);
#7232 = VERTEX_POINT('',#7233);
#7233 = CARTESIAN_POINT('',(4.329752445221,-54.6667022705,0.));
#7234 = LINE('',#7235,#7236);
#7235 = CARTESIAN_POINT('',(4.329752445221,-54.6667022705,0.));
#7236 = VECTOR('',#7237,1.);
#7237 = DIRECTION('',(-0.471397226668,0.881921002522,0.));
#7238 = ORIENTED_EDGE('',*,*,#7239,.F.);
#7239 = EDGE_CURVE('',#7240,#7232,#7242,.T.);
#7240 = VERTEX_POINT('',#7241);
#7241 = CARTESIAN_POINT('',(4.646877765656,-55.05312347412,0.));
#7242 = LINE('',#7243,#7244);
#7243 = CARTESIAN_POINT('',(4.646877765656,-55.05312347412,0.));
#7244 = VECTOR('',#7245,1.);
#7245 = DIRECTION('',(-0.634390456314,0.77301277411,0.));
#7246 = ORIENTED_EDGE('',*,*,#7247,.F.);
#7247 = EDGE_CURVE('',#7248,#7240,#7250,.T.);
#7248 = VERTEX_POINT('',#7249);
#7249 = CARTESIAN_POINT('',(5.033296108246,-55.3702468872,0.));
#7250 = LINE('',#7251,#7252);
#7251 = CARTESIAN_POINT('',(5.033296108246,-55.3702468872,0.));
#7252 = VECTOR('',#7253,1.);
#7253 = DIRECTION('',(-0.773012341864,0.634390983011,0.));
#7254 = ORIENTED_EDGE('',*,*,#7255,.F.);
#7255 = EDGE_CURVE('',#7256,#7248,#7258,.T.);
#7256 = VERTEX_POINT('',#7257);
#7257 = CARTESIAN_POINT('',(5.474157333374,-55.60589218139,0.));
#7258 = LINE('',#7259,#7260);
#7259 = CARTESIAN_POINT('',(5.474157333374,-55.60589218139,0.));
#7260 = VECTOR('',#7261,1.);
#7261 = DIRECTION('',(-0.881921214491,0.471396830103,0.));
#7262 = ORIENTED_EDGE('',*,*,#7263,.F.);
#7263 = EDGE_CURVE('',#7264,#7256,#7266,.T.);
#7264 = VERTEX_POINT('',#7265);
#7265 = CARTESIAN_POINT('',(5.952519893646,-55.75100326538,0.));
#7266 = LINE('',#7267,#7268);
#7267 = CARTESIAN_POINT('',(5.952519893646,-55.75100326538,0.));
#7268 = VECTOR('',#7269,1.);
#7269 = DIRECTION('',(-0.956939564556,0.290287219471,0.));
#7270 = ORIENTED_EDGE('',*,*,#7271,.F.);
#7271 = EDGE_CURVE('',#7272,#7264,#7274,.T.);
#7272 = VERTEX_POINT('',#7273);
#7273 = CARTESIAN_POINT('',(6.449999809265,-55.79999923706,0.));
#7274 = LINE('',#7275,#7276);
#7275 = CARTESIAN_POINT('',(6.449999809265,-55.79999923706,0.));
#7276 = VECTOR('',#7277,1.);
#7277 = DIRECTION('',(-0.995185023926,9.80141222137E-02,0.));
#7278 = ORIENTED_EDGE('',*,*,#7279,.F.);
#7279 = EDGE_CURVE('',#7280,#7272,#7282,.T.);
#7280 = VERTEX_POINT('',#7281);
#7281 = CARTESIAN_POINT('',(6.947480201721,-55.75100326538,0.));
#7282 = LINE('',#7283,#7284);
#7283 = CARTESIAN_POINT('',(6.947480201721,-55.75100326538,0.));
#7284 = VECTOR('',#7285,1.);
#7285 = DIRECTION('',(-0.99518503309,-9.801402916925E-02,0.));
#7286 = ORIENTED_EDGE('',*,*,#7287,.F.);
#7287 = EDGE_CURVE('',#7288,#7280,#7290,.T.);
#7288 = VERTEX_POINT('',#7289);
#7289 = CARTESIAN_POINT('',(7.425842761993,-55.60589218139,0.));
#7290 = LINE('',#7291,#7292);
#7291 = CARTESIAN_POINT('',(7.425842761993,-55.60589218139,0.));
#7292 = VECTOR('',#7293,1.);
#7293 = DIRECTION('',(-0.956939564556,-0.290287219471,0.));
#7294 = ORIENTED_EDGE('',*,*,#7295,.F.);
#7295 = EDGE_CURVE('',#7296,#7288,#7298,.T.);
#7296 = VERTEX_POINT('',#7297);
#7297 = CARTESIAN_POINT('',(7.866703987122,-55.3702468872,0.));
#7298 = LINE('',#7299,#7300);
#7299 = CARTESIAN_POINT('',(7.866703987122,-55.3702468872,0.));
#7300 = VECTOR('',#7301,1.);
#7301 = DIRECTION('',(-0.881921214491,-0.471396830103,0.));
#7302 = ORIENTED_EDGE('',*,*,#7303,.F.);
#7303 = EDGE_CURVE('',#7304,#7296,#7306,.T.);
#7304 = VERTEX_POINT('',#7305);
#7305 = CARTESIAN_POINT('',(8.253122329712,-55.05312347412,0.));
#7306 = LINE('',#7307,#7308);
#7307 = CARTESIAN_POINT('',(8.253122329712,-55.05312347412,0.));
#7308 = VECTOR('',#7309,1.);
#7309 = DIRECTION('',(-0.773012341864,-0.634390983011,0.));
#7310 = ORIENTED_EDGE('',*,*,#7311,.F.);
#7311 = EDGE_CURVE('',#7312,#7304,#7314,.T.);
#7312 = VERTEX_POINT('',#7313);
#7313 = CARTESIAN_POINT('',(8.570247650146,-54.6667022705,0.));
#7314 = LINE('',#7315,#7316);
#7315 = CARTESIAN_POINT('',(8.570247650146,-54.6667022705,0.));
#7316 = VECTOR('',#7317,1.);
#7317 = DIRECTION('',(-0.634390456314,-0.77301277411,0.));
#7318 = ORIENTED_EDGE('',*,*,#7319,.F.);
#7319 = EDGE_CURVE('',#7320,#7312,#7322,.T.);
#7320 = VERTEX_POINT('',#7321);
#7321 = CARTESIAN_POINT('',(8.805892944336,-54.22584152221,0.));
#7322 = LINE('',#7323,#7324);
#7323 = CARTESIAN_POINT('',(8.805892944336,-54.22584152221,0.));
#7324 = VECTOR('',#7325,1.);
#7325 = DIRECTION('',(-0.471397226668,-0.881921002522,0.));
#7326 = ORIENTED_EDGE('',*,*,#7327,.F.);
#7327 = EDGE_CURVE('',#7328,#7320,#7330,.T.);
#7328 = VERTEX_POINT('',#7329);
#7329 = CARTESIAN_POINT('',(8.951002120972,-53.7474784851,0.));
#7330 = LINE('',#7331,#7332);
#7331 = CARTESIAN_POINT('',(8.951002120972,-53.7474784851,0.));
#7332 = VECTOR('',#7333,1.);
#7333 = DIRECTION('',(-0.290283460461,-0.956940704842,0.));
#7334 = ORIENTED_EDGE('',*,*,#7335,.F.);
#7335 = EDGE_CURVE('',#7336,#7328,#7338,.T.);
#7336 = VERTEX_POINT('',#7337);
#7337 = CARTESIAN_POINT('',(9.,-53.25,0.));
#7338 = LINE('',#7339,#7340);
#7339 = CARTESIAN_POINT('',(9.,-53.25,0.));
#7340 = VECTOR('',#7341,1.);
#7341 = DIRECTION('',(-9.801818026197E-02,-0.995184624247,0.));
#7342 = ORIENTED_EDGE('',*,*,#7343,.F.);
#7343 = EDGE_CURVE('',#7344,#7336,#7346,.T.);
#7344 = VERTEX_POINT('',#7345);
#7345 = CARTESIAN_POINT('',(8.951002120972,-52.75252151489,0.));
#7346 = LINE('',#7347,#7348);
#7347 = CARTESIAN_POINT('',(8.951002120972,-52.75252151489,0.));
#7348 = VECTOR('',#7349,1.);
#7349 = DIRECTION('',(9.801818026197E-02,-0.995184624247,0.));
#7350 = ORIENTED_EDGE('',*,*,#7351,.F.);
#7351 = EDGE_CURVE('',#7352,#7344,#7354,.T.);
#7352 = VERTEX_POINT('',#7353);
#7353 = CARTESIAN_POINT('',(8.805892944336,-52.27415847778,0.));
#7354 = LINE('',#7355,#7356);
#7355 = CARTESIAN_POINT('',(8.805892944336,-52.27415847778,0.));
#7356 = VECTOR('',#7357,1.);
#7357 = DIRECTION('',(0.290283460461,-0.956940704842,0.));
#7358 = ORIENTED_EDGE('',*,*,#7359,.F.);
#7359 = EDGE_CURVE('',#7360,#7352,#7362,.T.);
#7360 = VERTEX_POINT('',#7361);
#7361 = CARTESIAN_POINT('',(8.570247650146,-51.83329772949,0.));
#7362 = LINE('',#7363,#7364);
#7363 = CARTESIAN_POINT('',(8.570247650146,-51.83329772949,0.));
#7364 = VECTOR('',#7365,1.);
#7365 = DIRECTION('',(0.471397226668,-0.881921002522,0.));
#7366 = ORIENTED_EDGE('',*,*,#7367,.F.);
#7367 = EDGE_CURVE('',#7368,#7360,#7370,.T.);
#7368 = VERTEX_POINT('',#7369);
#7369 = CARTESIAN_POINT('',(8.253122329712,-51.44687652587,0.));
#7370 = LINE('',#7371,#7372);
#7371 = CARTESIAN_POINT('',(8.253122329712,-51.44687652587,0.));
#7372 = VECTOR('',#7373,1.);
#7373 = DIRECTION('',(0.634390456314,-0.77301277411,0.));
#7374 = ORIENTED_EDGE('',*,*,#7375,.F.);
#7375 = EDGE_CURVE('',#7376,#7368,#7378,.T.);
#7376 = VERTEX_POINT('',#7377);
#7377 = CARTESIAN_POINT('',(7.866703987122,-51.12975311279,0.));
#7378 = LINE('',#7379,#7380);
#7379 = CARTESIAN_POINT('',(7.866703987122,-51.12975311279,0.));
#7380 = VECTOR('',#7381,1.);
#7381 = DIRECTION('',(0.773012341864,-0.634390983011,0.));
#7382 = ORIENTED_EDGE('',*,*,#7383,.F.);
#7383 = EDGE_CURVE('',#7384,#7376,#7386,.T.);
#7384 = VERTEX_POINT('',#7385);
#7385 = CARTESIAN_POINT('',(7.425842761993,-50.8941078186,0.));
#7386 = LINE('',#7387,#7388);
#7387 = CARTESIAN_POINT('',(7.425842761993,-50.8941078186,0.));
#7388 = VECTOR('',#7389,1.);
#7389 = DIRECTION('',(0.881921214491,-0.471396830103,0.));
#7390 = ORIENTED_EDGE('',*,*,#7391,.F.);
#7391 = EDGE_CURVE('',#7392,#7384,#7394,.T.);
#7392 = VERTEX_POINT('',#7393);
#7393 = CARTESIAN_POINT('',(6.947480201721,-50.74899673461,0.));
#7394 = LINE('',#7395,#7396);
#7395 = CARTESIAN_POINT('',(6.947480201721,-50.74899673461,0.));
#7396 = VECTOR('',#7397,1.);
#7397 = DIRECTION('',(0.956939564556,-0.290287219471,0.));
#7398 = ORIENTED_EDGE('',*,*,#7399,.F.);
#7399 = EDGE_CURVE('',#7400,#7392,#7402,.T.);
#7400 = VERTEX_POINT('',#7401);
#7401 = CARTESIAN_POINT('',(6.449999809265,-50.70000076293,0.));
#7402 = LINE('',#7403,#7404);
#7403 = CARTESIAN_POINT('',(6.449999809265,-50.70000076293,0.));
#7404 = VECTOR('',#7405,1.);
#7405 = DIRECTION('',(0.99518503309,-9.801402916925E-02,0.));
#7406 = ORIENTED_EDGE('',*,*,#7407,.F.);
#7407 = EDGE_CURVE('',#7408,#7400,#7410,.T.);
#7408 = VERTEX_POINT('',#7409);
#7409 = CARTESIAN_POINT('',(5.952519893646,-50.74899673461,0.));
#7410 = LINE('',#7411,#7412);
#7411 = CARTESIAN_POINT('',(5.952519893646,-50.74899673461,0.));
#7412 = VECTOR('',#7413,1.);
#7413 = DIRECTION('',(0.995185023926,9.80141222137E-02,0.));
#7414 = ORIENTED_EDGE('',*,*,#7415,.F.);
#7415 = EDGE_CURVE('',#7416,#7408,#7418,.T.);
#7416 = VERTEX_POINT('',#7417);
#7417 = CARTESIAN_POINT('',(5.474157333374,-50.8941078186,0.));
#7418 = LINE('',#7419,#7420);
#7419 = CARTESIAN_POINT('',(5.474157333374,-50.8941078186,0.));
#7420 = VECTOR('',#7421,1.);
#7421 = DIRECTION('',(0.956939564556,0.290287219471,0.));
#7422 = ORIENTED_EDGE('',*,*,#7423,.F.);
#7423 = EDGE_CURVE('',#7424,#7416,#7426,.T.);
#7424 = VERTEX_POINT('',#7425);
#7425 = CARTESIAN_POINT('',(5.033296108246,-51.12975311279,0.));
#7426 = LINE('',#7427,#7428);
#7427 = CARTESIAN_POINT('',(5.033296108246,-51.12975311279,0.));
#7428 = VECTOR('',#7429,1.);
#7429 = DIRECTION('',(0.881921214491,0.471396830103,0.));
#7430 = ORIENTED_EDGE('',*,*,#7431,.F.);
#7431 = EDGE_CURVE('',#7432,#7424,#7434,.T.);
#7432 = VERTEX_POINT('',#7433);
#7433 = CARTESIAN_POINT('',(4.646877765656,-51.44687652587,0.));
#7434 = LINE('',#7435,#7436);
#7435 = CARTESIAN_POINT('',(4.646877765656,-51.44687652587,0.));
#7436 = VECTOR('',#7437,1.);
#7437 = DIRECTION('',(0.773012341864,0.634390983011,0.));
#7438 = ORIENTED_EDGE('',*,*,#7439,.F.);
#7439 = EDGE_CURVE('',#7192,#7432,#7440,.T.);
#7440 = LINE('',#7441,#7442);
#7441 = CARTESIAN_POINT('',(4.329752445221,-51.83329772949,0.));
#7442 = VECTOR('',#7443,1.);
#7443 = DIRECTION('',(0.634390456314,0.77301277411,0.));
#7444 = FACE_BOUND('',#7445,.F.);
#7445 = EDGE_LOOP('',(#7446,#7456,#7464,#7472,#7480,#7488,#7496,#7504,
    #7512,#7520,#7528,#7536,#7544,#7552,#7560,#7568,#7576,#7584,#7592,
    #7600,#7608,#7616,#7624,#7632,#7640,#7648,#7656,#7664,#7672,#7680,
    #7688,#7696));
#7446 = ORIENTED_EDGE('',*,*,#7447,.F.);
#7447 = EDGE_CURVE('',#7448,#7450,#7452,.T.);
#7448 = VERTEX_POINT('',#7449);
#7449 = CARTESIAN_POINT('',(55.905891418457,-54.22584152221,0.));
#7450 = VERTEX_POINT('',#7451);
#7451 = CARTESIAN_POINT('',(55.670246124268,-54.6667022705,0.));
#7452 = LINE('',#7453,#7454);
#7453 = CARTESIAN_POINT('',(55.905891418457,-54.22584152221,0.));
#7454 = VECTOR('',#7455,1.);
#7455 = DIRECTION('',(-0.471397226668,-0.881921002522,0.));
#7456 = ORIENTED_EDGE('',*,*,#7457,.F.);
#7457 = EDGE_CURVE('',#7458,#7448,#7460,.T.);
#7458 = VERTEX_POINT('',#7459);
#7459 = CARTESIAN_POINT('',(56.051002502441,-53.7474784851,0.));
#7460 = LINE('',#7461,#7462);
#7461 = CARTESIAN_POINT('',(56.051002502441,-53.7474784851,0.));
#7462 = VECTOR('',#7463,1.);
#7463 = DIRECTION('',(-0.290286954493,-0.956939644937,0.));
#7464 = ORIENTED_EDGE('',*,*,#7465,.F.);
#7465 = EDGE_CURVE('',#7466,#7458,#7468,.T.);
#7466 = VERTEX_POINT('',#7467);
#7467 = CARTESIAN_POINT('',(56.099998474121,-53.25,0.));
#7468 = LINE('',#7469,#7470);
#7469 = CARTESIAN_POINT('',(56.099998474121,-53.25,0.));
#7470 = VECTOR('',#7471,1.);
#7471 = DIRECTION('',(-9.801440134808E-02,-0.995184996435,0.));
#7472 = ORIENTED_EDGE('',*,*,#7473,.F.);
#7473 = EDGE_CURVE('',#7474,#7466,#7476,.T.);
#7474 = VERTEX_POINT('',#7475);
#7475 = CARTESIAN_POINT('',(56.051002502441,-52.75252151489,0.));
#7476 = LINE('',#7477,#7478);
#7477 = CARTESIAN_POINT('',(56.051002502441,-52.75252151489,0.));
#7478 = VECTOR('',#7479,1.);
#7479 = DIRECTION('',(9.801440134808E-02,-0.995184996435,0.));
#7480 = ORIENTED_EDGE('',*,*,#7481,.F.);
#7481 = EDGE_CURVE('',#7482,#7474,#7484,.T.);
#7482 = VERTEX_POINT('',#7483);
#7483 = CARTESIAN_POINT('',(55.905891418457,-52.27415847778,0.));
#7484 = LINE('',#7485,#7486);
#7485 = CARTESIAN_POINT('',(55.905891418457,-52.27415847778,0.));
#7486 = VECTOR('',#7487,1.);
#7487 = DIRECTION('',(0.290286954493,-0.956939644937,0.));
#7488 = ORIENTED_EDGE('',*,*,#7489,.F.);
#7489 = EDGE_CURVE('',#7490,#7482,#7492,.T.);
#7490 = VERTEX_POINT('',#7491);
#7491 = CARTESIAN_POINT('',(55.670246124268,-51.83329772949,0.));
#7492 = LINE('',#7493,#7494);
#7493 = CARTESIAN_POINT('',(55.670246124268,-51.83329772949,0.));
#7494 = VECTOR('',#7495,1.);
#7495 = DIRECTION('',(0.471397226668,-0.881921002522,0.));
#7496 = ORIENTED_EDGE('',*,*,#7497,.F.);
#7497 = EDGE_CURVE('',#7498,#7490,#7500,.T.);
#7498 = VERTEX_POINT('',#7499);
#7499 = CARTESIAN_POINT('',(55.353122711182,-51.44687652587,0.));
#7500 = LINE('',#7501,#7502);
#7501 = CARTESIAN_POINT('',(55.353122711182,-51.44687652587,0.));
#7502 = VECTOR('',#7503,1.);
#7503 = DIRECTION('',(0.634388176336,-0.77301464522,0.));
#7504 = ORIENTED_EDGE('',*,*,#7505,.F.);
#7505 = EDGE_CURVE('',#7506,#7498,#7508,.T.);
#7506 = VERTEX_POINT('',#7507);
#7507 = CARTESIAN_POINT('',(54.966705322266,-51.12975311279,0.));
#7508 = LINE('',#7509,#7510);
#7509 = CARTESIAN_POINT('',(54.966705322266,-51.12975311279,0.));
#7510 = VECTOR('',#7511,1.);
#7511 = DIRECTION('',(0.773011574072,-0.634391918573,0.));
#7512 = ORIENTED_EDGE('',*,*,#7513,.F.);
#7513 = EDGE_CURVE('',#7514,#7506,#7516,.T.);
#7514 = VERTEX_POINT('',#7515);
#7515 = CARTESIAN_POINT('',(54.525844573975,-50.8941078186,0.));
#7516 = LINE('',#7517,#7518);
#7517 = CARTESIAN_POINT('',(54.525844573975,-50.8941078186,0.));
#7518 = VECTOR('',#7519,1.);
#7519 = DIRECTION('',(0.881921002522,-0.471397226668,0.));
#7520 = ORIENTED_EDGE('',*,*,#7521,.F.);
#7521 = EDGE_CURVE('',#7522,#7514,#7524,.T.);
#7522 = VERTEX_POINT('',#7523);
#7523 = CARTESIAN_POINT('',(54.047481536865,-50.74899673461,0.));
#7524 = LINE('',#7525,#7526);
#7525 = CARTESIAN_POINT('',(54.047481536865,-50.74899673461,0.));
#7526 = VECTOR('',#7527,1.);
#7527 = DIRECTION('',(0.956939644937,-0.290286954493,0.));
#7528 = ORIENTED_EDGE('',*,*,#7529,.F.);
#7529 = EDGE_CURVE('',#7530,#7522,#7532,.T.);
#7530 = VERTEX_POINT('',#7531);
#7531 = CARTESIAN_POINT('',(53.549999237061,-50.70000076293,0.));
#7532 = LINE('',#7533,#7534);
#7533 = CARTESIAN_POINT('',(53.549999237061,-50.70000076293,0.));
#7534 = VECTOR('',#7535,1.);
#7535 = DIRECTION('',(0.995185069745,-9.801365699323E-02,0.));
#7536 = ORIENTED_EDGE('',*,*,#7537,.F.);
#7537 = EDGE_CURVE('',#7538,#7530,#7540,.T.);
#7538 = VERTEX_POINT('',#7539);
#7539 = CARTESIAN_POINT('',(53.052520751953,-50.74899673461,0.));
#7540 = LINE('',#7541,#7542);
#7541 = CARTESIAN_POINT('',(53.052520751953,-50.74899673461,0.));
#7542 = VECTOR('',#7543,1.);
#7543 = DIRECTION('',(0.995184996435,9.801440134808E-02,0.));
#7544 = ORIENTED_EDGE('',*,*,#7545,.F.);
#7545 = EDGE_CURVE('',#7546,#7538,#7548,.T.);
#7546 = VERTEX_POINT('',#7547);
#7547 = CARTESIAN_POINT('',(52.574157714844,-50.8941078186,0.));
#7548 = LINE('',#7549,#7550);
#7549 = CARTESIAN_POINT('',(52.574157714844,-50.8941078186,0.));
#7550 = VECTOR('',#7551,1.);
#7551 = DIRECTION('',(0.956939644937,0.290286954493,0.));
#7552 = ORIENTED_EDGE('',*,*,#7553,.F.);
#7553 = EDGE_CURVE('',#7554,#7546,#7556,.T.);
#7554 = VERTEX_POINT('',#7555);
#7555 = CARTESIAN_POINT('',(52.133296966553,-51.12975311279,0.));
#7556 = LINE('',#7557,#7558);
#7557 = CARTESIAN_POINT('',(52.133296966553,-51.12975311279,0.));
#7558 = VECTOR('',#7559,1.);
#7559 = DIRECTION('',(0.881921002522,0.471397226668,0.));
#7560 = ORIENTED_EDGE('',*,*,#7561,.F.);
#7561 = EDGE_CURVE('',#7562,#7554,#7564,.T.);
#7562 = VERTEX_POINT('',#7563);
#7563 = CARTESIAN_POINT('',(51.746879577637,-51.44687652587,0.));
#7564 = LINE('',#7565,#7566);
#7565 = CARTESIAN_POINT('',(51.746879577637,-51.44687652587,0.));
#7566 = VECTOR('',#7567,1.);
#7567 = DIRECTION('',(0.773011574072,0.634391918573,0.));
#7568 = ORIENTED_EDGE('',*,*,#7569,.F.);
#7569 = EDGE_CURVE('',#7570,#7562,#7572,.T.);
#7570 = VERTEX_POINT('',#7571);
#7571 = CARTESIAN_POINT('',(51.429752349854,-51.83329772949,0.));
#7572 = LINE('',#7573,#7574);
#7573 = CARTESIAN_POINT('',(51.429752349854,-51.83329772949,0.));
#7574 = VECTOR('',#7575,1.);
#7575 = DIRECTION('',(0.634392736276,0.773010903002,0.));
#7576 = ORIENTED_EDGE('',*,*,#7577,.F.);
#7577 = EDGE_CURVE('',#7578,#7570,#7580,.T.);
#7578 = VERTEX_POINT('',#7579);
#7579 = CARTESIAN_POINT('',(51.194107055664,-52.27415847778,0.));
#7580 = LINE('',#7581,#7582);
#7581 = CARTESIAN_POINT('',(51.194107055664,-52.27415847778,0.));
#7582 = VECTOR('',#7583,1.);
#7583 = DIRECTION('',(0.471397226668,0.881921002522,0.));
#7584 = ORIENTED_EDGE('',*,*,#7585,.F.);
#7585 = EDGE_CURVE('',#7586,#7578,#7588,.T.);
#7586 = VERTEX_POINT('',#7587);
#7587 = CARTESIAN_POINT('',(51.04899597168,-52.75252151489,0.));
#7588 = LINE('',#7589,#7590);
#7589 = CARTESIAN_POINT('',(51.04899597168,-52.75252151489,0.));
#7590 = VECTOR('',#7591,1.);
#7591 = DIRECTION('',(0.290286954493,0.956939644937,0.));
#7592 = ORIENTED_EDGE('',*,*,#7593,.F.);
#7593 = EDGE_CURVE('',#7594,#7586,#7596,.T.);
#7594 = VERTEX_POINT('',#7595);
#7595 = CARTESIAN_POINT('',(51.,-53.25,0.));
#7596 = LINE('',#7597,#7598);
#7597 = CARTESIAN_POINT('',(51.,-53.25,0.));
#7598 = VECTOR('',#7599,1.);
#7599 = DIRECTION('',(9.801440134808E-02,0.995184996435,0.));
#7600 = ORIENTED_EDGE('',*,*,#7601,.F.);
#7601 = EDGE_CURVE('',#7602,#7594,#7604,.T.);
#7602 = VERTEX_POINT('',#7603);
#7603 = CARTESIAN_POINT('',(51.04899597168,-53.7474784851,0.));
#7604 = LINE('',#7605,#7606);
#7605 = CARTESIAN_POINT('',(51.04899597168,-53.7474784851,0.));
#7606 = VECTOR('',#7607,1.);
#7607 = DIRECTION('',(-9.801440134808E-02,0.995184996435,0.));
#7608 = ORIENTED_EDGE('',*,*,#7609,.F.);
#7609 = EDGE_CURVE('',#7610,#7602,#7612,.T.);
#7610 = VERTEX_POINT('',#7611);
#7611 = CARTESIAN_POINT('',(51.194107055664,-54.22584152221,0.));
#7612 = LINE('',#7613,#7614);
#7613 = CARTESIAN_POINT('',(51.194107055664,-54.22584152221,0.));
#7614 = VECTOR('',#7615,1.);
#7615 = DIRECTION('',(-0.290286954493,0.956939644937,0.));
#7616 = ORIENTED_EDGE('',*,*,#7617,.F.);
#7617 = EDGE_CURVE('',#7618,#7610,#7620,.T.);
#7618 = VERTEX_POINT('',#7619);
#7619 = CARTESIAN_POINT('',(51.429752349854,-54.6667022705,0.));
#7620 = LINE('',#7621,#7622);
#7621 = CARTESIAN_POINT('',(51.429752349854,-54.6667022705,0.));
#7622 = VECTOR('',#7623,1.);
#7623 = DIRECTION('',(-0.471397226668,0.881921002522,0.));
#7624 = ORIENTED_EDGE('',*,*,#7625,.F.);
#7625 = EDGE_CURVE('',#7626,#7618,#7628,.T.);
#7626 = VERTEX_POINT('',#7627);
#7627 = CARTESIAN_POINT('',(51.746879577637,-55.05312347412,0.));
#7628 = LINE('',#7629,#7630);
#7629 = CARTESIAN_POINT('',(51.746879577637,-55.05312347412,0.));
#7630 = VECTOR('',#7631,1.);
#7631 = DIRECTION('',(-0.634392736276,0.773010903002,0.));
#7632 = ORIENTED_EDGE('',*,*,#7633,.F.);
#7633 = EDGE_CURVE('',#7634,#7626,#7636,.T.);
#7634 = VERTEX_POINT('',#7635);
#7635 = CARTESIAN_POINT('',(52.133296966553,-55.3702468872,0.));
#7636 = LINE('',#7637,#7638);
#7637 = CARTESIAN_POINT('',(52.133296966553,-55.3702468872,0.));
#7638 = VECTOR('',#7639,1.);
#7639 = DIRECTION('',(-0.773011574072,0.634391918573,0.));
#7640 = ORIENTED_EDGE('',*,*,#7641,.F.);
#7641 = EDGE_CURVE('',#7642,#7634,#7644,.T.);
#7642 = VERTEX_POINT('',#7643);
#7643 = CARTESIAN_POINT('',(52.574157714844,-55.60589218139,0.));
#7644 = LINE('',#7645,#7646);
#7645 = CARTESIAN_POINT('',(52.574157714844,-55.60589218139,0.));
#7646 = VECTOR('',#7647,1.);
#7647 = DIRECTION('',(-0.881921002522,0.471397226668,0.));
#7648 = ORIENTED_EDGE('',*,*,#7649,.F.);
#7649 = EDGE_CURVE('',#7650,#7642,#7652,.T.);
#7650 = VERTEX_POINT('',#7651);
#7651 = CARTESIAN_POINT('',(53.052520751953,-55.75100326538,0.));
#7652 = LINE('',#7653,#7654);
#7653 = CARTESIAN_POINT('',(53.052520751953,-55.75100326538,0.));
#7654 = VECTOR('',#7655,1.);
#7655 = DIRECTION('',(-0.956939644937,0.290286954493,0.));
#7656 = ORIENTED_EDGE('',*,*,#7657,.F.);
#7657 = EDGE_CURVE('',#7658,#7650,#7660,.T.);
#7658 = VERTEX_POINT('',#7659);
#7659 = CARTESIAN_POINT('',(53.549999237061,-55.79999923706,0.));
#7660 = LINE('',#7661,#7662);
#7661 = CARTESIAN_POINT('',(53.549999237061,-55.79999923706,0.));
#7662 = VECTOR('',#7663,1.);
#7663 = DIRECTION('',(-0.995184996435,9.801440134808E-02,0.));
#7664 = ORIENTED_EDGE('',*,*,#7665,.F.);
#7665 = EDGE_CURVE('',#7666,#7658,#7668,.T.);
#7666 = VERTEX_POINT('',#7667);
#7667 = CARTESIAN_POINT('',(54.047481536865,-55.75100326538,0.));
#7668 = LINE('',#7669,#7670);
#7669 = CARTESIAN_POINT('',(54.047481536865,-55.75100326538,0.));
#7670 = VECTOR('',#7671,1.);
#7671 = DIRECTION('',(-0.995185069745,-9.801365699323E-02,0.));
#7672 = ORIENTED_EDGE('',*,*,#7673,.F.);
#7673 = EDGE_CURVE('',#7674,#7666,#7676,.T.);
#7674 = VERTEX_POINT('',#7675);
#7675 = CARTESIAN_POINT('',(54.525844573975,-55.60589218139,0.));
#7676 = LINE('',#7677,#7678);
#7677 = CARTESIAN_POINT('',(54.525844573975,-55.60589218139,0.));
#7678 = VECTOR('',#7679,1.);
#7679 = DIRECTION('',(-0.956939644937,-0.290286954493,0.));
#7680 = ORIENTED_EDGE('',*,*,#7681,.F.);
#7681 = EDGE_CURVE('',#7682,#7674,#7684,.T.);
#7682 = VERTEX_POINT('',#7683);
#7683 = CARTESIAN_POINT('',(54.966705322266,-55.3702468872,0.));
#7684 = LINE('',#7685,#7686);
#7685 = CARTESIAN_POINT('',(54.966705322266,-55.3702468872,0.));
#7686 = VECTOR('',#7687,1.);
#7687 = DIRECTION('',(-0.881921002522,-0.471397226668,0.));
#7688 = ORIENTED_EDGE('',*,*,#7689,.F.);
#7689 = EDGE_CURVE('',#7690,#7682,#7692,.T.);
#7690 = VERTEX_POINT('',#7691);
#7691 = CARTESIAN_POINT('',(55.353122711182,-55.05312347412,0.));
#7692 = LINE('',#7693,#7694);
#7693 = CARTESIAN_POINT('',(55.353122711182,-55.05312347412,0.));
#7694 = VECTOR('',#7695,1.);
#7695 = DIRECTION('',(-0.773011574072,-0.634391918573,0.));
#7696 = ORIENTED_EDGE('',*,*,#7697,.F.);
#7697 = EDGE_CURVE('',#7450,#7690,#7698,.T.);
#7698 = LINE('',#7699,#7700);
#7699 = CARTESIAN_POINT('',(55.670246124268,-54.6667022705,0.));
#7700 = VECTOR('',#7701,1.);
#7701 = DIRECTION('',(-0.634388176336,-0.77301464522,0.));
#7702 = PLANE('',#7703);
#7703 = AXIS2_PLACEMENT_3D('',#7704,#7705,#7706);
#7704 = CARTESIAN_POINT('',(30.000000088363,-48.2500004909,0.));
#7705 = DIRECTION('',(-0.,-0.,-1.));
#7706 = DIRECTION('',(-1.,0.,0.));
#7707 = ADVANCED_FACE('',(#7708),#7733,.F.);
#7708 = FACE_BOUND('',#7709,.F.);
#7709 = EDGE_LOOP('',(#7710,#7718,#7719,#7727));
#7710 = ORIENTED_EDGE('',*,*,#7711,.F.);
#7711 = EDGE_CURVE('',#3984,#7712,#7714,.T.);
#7712 = VERTEX_POINT('',#7713);
#7713 = CARTESIAN_POINT('',(0.,-4.599999904633,3.));
#7714 = LINE('',#7715,#7716);
#7715 = CARTESIAN_POINT('',(0.,-4.599999904633,0.));
#7716 = VECTOR('',#7717,1.);
#7717 = DIRECTION('',(0.,0.,1.));
#7718 = ORIENTED_EDGE('',*,*,#3983,.F.);
#7719 = ORIENTED_EDGE('',*,*,#7720,.F.);
#7720 = EDGE_CURVE('',#7721,#3976,#7723,.T.);
#7721 = VERTEX_POINT('',#7722);
#7722 = CARTESIAN_POINT('',(0.,-91.90000152587,3.));
#7723 = LINE('',#7724,#7725);
#7724 = CARTESIAN_POINT('',(0.,-91.90000152587,3.));
#7725 = VECTOR('',#7726,1.);
#7726 = DIRECTION('',(0.,0.,-1.));
#7727 = ORIENTED_EDGE('',*,*,#7728,.F.);
#7728 = EDGE_CURVE('',#7712,#7721,#7729,.T.);
#7729 = LINE('',#7730,#7731);
#7730 = CARTESIAN_POINT('',(0.,-4.599999904633,3.));
#7731 = VECTOR('',#7732,1.);
#7732 = DIRECTION('',(0.,-1.,0.));
#7733 = PLANE('',#7734);
#7734 = AXIS2_PLACEMENT_3D('',#7735,#7736,#7737);
#7735 = CARTESIAN_POINT('',(0.,-48.25000071525,1.5));
#7736 = DIRECTION('',(-1.,-0.,-0.));
#7737 = DIRECTION('',(0.,0.,-1.));
#7738 = ADVANCED_FACE('',(#7739,#8020,#9238,#9495,#9769,#10043,#10300,
    #10574,#10832,#11090,#11348),#11606,.F.);
#7739 = FACE_BOUND('',#7740,.F.);
#7740 = EDGE_LOOP('',(#7741,#7742,#7750,#7758,#7766,#7774,#7782,#7790,
    #7798,#7806,#7814,#7822,#7830,#7838,#7846,#7854,#7862,#7870,#7878,
    #7886,#7894,#7902,#7910,#7918,#7926,#7934,#7942,#7950,#7958,#7966,
    #7974,#7982,#7990,#7998,#8006,#8014));
#7741 = ORIENTED_EDGE('',*,*,#7728,.T.);
#7742 = ORIENTED_EDGE('',*,*,#7743,.T.);
#7743 = EDGE_CURVE('',#7721,#7744,#7746,.T.);
#7744 = VERTEX_POINT('',#7745);
#7745 = CARTESIAN_POINT('',(8.838774263859E-02,-92.79741668701,3.));
#7746 = LINE('',#7747,#7748);
#7747 = CARTESIAN_POINT('',(0.,-91.90000152587,3.));
#7748 = VECTOR('',#7749,1.);
#7749 = DIRECTION('',(9.801721064727E-02,-0.995184719747,0.));
#7750 = ORIENTED_EDGE('',*,*,#7751,.T.);
#7751 = EDGE_CURVE('',#7744,#7752,#7754,.T.);
#7752 = VERTEX_POINT('',#7753);
#7753 = CARTESIAN_POINT('',(0.350154191256,-93.66034698486,3.));
#7754 = LINE('',#7755,#7756);
#7755 = CARTESIAN_POINT('',(8.838774263859E-02,-92.79741668701,3.));
#7756 = VECTOR('',#7757,1.);
#7757 = DIRECTION('',(0.290284072606,-0.95694051915,0.));
#7758 = ORIENTED_EDGE('',*,*,#7759,.T.);
#7759 = EDGE_CURVE('',#7752,#7760,#7762,.T.);
#7760 = VERTEX_POINT('',#7761);
#7761 = CARTESIAN_POINT('',(0.775239765644,-94.45561981201,3.));
#7762 = LINE('',#7763,#7764);
#7763 = CARTESIAN_POINT('',(0.350154191256,-93.66034698486,3.));
#7764 = VECTOR('',#7765,1.);
#7765 = DIRECTION('',(0.471399662651,-0.881919700456,0.));
#7766 = ORIENTED_EDGE('',*,*,#7767,.T.);
#7767 = EDGE_CURVE('',#7760,#7768,#7770,.T.);
#7768 = VERTEX_POINT('',#7769);
#7769 = CARTESIAN_POINT('',(1.34730887413,-95.15269470214,3.));
#7770 = LINE('',#7771,#7772);
#7771 = CARTESIAN_POINT('',(0.775239765644,-94.45561981201,3.));
#7772 = VECTOR('',#7773,1.);
#7773 = DIRECTION('',(0.634389659863,-0.773013427736,0.));
#7774 = ORIENTED_EDGE('',*,*,#7775,.T.);
#7775 = EDGE_CURVE('',#7768,#7776,#7778,.T.);
#7776 = VERTEX_POINT('',#7777);
#7777 = CARTESIAN_POINT('',(2.044376850128,-95.72476196289,3.));
#7778 = LINE('',#7779,#7780);
#7779 = CARTESIAN_POINT('',(1.34730887413,-95.15269470214,3.));
#7780 = VECTOR('',#7781,1.);
#7781 = DIRECTION('',(0.773011346817,-0.634392195485,0.));
#7782 = ORIENTED_EDGE('',*,*,#7783,.T.);
#7783 = EDGE_CURVE('',#7776,#7784,#7786,.T.);
#7784 = VERTEX_POINT('',#7785);
#7785 = CARTESIAN_POINT('',(2.839656352997,-96.14984893798,3.));
#7786 = LINE('',#7787,#7788);
#7787 = CARTESIAN_POINT('',(2.044376850128,-95.72476196289,3.));
#7788 = VECTOR('',#7789,1.);
#7789 = DIRECTION('',(0.881920699765,-0.471397793086,0.));
#7790 = ORIENTED_EDGE('',*,*,#7791,.T.);
#7791 = EDGE_CURVE('',#7784,#7792,#7794,.T.);
#7792 = VERTEX_POINT('',#7793);
#7793 = CARTESIAN_POINT('',(3.702584505081,-96.41161346435,3.));
#7794 = LINE('',#7795,#7796);
#7795 = CARTESIAN_POINT('',(2.839656352997,-96.14984893798,3.));
#7796 = VECTOR('',#7797,1.);
#7797 = DIRECTION('',(0.956940910783,-0.290282781559,0.));
#7798 = ORIENTED_EDGE('',*,*,#7799,.T.);
#7799 = EDGE_CURVE('',#7792,#7800,#7802,.T.);
#7800 = VERTEX_POINT('',#7801);
#7801 = CARTESIAN_POINT('',(4.599999904633,-96.5,3.));
#7802 = LINE('',#7803,#7804);
#7803 = CARTESIAN_POINT('',(3.702584505081,-96.41161346435,3.));
#7804 = VECTOR('',#7805,1.);
#7805 = DIRECTION('',(0.995184852849,-9.801585922552E-02,0.));
#7806 = ORIENTED_EDGE('',*,*,#7807,.T.);
#7807 = EDGE_CURVE('',#7800,#7808,#7810,.T.);
#7808 = VERTEX_POINT('',#7809);
#7809 = CARTESIAN_POINT('',(55.400001525879,-96.5,3.));
#7810 = LINE('',#7811,#7812);
#7811 = CARTESIAN_POINT('',(4.599999904633,-96.5,3.));
#7812 = VECTOR('',#7813,1.);
#7813 = DIRECTION('',(1.,0.,0.));
#7814 = ORIENTED_EDGE('',*,*,#7815,.T.);
#7815 = EDGE_CURVE('',#7808,#7816,#7818,.T.);
#7816 = VERTEX_POINT('',#7817);
#7817 = CARTESIAN_POINT('',(56.297416687012,-96.41161346435,3.));
#7818 = LINE('',#7819,#7820);
#7819 = CARTESIAN_POINT('',(55.400001525879,-96.5,3.));
#7820 = VECTOR('',#7821,1.);
#7821 = DIRECTION('',(0.995184850309,9.801588501548E-02,0.));
#7822 = ORIENTED_EDGE('',*,*,#7823,.T.);
#7823 = EDGE_CURVE('',#7816,#7824,#7826,.T.);
#7824 = VERTEX_POINT('',#7825);
#7825 = CARTESIAN_POINT('',(57.160343170166,-96.14984893798,3.));
#7826 = LINE('',#7827,#7828);
#7827 = CARTESIAN_POINT('',(56.297416687012,-96.41161346435,3.));
#7828 = VECTOR('',#7829,1.);
#7829 = DIRECTION('',(0.956940754831,0.290283295669,0.));
#7830 = ORIENTED_EDGE('',*,*,#7831,.T.);
#7831 = EDGE_CURVE('',#7824,#7832,#7834,.T.);
#7832 = VERTEX_POINT('',#7833);
#7833 = CARTESIAN_POINT('',(57.955623626709,-95.72476196289,3.));
#7834 = LINE('',#7835,#7836);
#7835 = CARTESIAN_POINT('',(57.160343170166,-96.14984893798,3.));
#7836 = VECTOR('',#7837,1.);
#7837 = DIRECTION('',(0.881920934774,0.471397353416,0.));
#7838 = ORIENTED_EDGE('',*,*,#7839,.T.);
#7839 = EDGE_CURVE('',#7832,#7840,#7842,.T.);
#7840 = VERTEX_POINT('',#7841);
#7841 = CARTESIAN_POINT('',(58.652690887451,-95.15269470214,3.));
#7842 = LINE('',#7843,#7844);
#7843 = CARTESIAN_POINT('',(57.955623626709,-95.72476196289,3.));
#7844 = VECTOR('',#7845,1.);
#7845 = DIRECTION('',(0.773011027598,0.634392584455,0.));
#7846 = ORIENTED_EDGE('',*,*,#7847,.T.);
#7847 = EDGE_CURVE('',#7840,#7848,#7850,.T.);
#7848 = VERTEX_POINT('',#7849);
#7849 = CARTESIAN_POINT('',(59.224761962891,-94.45561981201,3.));
#7850 = LINE('',#7851,#7852);
#7851 = CARTESIAN_POINT('',(58.652690887451,-95.15269470214,3.));
#7852 = VECTOR('',#7853,1.);
#7853 = DIRECTION('',(0.634390963254,0.773012358078,0.));
#7854 = ORIENTED_EDGE('',*,*,#7855,.T.);
#7855 = EDGE_CURVE('',#7848,#7856,#7858,.T.);
#7856 = VERTEX_POINT('',#7857);
#7857 = CARTESIAN_POINT('',(59.649845123291,-93.66034698486,3.));
#7858 = LINE('',#7859,#7860);
#7859 = CARTESIAN_POINT('',(59.224761962891,-94.45561981201,3.));
#7860 = VECTOR('',#7861,1.);
#7861 = DIRECTION('',(0.471397580525,0.881920813381,0.));
#7862 = ORIENTED_EDGE('',*,*,#7863,.T.);
#7863 = EDGE_CURVE('',#7856,#7864,#7866,.T.);
#7864 = VERTEX_POINT('',#7865);
#7865 = CARTESIAN_POINT('',(59.911613464355,-92.79741668701,3.));
#7866 = LINE('',#7867,#7868);
#7867 = CARTESIAN_POINT('',(59.649845123291,-93.66034698486,3.));
#7868 = VECTOR('',#7869,1.);
#7869 = DIRECTION('',(0.290285994381,0.956939936185,0.));
#7870 = ORIENTED_EDGE('',*,*,#7871,.T.);
#7871 = EDGE_CURVE('',#7864,#7872,#7874,.T.);
#7872 = VERTEX_POINT('',#7873);
#7873 = CARTESIAN_POINT('',(60.,-91.90000152587,3.));
#7874 = LINE('',#7875,#7876);
#7875 = CARTESIAN_POINT('',(59.911613464355,-92.79741668701,3.));
#7876 = VECTOR('',#7877,1.);
#7877 = DIRECTION('',(9.801588501548E-02,0.995184850309,0.));
#7878 = ORIENTED_EDGE('',*,*,#7879,.F.);
#7879 = EDGE_CURVE('',#7880,#7872,#7882,.T.);
#7880 = VERTEX_POINT('',#7881);
#7881 = CARTESIAN_POINT('',(60.,-4.599999904633,3.));
#7882 = LINE('',#7883,#7884);
#7883 = CARTESIAN_POINT('',(60.,-4.599999904633,3.));
#7884 = VECTOR('',#7885,1.);
#7885 = DIRECTION('',(0.,-1.,0.));
#7886 = ORIENTED_EDGE('',*,*,#7887,.T.);
#7887 = EDGE_CURVE('',#7880,#7888,#7890,.T.);
#7888 = VERTEX_POINT('',#7889);
#7889 = CARTESIAN_POINT('',(59.911613464355,-3.702584505081,3.));
#7890 = LINE('',#7891,#7892);
#7891 = CARTESIAN_POINT('',(60.,-4.599999904633,3.));
#7892 = VECTOR('',#7893,1.);
#7893 = DIRECTION('',(-9.801585922552E-02,0.995184852849,0.));
#7894 = ORIENTED_EDGE('',*,*,#7895,.T.);
#7895 = EDGE_CURVE('',#7888,#7896,#7898,.T.);
#7896 = VERTEX_POINT('',#7897);
#7897 = CARTESIAN_POINT('',(59.649845123291,-2.839656114578,3.));
#7898 = LINE('',#7899,#7900);
#7899 = CARTESIAN_POINT('',(59.911613464355,-3.702584505081,3.));
#7900 = VECTOR('',#7901,1.);
#7901 = DIRECTION('',(-0.290286581939,0.95693975795,0.));
#7902 = ORIENTED_EDGE('',*,*,#7903,.T.);
#7903 = EDGE_CURVE('',#7896,#7904,#7906,.T.);
#7904 = VERTEX_POINT('',#7905);
#7905 = CARTESIAN_POINT('',(59.224761962891,-2.044376850128,3.));
#7906 = LINE('',#7907,#7908);
#7907 = CARTESIAN_POINT('',(59.649845123291,-2.839656114578,3.));
#7908 = VECTOR('',#7909,1.);
#7909 = DIRECTION('',(-0.471394612744,0.881922399691,0.));
#7910 = ORIENTED_EDGE('',*,*,#7911,.T.);
#7911 = EDGE_CURVE('',#7904,#7912,#7914,.T.);
#7912 = VERTEX_POINT('',#7913);
#7913 = CARTESIAN_POINT('',(58.652690887451,-1.347308754921,3.));
#7914 = LINE('',#7915,#7916);
#7915 = CARTESIAN_POINT('',(59.224761962891,-2.044376850128,3.));
#7916 = VECTOR('',#7917,1.);
#7917 = DIRECTION('',(-0.634394658446,0.773009325516,0.));
#7918 = ORIENTED_EDGE('',*,*,#7919,.T.);
#7919 = EDGE_CURVE('',#7912,#7920,#7922,.T.);
#7920 = VERTEX_POINT('',#7921);
#7921 = CARTESIAN_POINT('',(57.955623626709,-0.775239765644,3.));
#7922 = LINE('',#7923,#7924);
#7923 = CARTESIAN_POINT('',(58.652690887451,-1.347308754921,3.));
#7924 = VECTOR('',#7925,1.);
#7925 = DIRECTION('',(-0.773010087587,0.634393729862,0.));
#7926 = ORIENTED_EDGE('',*,*,#7927,.T.);
#7927 = EDGE_CURVE('',#7920,#7928,#7930,.T.);
#7928 = VERTEX_POINT('',#7929);
#7929 = CARTESIAN_POINT('',(57.160343170166,-0.350154101849,3.));
#7930 = LINE('',#7931,#7932);
#7931 = CARTESIAN_POINT('',(57.955623626709,-0.775239765644,3.));
#7932 = VECTOR('',#7933,1.);
#7933 = DIRECTION('',(-0.881921539319,0.471396222392,0.));
#7934 = ORIENTED_EDGE('',*,*,#7935,.T.);
#7935 = EDGE_CURVE('',#7928,#7936,#7938,.T.);
#7936 = VERTEX_POINT('',#7937);
#7937 = CARTESIAN_POINT('',(56.297416687012,-8.838772773743E-02,3.));
#7938 = LINE('',#7939,#7940);
#7939 = CARTESIAN_POINT('',(57.160343170166,-0.350154101849,3.));
#7940 = VECTOR('',#7941,1.);
#7941 = DIRECTION('',(-0.956940185635,0.290285172057,0.));
#7942 = ORIENTED_EDGE('',*,*,#7943,.T.);
#7943 = EDGE_CURVE('',#7936,#7944,#7946,.T.);
#7944 = VERTEX_POINT('',#7945);
#7945 = CARTESIAN_POINT('',(55.400001525879,-1.06581410364E-14,3.));
#7946 = LINE('',#7947,#7948);
#7947 = CARTESIAN_POINT('',(56.297416687012,-8.838772773743E-02,3.));
#7948 = VECTOR('',#7949,1.);
#7949 = DIRECTION('',(-0.995184721358,9.801719428144E-02,0.));
#7950 = ORIENTED_EDGE('',*,*,#7951,.F.);
#7951 = EDGE_CURVE('',#7952,#7944,#7954,.T.);
#7952 = VERTEX_POINT('',#7953);
#7953 = CARTESIAN_POINT('',(4.599999904633,0.,3.));
#7954 = LINE('',#7955,#7956);
#7955 = CARTESIAN_POINT('',(4.599999904633,0.,3.));
#7956 = VECTOR('',#7957,1.);
#7957 = DIRECTION('',(1.,-2.098059192176E-16,0.));
#7958 = ORIENTED_EDGE('',*,*,#7959,.T.);
#7959 = EDGE_CURVE('',#7952,#7960,#7962,.T.);
#7960 = VERTEX_POINT('',#7961);
#7961 = CARTESIAN_POINT('',(3.702584505081,-8.838772773743E-02,3.));
#7962 = LINE('',#7963,#7964);
#7963 = CARTESIAN_POINT('',(4.599999904633,0.,3.));
#7964 = VECTOR('',#7965,1.);
#7965 = DIRECTION('',(-0.995184723899,-9.801716849116E-02,0.));
#7966 = ORIENTED_EDGE('',*,*,#7967,.T.);
#7967 = EDGE_CURVE('',#7960,#7968,#7970,.T.);
#7968 = VERTEX_POINT('',#7969);
#7969 = CARTESIAN_POINT('',(2.839656352997,-0.350154101849,3.));
#7970 = LINE('',#7971,#7972);
#7971 = CARTESIAN_POINT('',(3.702584505081,-8.838772773743E-02,3.));
#7972 = VECTOR('',#7973,1.);
#7973 = DIRECTION('',(-0.95694034159,-0.290284657945,0.));
#7974 = ORIENTED_EDGE('',*,*,#7975,.T.);
#7975 = EDGE_CURVE('',#7968,#7976,#7978,.T.);
#7976 = VERTEX_POINT('',#7977);
#7977 = CARTESIAN_POINT('',(2.044376850128,-0.775239765644,3.));
#7978 = LINE('',#7979,#7980);
#7979 = CARTESIAN_POINT('',(2.839656352997,-0.350154101849,3.));
#7980 = VECTOR('',#7981,1.);
#7981 = DIRECTION('',(-0.881921304311,-0.471396662062,0.));
#7982 = ORIENTED_EDGE('',*,*,#7983,.T.);
#7983 = EDGE_CURVE('',#7976,#7984,#7986,.T.);
#7984 = VERTEX_POINT('',#7985);
#7985 = CARTESIAN_POINT('',(1.34730887413,-1.347308754921,3.));
#7986 = LINE('',#7987,#7988);
#7987 = CARTESIAN_POINT('',(2.044376850128,-0.775239765644,3.));
#7988 = VECTOR('',#7989,1.);
#7989 = DIRECTION('',(-0.773010406807,-0.634393340892,0.));
#7990 = ORIENTED_EDGE('',*,*,#7991,.T.);
#7991 = EDGE_CURVE('',#7984,#7992,#7994,.T.);
#7992 = VERTEX_POINT('',#7993);
#7993 = CARTESIAN_POINT('',(0.775239765644,-2.044376850128,3.));
#7994 = LINE('',#7995,#7996);
#7995 = CARTESIAN_POINT('',(1.34730887413,-1.347308754921,3.));
#7996 = VECTOR('',#7997,1.);
#7997 = DIRECTION('',(-0.634393355058,-0.773010395182,0.));
#7998 = ORIENTED_EDGE('',*,*,#7999,.T.);
#7999 = EDGE_CURVE('',#7992,#8000,#8002,.T.);
#8000 = VERTEX_POINT('',#8001);
#8001 = CARTESIAN_POINT('',(0.350154191256,-2.839656114578,3.));
#8002 = LINE('',#8003,#8004);
#8003 = CARTESIAN_POINT('',(0.775239765644,-2.044376850128,3.));
#8004 = VECTOR('',#8005,1.);
#8005 = DIRECTION('',(-0.471396694864,-0.881921286778,0.));
#8006 = ORIENTED_EDGE('',*,*,#8007,.T.);
#8007 = EDGE_CURVE('',#8000,#8008,#8010,.T.);
#8008 = VERTEX_POINT('',#8009);
#8009 = CARTESIAN_POINT('',(8.838774263859E-02,-3.702584505081,3.));
#8010 = LINE('',#8011,#8012);
#8011 = CARTESIAN_POINT('',(0.350154191256,-2.839656114578,3.));
#8012 = VECTOR('',#8013,1.);
#8013 = DIRECTION('',(-0.290284660161,-0.956940340917,0.));
#8014 = ORIENTED_EDGE('',*,*,#8015,.T.);
#8015 = EDGE_CURVE('',#8008,#7712,#8016,.T.);
#8016 = LINE('',#8017,#8018);
#8017 = CARTESIAN_POINT('',(8.838774263859E-02,-3.702584505081,3.));
#8018 = VECTOR('',#8019,1.);
#8019 = DIRECTION('',(-9.801718485698E-02,-0.995184722287,0.));
#8020 = FACE_BOUND('',#8021,.F.);
#8021 = EDGE_LOOP('',(#8022,#8032,#8040,#8048,#8056,#8064,#8072,#8080,
    #8088,#8096,#8104,#8112,#8120,#8128,#8136,#8144,#8152,#8160,#8168,
    #8176,#8184,#8192,#8200,#8208,#8216,#8224,#8232,#8240,#8248,#8256,
    #8264,#8272,#8280,#8288,#8296,#8304,#8312,#8320,#8328,#8336,#8344,
    #8352,#8360,#8368,#8376,#8384,#8392,#8400,#8408,#8416,#8424,#8432,
    #8440,#8448,#8456,#8464,#8472,#8480,#8488,#8496,#8504,#8512,#8520,
    #8528,#8536,#8544,#8552,#8560,#8568,#8576,#8584,#8592,#8600,#8608,
    #8616,#8624,#8632,#8640,#8648,#8656,#8664,#8672,#8680,#8688,#8696,
    #8704,#8712,#8720,#8728,#8736,#8744,#8752,#8760,#8768,#8776,#8784,
    #8792,#8800,#8808,#8816,#8824,#8832,#8840,#8848,#8856,#8864,#8872,
    #8880,#8888,#8896,#8904,#8912,#8920,#8928,#8936,#8944,#8952,#8960,
    #8968,#8976,#8984,#8992,#9000,#9008,#9016,#9024,#9032,#9040,#9048,
    #9056,#9064,#9072,#9080,#9088,#9096,#9104,#9112,#9120,#9128,#9136,
    #9144,#9152,#9160,#9168,#9176,#9184,#9192,#9200,#9208,#9216,#9224,
    #9232));
#8022 = ORIENTED_EDGE('',*,*,#8023,.T.);
#8023 = EDGE_CURVE('',#8024,#8026,#8028,.T.);
#8024 = VERTEX_POINT('',#8025);
#8025 = CARTESIAN_POINT('',(15.049056053162,-46.696559906,3.));
#8026 = VERTEX_POINT('',#8027);
#8027 = CARTESIAN_POINT('',(14.822144508362,-46.75925827026,3.));
#8028 = LINE('',#8029,#8030);
#8029 = CARTESIAN_POINT('',(15.049056053162,-46.696559906,3.));
#8030 = VECTOR('',#8031,1.);
#8031 = DIRECTION('',(-0.963881378687,-0.266331912885,0.));
#8032 = ORIENTED_EDGE('',*,*,#8033,.T.);
#8033 = EDGE_CURVE('',#8026,#8034,#8036,.T.);
#8034 = VERTEX_POINT('',#8035);
#8035 = CARTESIAN_POINT('',(14.588513374329,-46.78816604614,3.));
#8036 = LINE('',#8037,#8038);
#8037 = CARTESIAN_POINT('',(14.822144508362,-46.75925827026,3.));
#8038 = VECTOR('',#8039,1.);
#8039 = DIRECTION('',(-0.992431917117,-0.122796131405,0.));
#8040 = ORIENTED_EDGE('',*,*,#8041,.T.);
#8041 = EDGE_CURVE('',#8034,#8042,#8044,.T.);
#8042 = VERTEX_POINT('',#8043);
#8043 = CARTESIAN_POINT('',(14.353172302246,-46.78229522705,3.));
#8044 = LINE('',#8045,#8046);
#8045 = CARTESIAN_POINT('',(14.588513374329,-46.78816604614,3.));
#8046 = VECTOR('',#8047,1.);
#8047 = DIRECTION('',(-0.999688993615,2.493824464059E-02,0.));
#8048 = ORIENTED_EDGE('',*,*,#8049,.T.);
#8049 = EDGE_CURVE('',#8042,#8050,#8052,.T.);
#8050 = VERTEX_POINT('',#8051);
#8051 = CARTESIAN_POINT('',(14.121209144592,-46.74214172363,3.));
#8052 = LINE('',#8053,#8054);
#8053 = CARTESIAN_POINT('',(14.353172302246,-46.78229522705,3.));
#8054 = VECTOR('',#8055,1.);
#8055 = DIRECTION('',(-0.985346198459,0.170566319013,0.));
#8056 = ORIENTED_EDGE('',*,*,#8057,.T.);
#8057 = EDGE_CURVE('',#8050,#8058,#8060,.T.);
#8058 = VERTEX_POINT('',#8059);
#8059 = CARTESIAN_POINT('',(13.897706985474,-46.66820907592,3.));
#8060 = LINE('',#8061,#8062);
#8061 = CARTESIAN_POINT('',(14.121209144592,-46.74214172363,3.));
#8062 = VECTOR('',#8063,1.);
#8063 = DIRECTION('',(-0.949404738396,0.314055158707,0.));
#8064 = ORIENTED_EDGE('',*,*,#8065,.T.);
#8065 = EDGE_CURVE('',#8058,#8066,#8068,.T.);
#8066 = VERTEX_POINT('',#8067);
#8067 = CARTESIAN_POINT('',(13.687386512756,-46.56244659423,3.));
#8068 = LINE('',#8069,#8070);
#8069 = CARTESIAN_POINT('',(13.897706985474,-46.66820907592,3.));
#8070 = VECTOR('',#8071,1.);
#8071 = DIRECTION('',(-0.893401559891,0.449259004121,0.));
#8072 = ORIENTED_EDGE('',*,*,#8073,.T.);
#8073 = EDGE_CURVE('',#8066,#8074,#8076,.T.);
#8074 = VERTEX_POINT('',#8075);
#8075 = CARTESIAN_POINT('',(13.494970321655,-46.42681503295,3.));
#8076 = LINE('',#8077,#8078);
#8077 = CARTESIAN_POINT('',(13.687386512756,-46.56244659423,3.));
#8078 = VECTOR('',#8079,1.);
#8079 = DIRECTION('',(-0.817351194102,0.576139762123,0.));
#8080 = ORIENTED_EDGE('',*,*,#8081,.T.);
#8081 = EDGE_CURVE('',#8074,#8082,#8084,.T.);
#8082 = VERTEX_POINT('',#8083);
#8083 = CARTESIAN_POINT('',(13.324407577515,-46.26455688476,3.));
#8084 = LINE('',#8085,#8086);
#8085 = CARTESIAN_POINT('',(13.494970321655,-46.42681503295,3.));
#8086 = VECTOR('',#8087,1.);
#8087 = DIRECTION('',(-0.724525100718,0.689248415616,0.));
#8088 = ORIENTED_EDGE('',*,*,#8089,.T.);
#8089 = EDGE_CURVE('',#8082,#8090,#8092,.T.);
#8090 = VERTEX_POINT('',#8091);
#8091 = CARTESIAN_POINT('',(13.179648399353,-46.07891082763,3.));
#8092 = LINE('',#8093,#8094);
#8093 = CARTESIAN_POINT('',(13.324407577515,-46.26455688476,3.));
#8094 = VECTOR('',#8095,1.);
#8095 = DIRECTION('',(-0.614913615041,0.788594475023,0.));
#8096 = ORIENTED_EDGE('',*,*,#8097,.T.);
#8097 = EDGE_CURVE('',#8090,#8098,#8100,.T.);
#8098 = VERTEX_POINT('',#8099);
#8099 = CARTESIAN_POINT('',(13.06353187561,-45.87413024902,3.));
#8100 = LINE('',#8101,#8102);
#8101 = CARTESIAN_POINT('',(13.179648399353,-46.07891082763,3.));
#8102 = VECTOR('',#8103,1.);
#8103 = DIRECTION('',(-0.493251122657,0.86988696392,0.));
#8104 = ORIENTED_EDGE('',*,*,#8105,.T.);
#8105 = EDGE_CURVE('',#8098,#8106,#8108,.T.);
#8106 = VERTEX_POINT('',#8107);
#8107 = CARTESIAN_POINT('',(12.978895187378,-45.65445709228,3.));
#8108 = LINE('',#8109,#8110);
#8109 = CARTESIAN_POINT('',(13.06353187561,-45.87413024902,3.));
#8110 = VECTOR('',#8111,1.);
#8111 = DIRECTION('',(-0.359523029078,0.933136212759,0.));
#8112 = ORIENTED_EDGE('',*,*,#8113,.T.);
#8113 = EDGE_CURVE('',#8106,#8114,#8116,.T.);
#8114 = VERTEX_POINT('',#8115);
#8115 = CARTESIAN_POINT('',(12.927224159241,-45.42478179931,3.));
#8116 = LINE('',#8117,#8118);
#8117 = CARTESIAN_POINT('',(12.978895187378,-45.65445709228,3.));
#8118 = VECTOR('',#8119,1.);
#8119 = DIRECTION('',(-0.21948828898,0.975615134672,0.));
#8120 = ORIENTED_EDGE('',*,*,#8121,.T.);
#8121 = EDGE_CURVE('',#8114,#8122,#8124,.T.);
#8122 = VERTEX_POINT('',#8123);
#8123 = CARTESIAN_POINT('',(12.909999847412,-45.1899986267,3.));
#8124 = LINE('',#8125,#8126);
#8125 = CARTESIAN_POINT('',(12.927224159241,-45.42478179931,3.));
#8126 = VECTOR('',#8127,1.);
#8127 = DIRECTION('',(-7.316600514709E-02,0.997319776045,0.));
#8128 = ORIENTED_EDGE('',*,*,#8129,.T.);
#8129 = EDGE_CURVE('',#8122,#8130,#8132,.T.);
#8130 = VERTEX_POINT('',#8131);
#8131 = CARTESIAN_POINT('',(12.94074344635,-44.87785720825,3.));
#8132 = LINE('',#8133,#8134);
#8133 = CARTESIAN_POINT('',(12.909999847412,-45.1899986267,3.));
#8134 = VECTOR('',#8135,1.);
#8135 = DIRECTION('',(9.801825366871E-02,0.995184617017,0.));
#8136 = ORIENTED_EDGE('',*,*,#8137,.T.);
#8137 = EDGE_CURVE('',#8130,#8138,#8140,.T.);
#8138 = VERTEX_POINT('',#8139);
#8139 = CARTESIAN_POINT('',(13.031792640686,-44.5777053833,3.));
#8140 = LINE('',#8141,#8142);
#8141 = CARTESIAN_POINT('',(12.94074344635,-44.87785720825,3.));
#8142 = VECTOR('',#8143,1.);
#8143 = DIRECTION('',(0.290282147937,0.956941102989,0.));
#8144 = ORIENTED_EDGE('',*,*,#8145,.T.);
#8145 = EDGE_CURVE('',#8138,#8146,#8148,.T.);
#8146 = VERTEX_POINT('',#8147);
#8147 = CARTESIAN_POINT('',(13.179648399353,-44.30108642578,3.));
#8148 = LINE('',#8149,#8150);
#8149 = CARTESIAN_POINT('',(13.031792640686,-44.5777053833,3.));
#8150 = VECTOR('',#8151,1.);
#8151 = DIRECTION('',(0.4713963536,0.881921469187,0.));
#8152 = ORIENTED_EDGE('',*,*,#8153,.T.);
#8153 = EDGE_CURVE('',#8146,#8154,#8156,.T.);
#8154 = VERTEX_POINT('',#8155);
#8155 = CARTESIAN_POINT('',(13.378628730774,-44.05862808227,3.));
#8156 = LINE('',#8157,#8158);
#8157 = CARTESIAN_POINT('',(13.179648399353,-44.30108642578,3.));
#8158 = VECTOR('',#8159,1.);
#8159 = DIRECTION('',(0.634393115078,0.773010592128,0.));
#8160 = ORIENTED_EDGE('',*,*,#8161,.F.);
#8161 = EDGE_CURVE('',#8162,#8154,#8164,.T.);
#8162 = VERTEX_POINT('',#8163);
#8163 = CARTESIAN_POINT('',(14.842684745789,-42.5945739746,3.));
#8164 = LINE('',#8165,#8166);
#8165 = CARTESIAN_POINT('',(14.842684745789,-42.5945739746,3.));
#8166 = VECTOR('',#8167,1.);
#8167 = DIRECTION('',(-0.70710724179,-0.707106320582,0.));
#8168 = ORIENTED_EDGE('',*,*,#8169,.F.);
#8169 = EDGE_CURVE('',#8170,#8162,#8172,.T.);
#8170 = VERTEX_POINT('',#8171);
#8171 = CARTESIAN_POINT('',(14.842684745789,-41.32178115844,3.));
#8172 = LINE('',#8173,#8174);
#8173 = CARTESIAN_POINT('',(14.842684745789,-41.32178115844,3.));
#8174 = VECTOR('',#8175,1.);
#8175 = DIRECTION('',(0.,-1.,0.));
#8176 = ORIENTED_EDGE('',*,*,#8177,.T.);
#8177 = EDGE_CURVE('',#8170,#8178,#8180,.T.);
#8178 = VERTEX_POINT('',#8179);
#8179 = CARTESIAN_POINT('',(13.944023132324,-40.04503250122,3.));
#8180 = LINE('',#8181,#8182);
#8181 = CARTESIAN_POINT('',(14.842684745789,-41.32178115844,3.));
#8182 = VECTOR('',#8183,1.);
#8183 = DIRECTION('',(-0.5755828685,0.817743457014,0.));
#8184 = ORIENTED_EDGE('',*,*,#8185,.T.);
#8185 = EDGE_CURVE('',#8178,#8186,#8188,.T.);
#8186 = VERTEX_POINT('',#8187);
#8187 = CARTESIAN_POINT('',(13.152826309204,-38.69903945922,3.));
#8188 = LINE('',#8189,#8190);
#8189 = CARTESIAN_POINT('',(13.944023132324,-40.04503250122,3.));
#8190 = VECTOR('',#8191,1.);
#8191 = DIRECTION('',(-0.506751829442,0.862091980799,0.));
#8192 = ORIENTED_EDGE('',*,*,#8193,.T.);
#8193 = EDGE_CURVE('',#8186,#8194,#8196,.T.);
#8194 = VERTEX_POINT('',#8195);
#8195 = CARTESIAN_POINT('',(12.474015235901,-37.29301834106,3.));
#8196 = LINE('',#8197,#8198);
#8197 = CARTESIAN_POINT('',(13.152826309204,-38.69903945922,3.));
#8198 = VECTOR('',#8199,1.);
#8199 = DIRECTION('',(-0.434771015682,0.900541039555,0.));
#8200 = ORIENTED_EDGE('',*,*,#8201,.T.);
#8201 = EDGE_CURVE('',#8194,#8202,#8204,.T.);
#8202 = VERTEX_POINT('',#8203);
#8203 = CARTESIAN_POINT('',(11.912508010864,-35.83617401123,3.));
#8204 = LINE('',#8205,#8206);
#8205 = CARTESIAN_POINT('',(12.474015235901,-37.29301834106,3.));
#8206 = VECTOR('',#8207,1.);
#8207 = DIRECTION('',(-0.359638757159,0.933091616268,0.));
#8208 = ORIENTED_EDGE('',*,*,#8209,.T.);
#8209 = EDGE_CURVE('',#8202,#8210,#8212,.T.);
#8210 = VERTEX_POINT('',#8211);
#8211 = CARTESIAN_POINT('',(11.471660614014,-34.33839797973,3.));
#8212 = LINE('',#8213,#8214);
#8213 = CARTESIAN_POINT('',(11.912508010864,-35.83617401123,3.));
#8214 = VECTOR('',#8215,1.);
#8215 = DIRECTION('',(-0.282357924561,0.959309127673,0.));
#8216 = ORIENTED_EDGE('',*,*,#8217,.T.);
#8217 = EDGE_CURVE('',#8210,#8218,#8220,.T.);
#8218 = VERTEX_POINT('',#8219);
#8219 = CARTESIAN_POINT('',(11.15482711792,-32.80957412719,3.));
#8220 = LINE('',#8221,#8222);
#8221 = CARTESIAN_POINT('',(11.471660614014,-34.33839797973,3.));
#8222 = VECTOR('',#8223,1.);
#8223 = DIRECTION('',(-0.202928115644,0.979193637582,0.));
#8224 = ORIENTED_EDGE('',*,*,#8225,.T.);
#8225 = EDGE_CURVE('',#8218,#8226,#8228,.T.);
#8226 = VERTEX_POINT('',#8227);
#8227 = CARTESIAN_POINT('',(10.963706970215,-31.26000785827,3.));
#8228 = LINE('',#8229,#8230);
#8229 = CARTESIAN_POINT('',(11.15482711792,-32.80957412719,3.));
#8230 = VECTOR('',#8231,1.);
#8231 = DIRECTION('',(-0.122410282355,0.992479583051,0.));
#8232 = ORIENTED_EDGE('',*,*,#8233,.T.);
#8233 = EDGE_CURVE('',#8226,#8234,#8236,.T.);
#8234 = VERTEX_POINT('',#8235);
#8235 = CARTESIAN_POINT('',(10.89999961853,-29.70000076293,3.));
#8236 = LINE('',#8237,#8238);
#8237 = CARTESIAN_POINT('',(10.963706970215,-31.26000785827,3.));
#8238 = VECTOR('',#8239,1.);
#8239 = DIRECTION('',(-4.080384946459E-02,0.999167176137,0.));
#8240 = ORIENTED_EDGE('',*,*,#8241,.T.);
#8241 = EDGE_CURVE('',#8234,#8242,#8244,.T.);
#8242 = VERTEX_POINT('',#8243);
#8243 = CARTESIAN_POINT('',(10.963706970215,-28.13999176025,3.));
#8244 = LINE('',#8245,#8246);
#8245 = CARTESIAN_POINT('',(10.89999961853,-29.70000076293,3.));
#8246 = VECTOR('',#8247,1.);
#8247 = DIRECTION('',(4.080379965873E-02,0.999167178171,0.));
#8248 = ORIENTED_EDGE('',*,*,#8249,.T.);
#8249 = EDGE_CURVE('',#8242,#8250,#8252,.T.);
#8250 = VERTEX_POINT('',#8251);
#8251 = CARTESIAN_POINT('',(11.15482711792,-26.59042549133,3.));
#8252 = LINE('',#8253,#8254);
#8253 = CARTESIAN_POINT('',(10.963706970215,-28.13999176025,3.));
#8254 = VECTOR('',#8255,1.);
#8255 = DIRECTION('',(0.122410282355,0.992479583051,0.));
#8256 = ORIENTED_EDGE('',*,*,#8257,.T.);
#8257 = EDGE_CURVE('',#8250,#8258,#8260,.T.);
#8258 = VERTEX_POINT('',#8259);
#8259 = CARTESIAN_POINT('',(11.471660614014,-25.06160163879,3.));
#8260 = LINE('',#8261,#8262);
#8261 = CARTESIAN_POINT('',(11.15482711792,-26.59042549133,3.));
#8262 = VECTOR('',#8263,1.);
#8263 = DIRECTION('',(0.202928115644,0.979193637582,0.));
#8264 = ORIENTED_EDGE('',*,*,#8265,.T.);
#8265 = EDGE_CURVE('',#8258,#8266,#8268,.T.);
#8266 = VERTEX_POINT('',#8267);
#8267 = CARTESIAN_POINT('',(11.912508010864,-23.5638256073,3.));
#8268 = LINE('',#8269,#8270);
#8269 = CARTESIAN_POINT('',(11.471660614014,-25.06160163879,3.));
#8270 = VECTOR('',#8271,1.);
#8271 = DIRECTION('',(0.282357924561,0.959309127673,0.));
#8272 = ORIENTED_EDGE('',*,*,#8273,.T.);
#8273 = EDGE_CURVE('',#8266,#8274,#8276,.T.);
#8274 = VERTEX_POINT('',#8275);
#8275 = CARTESIAN_POINT('',(12.474015235901,-22.10698127746,3.));
#8276 = LINE('',#8277,#8278);
#8277 = CARTESIAN_POINT('',(11.912508010864,-23.5638256073,3.));
#8278 = VECTOR('',#8279,1.);
#8279 = DIRECTION('',(0.359638757159,0.933091616268,0.));
#8280 = ORIENTED_EDGE('',*,*,#8281,.T.);
#8281 = EDGE_CURVE('',#8274,#8282,#8284,.T.);
#8282 = VERTEX_POINT('',#8283);
#8283 = CARTESIAN_POINT('',(13.152826309204,-20.7009601593,3.));
#8284 = LINE('',#8285,#8286);
#8285 = CARTESIAN_POINT('',(12.474015235901,-22.10698127746,3.));
#8286 = VECTOR('',#8287,1.);
#8287 = DIRECTION('',(0.434771015682,0.900541039555,0.));
#8288 = ORIENTED_EDGE('',*,*,#8289,.T.);
#8289 = EDGE_CURVE('',#8282,#8290,#8292,.T.);
#8290 = VERTEX_POINT('',#8291);
#8291 = CARTESIAN_POINT('',(13.944023132324,-19.35496902465,3.));
#8292 = LINE('',#8293,#8294);
#8293 = CARTESIAN_POINT('',(13.152826309204,-20.7009601593,3.));
#8294 = VECTOR('',#8295,1.);
#8295 = DIRECTION('',(0.506752363133,0.862091667086,0.));
#8296 = ORIENTED_EDGE('',*,*,#8297,.T.);
#8297 = EDGE_CURVE('',#8290,#8298,#8300,.T.);
#8298 = VERTEX_POINT('',#8299);
#8299 = CARTESIAN_POINT('',(14.842684745789,-18.07821846008,3.));
#8300 = LINE('',#8301,#8302);
#8301 = CARTESIAN_POINT('',(13.944023132324,-19.35496902465,3.));
#8302 = VECTOR('',#8303,1.);
#8303 = DIRECTION('',(0.575582293502,0.817743861736,0.));
#8304 = ORIENTED_EDGE('',*,*,#8305,.T.);
#8305 = EDGE_CURVE('',#8298,#8306,#8308,.T.);
#8306 = VERTEX_POINT('',#8307);
#8307 = CARTESIAN_POINT('',(14.842684745789,-16.80542564392,3.));
#8308 = LINE('',#8309,#8310);
#8309 = CARTESIAN_POINT('',(14.842684745789,-18.07821846008,3.));
#8310 = VECTOR('',#8311,1.);
#8311 = DIRECTION('',(0.,1.,0.));
#8312 = ORIENTED_EDGE('',*,*,#8313,.T.);
#8313 = EDGE_CURVE('',#8306,#8314,#8316,.T.);
#8314 = VERTEX_POINT('',#8315);
#8315 = CARTESIAN_POINT('',(13.378628730774,-15.34137058258,3.));
#8316 = LINE('',#8317,#8318);
#8317 = CARTESIAN_POINT('',(14.842684745789,-16.80542564392,3.));
#8318 = VECTOR('',#8319,1.);
#8319 = DIRECTION('',(-0.707107011488,0.707106550885,0.));
#8320 = ORIENTED_EDGE('',*,*,#8321,.T.);
#8321 = EDGE_CURVE('',#8314,#8322,#8324,.T.);
#8322 = VERTEX_POINT('',#8323);
#8323 = CARTESIAN_POINT('',(13.179648399353,-15.09891223907,3.));
#8324 = LINE('',#8325,#8326);
#8325 = CARTESIAN_POINT('',(13.378628730774,-15.34137058258,3.));
#8326 = VECTOR('',#8327,1.);
#8327 = DIRECTION('',(-0.634393115078,0.773010592128,0.));
#8328 = ORIENTED_EDGE('',*,*,#8329,.T.);
#8329 = EDGE_CURVE('',#8322,#8330,#8332,.T.);
#8330 = VERTEX_POINT('',#8331);
#8331 = CARTESIAN_POINT('',(13.031792640686,-14.82229328155,3.));
#8332 = LINE('',#8333,#8334);
#8333 = CARTESIAN_POINT('',(13.179648399353,-15.09891223907,3.));
#8334 = VECTOR('',#8335,1.);
#8335 = DIRECTION('',(-0.4713963536,0.881921469187,0.));
#8336 = ORIENTED_EDGE('',*,*,#8337,.T.);
#8337 = EDGE_CURVE('',#8330,#8338,#8340,.T.);
#8338 = VERTEX_POINT('',#8339);
#8339 = CARTESIAN_POINT('',(12.94074344635,-14.52214431762,3.));
#8340 = LINE('',#8341,#8342);
#8341 = CARTESIAN_POINT('',(13.031792640686,-14.82229328155,3.));
#8342 = VECTOR('',#8343,1.);
#8343 = DIRECTION('',(-0.290284681751,0.956940334368,0.));
#8344 = ORIENTED_EDGE('',*,*,#8345,.T.);
#8345 = EDGE_CURVE('',#8338,#8346,#8348,.T.);
#8346 = VERTEX_POINT('',#8347);
#8347 = CARTESIAN_POINT('',(12.909999847412,-14.21000003814,3.));
#8348 = LINE('',#8349,#8350);
#8349 = CARTESIAN_POINT('',(12.94074344635,-14.52214431762,3.));
#8350 = VECTOR('',#8351,1.);
#8351 = DIRECTION('',(-9.801736389353E-02,0.995184704653,0.));
#8352 = ORIENTED_EDGE('',*,*,#8353,.T.);
#8353 = EDGE_CURVE('',#8346,#8354,#8356,.T.);
#8354 = VERTEX_POINT('',#8355);
#8355 = CARTESIAN_POINT('',(12.927224159241,-13.97521686554,3.));
#8356 = LINE('',#8357,#8358);
#8357 = CARTESIAN_POINT('',(12.909999847412,-14.21000003814,3.));
#8358 = VECTOR('',#8359,1.);
#8359 = DIRECTION('',(7.316600514709E-02,0.997319776045,0.));
#8360 = ORIENTED_EDGE('',*,*,#8361,.T.);
#8361 = EDGE_CURVE('',#8354,#8362,#8364,.T.);
#8362 = VERTEX_POINT('',#8363);
#8363 = CARTESIAN_POINT('',(12.978895187378,-13.74554443359,3.));
#8364 = LINE('',#8365,#8366);
#8365 = CARTESIAN_POINT('',(12.927224159241,-13.97521686554,3.));
#8366 = VECTOR('',#8367,1.);
#8367 = DIRECTION('',(0.219490891419,0.975614549186,0.));
#8368 = ORIENTED_EDGE('',*,*,#8369,.T.);
#8369 = EDGE_CURVE('',#8362,#8370,#8372,.T.);
#8370 = VERTEX_POINT('',#8371);
#8371 = CARTESIAN_POINT('',(13.06353187561,-13.52587127685,3.));
#8372 = LINE('',#8373,#8374);
#8373 = CARTESIAN_POINT('',(12.978895187378,-13.74554443359,3.));
#8374 = VECTOR('',#8375,1.);
#8375 = DIRECTION('',(0.359523029078,0.933136212759,0.));
#8376 = ORIENTED_EDGE('',*,*,#8377,.T.);
#8377 = EDGE_CURVE('',#8370,#8378,#8380,.T.);
#8378 = VERTEX_POINT('',#8379);
#8379 = CARTESIAN_POINT('',(13.179648399353,-13.32108783721,3.));
#8380 = LINE('',#8381,#8382);
#8381 = CARTESIAN_POINT('',(13.06353187561,-13.52587127685,3.));
#8382 = VECTOR('',#8383,1.);
#8383 = DIRECTION('',(0.49324590804,0.869889920738,0.));
#8384 = ORIENTED_EDGE('',*,*,#8385,.T.);
#8385 = EDGE_CURVE('',#8378,#8386,#8388,.T.);
#8386 = VERTEX_POINT('',#8387);
#8387 = CARTESIAN_POINT('',(13.324407577515,-13.13544178009,3.));
#8388 = LINE('',#8389,#8390);
#8389 = CARTESIAN_POINT('',(13.179648399353,-13.32108783721,3.));
#8390 = VECTOR('',#8391,1.);
#8391 = DIRECTION('',(0.614913615041,0.788594475023,0.));
#8392 = ORIENTED_EDGE('',*,*,#8393,.T.);
#8393 = EDGE_CURVE('',#8386,#8394,#8396,.T.);
#8394 = VERTEX_POINT('',#8395);
#8395 = CARTESIAN_POINT('',(13.494970321655,-12.97318363189,3.));
#8396 = LINE('',#8397,#8398);
#8397 = CARTESIAN_POINT('',(13.324407577515,-13.13544178009,3.));
#8398 = VECTOR('',#8399,1.);
#8399 = DIRECTION('',(0.724525100718,0.689248415616,0.));
#8400 = ORIENTED_EDGE('',*,*,#8401,.T.);
#8401 = EDGE_CURVE('',#8394,#8402,#8404,.T.);
#8402 = VERTEX_POINT('',#8403);
#8403 = CARTESIAN_POINT('',(13.687386512756,-12.83755302429,3.));
#8404 = LINE('',#8405,#8406);
#8405 = CARTESIAN_POINT('',(13.494970321655,-12.97318363189,3.));
#8406 = VECTOR('',#8407,1.);
#8407 = DIRECTION('',(0.817353101775,0.57613705576,0.));
#8408 = ORIENTED_EDGE('',*,*,#8409,.T.);
#8409 = EDGE_CURVE('',#8402,#8410,#8412,.T.);
#8410 = VERTEX_POINT('',#8411);
#8411 = CARTESIAN_POINT('',(13.897706985474,-12.73179244995,3.));
#8412 = LINE('',#8413,#8414);
#8413 = CARTESIAN_POINT('',(13.687386512756,-12.83755302429,3.));
#8414 = VECTOR('',#8415,1.);
#8415 = DIRECTION('',(0.893404811791,0.449252537298,0.));
#8416 = ORIENTED_EDGE('',*,*,#8417,.T.);
#8417 = EDGE_CURVE('',#8410,#8418,#8420,.T.);
#8418 = VERTEX_POINT('',#8419);
#8419 = CARTESIAN_POINT('',(14.121209144592,-12.65785789489,3.));
#8420 = LINE('',#8421,#8422);
#8421 = CARTESIAN_POINT('',(13.897706985474,-12.73179244995,3.));
#8422 = VECTOR('',#8423,1.);
#8423 = DIRECTION('',(0.949402322596,0.3140624617,0.));
#8424 = ORIENTED_EDGE('',*,*,#8425,.T.);
#8425 = EDGE_CURVE('',#8418,#8426,#8428,.T.);
#8426 = VERTEX_POINT('',#8427);
#8427 = CARTESIAN_POINT('',(14.353172302246,-12.61770439147,3.));
#8428 = LINE('',#8429,#8430);
#8429 = CARTESIAN_POINT('',(14.121209144592,-12.65785789489,3.));
#8430 = VECTOR('',#8431,1.);
#8431 = DIRECTION('',(0.985346198459,0.170566319013,0.));
#8432 = ORIENTED_EDGE('',*,*,#8433,.T.);
#8433 = EDGE_CURVE('',#8426,#8434,#8436,.T.);
#8434 = VERTEX_POINT('',#8435);
#8435 = CARTESIAN_POINT('',(14.588513374329,-12.61183261871,3.));
#8436 = LINE('',#8437,#8438);
#8437 = CARTESIAN_POINT('',(14.353172302246,-12.61770439147,3.));
#8438 = VECTOR('',#8439,1.);
#8439 = DIRECTION('',(0.999688892612,2.494229316745E-02,0.));
#8440 = ORIENTED_EDGE('',*,*,#8441,.T.);
#8441 = EDGE_CURVE('',#8434,#8442,#8444,.T.);
#8442 = VERTEX_POINT('',#8443);
#8443 = CARTESIAN_POINT('',(14.822144508362,-12.64074325561,3.));
#8444 = LINE('',#8445,#8446);
#8445 = CARTESIAN_POINT('',(14.588513374329,-12.61183261871,3.));
#8446 = VECTOR('',#8447,1.);
#8447 = DIRECTION('',(0.992430435973,-0.122808101341,0.));
#8448 = ORIENTED_EDGE('',*,*,#8449,.T.);
#8449 = EDGE_CURVE('',#8442,#8450,#8452,.T.);
#8450 = VERTEX_POINT('',#8451);
#8451 = CARTESIAN_POINT('',(15.049056053162,-12.70344066619,3.));
#8452 = LINE('',#8453,#8454);
#8453 = CARTESIAN_POINT('',(14.822144508362,-12.64074325561,3.));
#8454 = VECTOR('',#8455,1.);
#8455 = DIRECTION('',(0.963882418634,-0.266328149185,0.));
#8456 = ORIENTED_EDGE('',*,*,#8457,.T.);
#8457 = EDGE_CURVE('',#8450,#8458,#8460,.T.);
#8458 = VERTEX_POINT('',#8459);
#8459 = CARTESIAN_POINT('',(15.264234542847,-12.79892635345,3.));
#8460 = LINE('',#8461,#8462);
#8461 = CARTESIAN_POINT('',(15.049056053162,-12.70344066619,3.));
#8462 = VECTOR('',#8463,1.);
#8463 = DIRECTION('',(0.914046607918,-0.405609169711,0.));
#8464 = ORIENTED_EDGE('',*,*,#8465,.T.);
#8465 = EDGE_CURVE('',#8458,#8466,#8468,.T.);
#8466 = VERTEX_POINT('',#8467);
#8467 = CARTESIAN_POINT('',(15.463175773621,-12.92479228973,3.));
#8468 = LINE('',#8469,#8470);
#8469 = CARTESIAN_POINT('',(15.264234542847,-12.79892635345,3.));
#8470 = VECTOR('',#8471,1.);
#8471 = DIRECTION('',(0.845068937227,-0.534657358813,0.));
#8472 = ORIENTED_EDGE('',*,*,#8473,.T.);
#8473 = EDGE_CURVE('',#8466,#8474,#8476,.T.);
#8474 = VERTEX_POINT('',#8475);
#8475 = CARTESIAN_POINT('',(15.641370773315,-13.07862949371,3.));
#8476 = LINE('',#8477,#8478);
#8477 = CARTESIAN_POINT('',(15.463175773621,-12.92479228973,3.));
#8478 = VECTOR('',#8479,1.);
#8479 = DIRECTION('',(0.756945873557,-0.653477577661,0.));
#8480 = ORIENTED_EDGE('',*,*,#8481,.F.);
#8481 = EDGE_CURVE('',#8482,#8474,#8484,.T.);
#8482 = VERTEX_POINT('',#8483);
#8483 = CARTESIAN_POINT('',(17.10542678833,-14.54268455505,3.));
#8484 = LINE('',#8485,#8486);
#8485 = CARTESIAN_POINT('',(17.10542678833,-14.54268455505,3.));
#8486 = VECTOR('',#8487,1.);
#8487 = DIRECTION('',(-0.707107011488,0.707106550885,0.));
#8488 = ORIENTED_EDGE('',*,*,#8489,.F.);
#8489 = EDGE_CURVE('',#8490,#8482,#8492,.T.);
#8490 = VERTEX_POINT('',#8491);
#8491 = CARTESIAN_POINT('',(18.378219604492,-14.54268455505,3.));
#8492 = LINE('',#8493,#8494);
#8493 = CARTESIAN_POINT('',(18.378219604492,-14.54268455505,3.));
#8494 = VECTOR('',#8495,1.);
#8495 = DIRECTION('',(-1.,0.,0.));
#8496 = ORIENTED_EDGE('',*,*,#8497,.T.);
#8497 = EDGE_CURVE('',#8490,#8498,#8500,.T.);
#8498 = VERTEX_POINT('',#8499);
#8499 = CARTESIAN_POINT('',(19.654968261719,-13.64402294158,3.));
#8500 = LINE('',#8501,#8502);
#8501 = CARTESIAN_POINT('',(18.378219604492,-14.54268455505,3.));
#8502 = VECTOR('',#8503,1.);
#8503 = DIRECTION('',(0.817743457014,0.5755828685,0.));
#8504 = ORIENTED_EDGE('',*,*,#8505,.T.);
#8505 = EDGE_CURVE('',#8498,#8506,#8508,.T.);
#8506 = VERTEX_POINT('',#8507);
#8507 = CARTESIAN_POINT('',(21.000959396362,-12.85282611846,3.));
#8508 = LINE('',#8509,#8510);
#8509 = CARTESIAN_POINT('',(19.654968261719,-13.64402294158,3.));
#8510 = VECTOR('',#8511,1.);
#8511 = DIRECTION('',(0.862091667086,0.506752363133,0.));
#8512 = ORIENTED_EDGE('',*,*,#8513,.T.);
#8513 = EDGE_CURVE('',#8506,#8514,#8516,.T.);
#8514 = VERTEX_POINT('',#8515);
#8515 = CARTESIAN_POINT('',(22.406982421875,-12.17401504516,3.));
#8516 = LINE('',#8517,#8518);
#8517 = CARTESIAN_POINT('',(21.000959396362,-12.85282611846,3.));
#8518 = VECTOR('',#8519,1.);
#8519 = DIRECTION('',(0.900541270476,0.434770537376,0.));
#8520 = ORIENTED_EDGE('',*,*,#8521,.T.);
#8521 = EDGE_CURVE('',#8514,#8522,#8524,.T.);
#8522 = VERTEX_POINT('',#8523);
#8523 = CARTESIAN_POINT('',(23.86382484436,-11.61250782012,3.));
#8524 = LINE('',#8525,#8526);
#8525 = CARTESIAN_POINT('',(22.406982421875,-12.17401504516,3.));
#8526 = VECTOR('',#8527,1.);
#8527 = DIRECTION('',(0.933091458261,0.35963916711,0.));
#8528 = ORIENTED_EDGE('',*,*,#8529,.T.);
#8529 = EDGE_CURVE('',#8522,#8530,#8532,.T.);
#8530 = VERTEX_POINT('',#8531);
#8531 = CARTESIAN_POINT('',(25.361602783203,-11.17166042327,3.));
#8532 = LINE('',#8533,#8534);
#8533 = CARTESIAN_POINT('',(23.86382484436,-11.61250782012,3.));
#8534 = VECTOR('',#8535,1.);
#8535 = DIRECTION('',(0.959309225069,0.282357593659,0.));
#8536 = ORIENTED_EDGE('',*,*,#8537,.T.);
#8537 = EDGE_CURVE('',#8530,#8538,#8540,.T.);
#8538 = VERTEX_POINT('',#8539);
#8539 = CARTESIAN_POINT('',(26.890424728394,-10.85482692718,3.));
#8540 = LINE('',#8541,#8542);
#8541 = CARTESIAN_POINT('',(25.361602783203,-11.17166042327,3.));
#8542 = VECTOR('',#8543,1.);
#8543 = DIRECTION('',(0.979193587275,0.202928358391,0.));
#8544 = ORIENTED_EDGE('',*,*,#8545,.T.);
#8545 = EDGE_CURVE('',#8538,#8546,#8548,.T.);
#8546 = VERTEX_POINT('',#8547);
#8547 = CARTESIAN_POINT('',(28.439992904663,-10.66370677948,3.));
#8548 = LINE('',#8549,#8550);
#8549 = CARTESIAN_POINT('',(26.890424728394,-10.85482692718,3.));
#8550 = VECTOR('',#8551,1.);
#8551 = DIRECTION('',(0.992479601357,0.12241013394,0.));
#8552 = ORIENTED_EDGE('',*,*,#8553,.T.);
#8553 = EDGE_CURVE('',#8546,#8554,#8556,.T.);
#8554 = VERTEX_POINT('',#8555);
#8555 = CARTESIAN_POINT('',(30.,-10.60000038147,3.));
#8556 = LINE('',#8557,#8558);
#8557 = CARTESIAN_POINT('',(28.439992904663,-10.66370677948,3.));
#8558 = VECTOR('',#8559,1.);
#8559 = DIRECTION('',(0.999167201039,4.080323966377E-02,0.));
#8560 = ORIENTED_EDGE('',*,*,#8561,.T.);
#8561 = EDGE_CURVE('',#8554,#8562,#8564,.T.);
#8562 = VERTEX_POINT('',#8563);
#8563 = CARTESIAN_POINT('',(31.560007095337,-10.66370677948,3.));
#8564 = LINE('',#8565,#8566);
#8565 = CARTESIAN_POINT('',(30.,-10.60000038147,3.));
#8566 = VECTOR('',#8567,1.);
#8567 = DIRECTION('',(0.999167201039,-4.080323966377E-02,0.));
#8568 = ORIENTED_EDGE('',*,*,#8569,.T.);
#8569 = EDGE_CURVE('',#8562,#8570,#8572,.T.);
#8570 = VERTEX_POINT('',#8571);
#8571 = CARTESIAN_POINT('',(33.109573364258,-10.85482692718,3.));
#8572 = LINE('',#8573,#8574);
#8573 = CARTESIAN_POINT('',(31.560007095337,-10.66370677948,3.));
#8574 = VECTOR('',#8575,1.);
#8575 = DIRECTION('',(0.992479583051,-0.122410282355,0.));
#8576 = ORIENTED_EDGE('',*,*,#8577,.T.);
#8577 = EDGE_CURVE('',#8570,#8578,#8580,.T.);
#8578 = VERTEX_POINT('',#8579);
#8579 = CARTESIAN_POINT('',(34.638397216797,-11.17166042327,3.));
#8580 = LINE('',#8581,#8582);
#8581 = CARTESIAN_POINT('',(33.109573364258,-10.85482692718,3.));
#8582 = VECTOR('',#8583,1.);
#8583 = DIRECTION('',(0.979193637582,-0.202928115644,0.));
#8584 = ORIENTED_EDGE('',*,*,#8585,.T.);
#8585 = EDGE_CURVE('',#8578,#8586,#8588,.T.);
#8586 = VERTEX_POINT('',#8587);
#8587 = CARTESIAN_POINT('',(36.136173248291,-11.61250782012,3.));
#8588 = LINE('',#8589,#8590);
#8589 = CARTESIAN_POINT('',(34.638397216797,-11.17166042327,3.));
#8590 = VECTOR('',#8591,1.);
#8591 = DIRECTION('',(0.959309127673,-0.282357924561,0.));
#8592 = ORIENTED_EDGE('',*,*,#8593,.T.);
#8593 = EDGE_CURVE('',#8586,#8594,#8596,.T.);
#8594 = VERTEX_POINT('',#8595);
#8595 = CARTESIAN_POINT('',(37.593017578125,-12.17401504516,3.));
#8596 = LINE('',#8597,#8598);
#8597 = CARTESIAN_POINT('',(36.136173248291,-11.61250782012,3.));
#8598 = VECTOR('',#8599,1.);
#8599 = DIRECTION('',(0.933091616268,-0.359638757159,0.));
#8600 = ORIENTED_EDGE('',*,*,#8601,.T.);
#8601 = EDGE_CURVE('',#8594,#8602,#8604,.T.);
#8602 = VERTEX_POINT('',#8603);
#8603 = CARTESIAN_POINT('',(38.999042510986,-12.85282611846,3.));
#8604 = LINE('',#8605,#8606);
#8605 = CARTESIAN_POINT('',(37.593017578125,-12.17401504516,3.));
#8606 = VECTOR('',#8607,1.);
#8607 = DIRECTION('',(0.900541501395,-0.434770059071,0.));
#8608 = ORIENTED_EDGE('',*,*,#8609,.T.);
#8609 = EDGE_CURVE('',#8602,#8610,#8612,.T.);
#8610 = VERTEX_POINT('',#8611);
#8611 = CARTESIAN_POINT('',(40.345031738281,-13.64402294158,3.));
#8612 = LINE('',#8613,#8614);
#8613 = CARTESIAN_POINT('',(38.999042510986,-12.85282611846,3.));
#8614 = VECTOR('',#8615,1.);
#8615 = DIRECTION('',(0.862091353372,-0.506752896825,0.));
#8616 = ORIENTED_EDGE('',*,*,#8617,.T.);
#8617 = EDGE_CURVE('',#8610,#8618,#8620,.T.);
#8618 = VERTEX_POINT('',#8619);
#8619 = CARTESIAN_POINT('',(41.621780395508,-14.54268455505,3.));
#8620 = LINE('',#8621,#8622);
#8621 = CARTESIAN_POINT('',(40.345031738281,-13.64402294158,3.));
#8622 = VECTOR('',#8623,1.);
#8623 = DIRECTION('',(0.817743457014,-0.5755828685,0.));
#8624 = ORIENTED_EDGE('',*,*,#8625,.T.);
#8625 = EDGE_CURVE('',#8618,#8626,#8628,.T.);
#8626 = VERTEX_POINT('',#8627);
#8627 = CARTESIAN_POINT('',(42.89457321167,-14.54268455505,3.));
#8628 = LINE('',#8629,#8630);
#8629 = CARTESIAN_POINT('',(41.621780395508,-14.54268455505,3.));
#8630 = VECTOR('',#8631,1.);
#8631 = DIRECTION('',(1.,0.,0.));
#8632 = ORIENTED_EDGE('',*,*,#8633,.T.);
#8633 = EDGE_CURVE('',#8626,#8634,#8636,.T.);
#8634 = VERTEX_POINT('',#8635);
#8635 = CARTESIAN_POINT('',(44.358627319336,-13.07862949371,3.));
#8636 = LINE('',#8637,#8638);
#8637 = CARTESIAN_POINT('',(42.89457321167,-14.54268455505,3.));
#8638 = VECTOR('',#8639,1.);
#8639 = DIRECTION('',(0.707106550884,0.707107011489,0.));
#8640 = ORIENTED_EDGE('',*,*,#8641,.T.);
#8641 = EDGE_CURVE('',#8634,#8642,#8644,.T.);
#8642 = VERTEX_POINT('',#8643);
#8643 = CARTESIAN_POINT('',(44.601089477539,-12.87964820861,3.));
#8644 = LINE('',#8645,#8646);
#8645 = CARTESIAN_POINT('',(44.358627319336,-13.07862949371,3.));
#8646 = VECTOR('',#8647,1.);
#8647 = DIRECTION('',(0.773013995719,0.634388967766,0.));
#8648 = ORIENTED_EDGE('',*,*,#8649,.T.);
#8649 = EDGE_CURVE('',#8642,#8650,#8652,.T.);
#8650 = VERTEX_POINT('',#8651);
#8651 = CARTESIAN_POINT('',(44.877704620361,-12.73179244995,3.));
#8652 = LINE('',#8653,#8654);
#8653 = CARTESIAN_POINT('',(44.601089477539,-12.87964820861,3.));
#8654 = VECTOR('',#8655,1.);
#8655 = DIRECTION('',(0.881918766551,0.471401409846,0.));
#8656 = ORIENTED_EDGE('',*,*,#8657,.T.);
#8657 = EDGE_CURVE('',#8650,#8658,#8660,.T.);
#8658 = VERTEX_POINT('',#8659);
#8659 = CARTESIAN_POINT('',(45.177856445312,-12.64074325561,3.));
#8660 = LINE('',#8661,#8662);
#8661 = CARTESIAN_POINT('',(44.877704620361,-12.73179244995,3.));
#8662 = VECTOR('',#8663,1.);
#8663 = DIRECTION('',(0.956941102989,0.290282147937,0.));
#8664 = ORIENTED_EDGE('',*,*,#8665,.T.);
#8665 = EDGE_CURVE('',#8658,#8666,#8668,.T.);
#8666 = VERTEX_POINT('',#8667);
#8667 = CARTESIAN_POINT('',(45.490001678467,-12.60999965667,3.));
#8668 = LINE('',#8669,#8670);
#8669 = CARTESIAN_POINT('',(45.177856445312,-12.64074325561,3.));
#8670 = VECTOR('',#8671,1.);
#8671 = DIRECTION('',(0.995184733864,9.801706730538E-02,0.));
#8672 = ORIENTED_EDGE('',*,*,#8673,.T.);
#8673 = EDGE_CURVE('',#8666,#8674,#8676,.T.);
#8674 = VERTEX_POINT('',#8675);
#8675 = CARTESIAN_POINT('',(45.802143096924,-12.64074325561,3.));
#8676 = LINE('',#8677,#8678);
#8677 = CARTESIAN_POINT('',(45.490001678467,-12.60999965667,3.));
#8678 = VECTOR('',#8679,1.);
#8679 = DIRECTION('',(0.995184617017,-9.801825366871E-02,0.));
#8680 = ORIENTED_EDGE('',*,*,#8681,.T.);
#8681 = EDGE_CURVE('',#8674,#8682,#8684,.T.);
#8682 = VERTEX_POINT('',#8683);
#8683 = CARTESIAN_POINT('',(46.102294921875,-12.73179244995,3.));
#8684 = LINE('',#8685,#8686);
#8685 = CARTESIAN_POINT('',(45.802143096924,-12.64074325561,3.));
#8686 = VECTOR('',#8687,1.);
#8687 = DIRECTION('',(0.956941102989,-0.290282147937,0.));
#8688 = ORIENTED_EDGE('',*,*,#8689,.T.);
#8689 = EDGE_CURVE('',#8682,#8690,#8692,.T.);
#8690 = VERTEX_POINT('',#8691);
#8691 = CARTESIAN_POINT('',(46.378913879395,-12.87964820861,3.));
#8692 = LINE('',#8693,#8694);
#8693 = CARTESIAN_POINT('',(46.102294921875,-12.73179244995,3.));
#8694 = VECTOR('',#8695,1.);
#8695 = DIRECTION('',(0.881921469187,-0.4713963536,0.));
#8696 = ORIENTED_EDGE('',*,*,#8697,.T.);
#8697 = EDGE_CURVE('',#8690,#8698,#8700,.T.);
#8698 = VERTEX_POINT('',#8699);
#8699 = CARTESIAN_POINT('',(46.6213722229,-13.07862949371,3.));
#8700 = LINE('',#8701,#8702);
#8701 = CARTESIAN_POINT('',(46.378913879395,-12.87964820861,3.));
#8702 = VECTOR('',#8703,1.);
#8703 = DIRECTION('',(0.773009101078,-0.634394931924,0.));
#8704 = ORIENTED_EDGE('',*,*,#8705,.T.);
#8705 = EDGE_CURVE('',#8698,#8706,#8708,.T.);
#8706 = VERTEX_POINT('',#8707);
#8707 = CARTESIAN_POINT('',(46.820350646973,-13.32108783721,3.));
#8708 = LINE('',#8709,#8710);
#8709 = CARTESIAN_POINT('',(46.6213722229,-13.07862949371,3.));
#8710 = VECTOR('',#8711,1.);
#8711 = DIRECTION('',(0.634389481355,-0.773013574231,0.));
#8712 = ORIENTED_EDGE('',*,*,#8713,.T.);
#8713 = EDGE_CURVE('',#8706,#8714,#8716,.T.);
#8714 = VERTEX_POINT('',#8715);
#8715 = CARTESIAN_POINT('',(46.968208312988,-13.59770679473,3.));
#8716 = LINE('',#8717,#8718);
#8717 = CARTESIAN_POINT('',(46.820350646973,-13.32108783721,3.));
#8718 = VECTOR('',#8719,1.);
#8719 = DIRECTION('',(0.471401083326,-0.881918941082,0.));
#8720 = ORIENTED_EDGE('',*,*,#8721,.T.);
#8721 = EDGE_CURVE('',#8714,#8722,#8724,.T.);
#8722 = VERTEX_POINT('',#8723);
#8723 = CARTESIAN_POINT('',(47.059257507324,-13.89785575866,3.));
#8724 = LINE('',#8725,#8726);
#8725 = CARTESIAN_POINT('',(46.968208312988,-13.59770679473,3.));
#8726 = VECTOR('',#8727,1.);
#8727 = DIRECTION('',(0.290284681751,-0.956940334368,0.));
#8728 = ORIENTED_EDGE('',*,*,#8729,.T.);
#8729 = EDGE_CURVE('',#8722,#8730,#8732,.T.);
#8730 = VERTEX_POINT('',#8731);
#8731 = CARTESIAN_POINT('',(47.090000152588,-14.21000003814,3.));
#8732 = LINE('',#8733,#8734);
#8733 = CARTESIAN_POINT('',(47.059257507324,-13.89785575866,3.));
#8734 = VECTOR('',#8735,1.);
#8735 = DIRECTION('',(9.801435257998E-02,-0.995185001238,0.));
#8736 = ORIENTED_EDGE('',*,*,#8737,.T.);
#8737 = EDGE_CURVE('',#8730,#8738,#8740,.T.);
#8738 = VERTEX_POINT('',#8739);
#8739 = CARTESIAN_POINT('',(47.059257507324,-14.52214431762,3.));
#8740 = LINE('',#8741,#8742);
#8741 = CARTESIAN_POINT('',(47.090000152588,-14.21000003814,3.));
#8742 = VECTOR('',#8743,1.);
#8743 = DIRECTION('',(-9.801435257998E-02,-0.995185001238,0.));
#8744 = ORIENTED_EDGE('',*,*,#8745,.T.);
#8745 = EDGE_CURVE('',#8738,#8746,#8748,.T.);
#8746 = VERTEX_POINT('',#8747);
#8747 = CARTESIAN_POINT('',(46.968208312988,-14.82229328155,3.));
#8748 = LINE('',#8749,#8750);
#8749 = CARTESIAN_POINT('',(47.059257507324,-14.52214431762,3.));
#8750 = VECTOR('',#8751,1.);
#8751 = DIRECTION('',(-0.290284681751,-0.956940334368,0.));
#8752 = ORIENTED_EDGE('',*,*,#8753,.T.);
#8753 = EDGE_CURVE('',#8746,#8754,#8756,.T.);
#8754 = VERTEX_POINT('',#8755);
#8755 = CARTESIAN_POINT('',(46.820350646973,-15.09891223907,3.));
#8756 = LINE('',#8757,#8758);
#8757 = CARTESIAN_POINT('',(46.968208312988,-14.82229328155,3.));
#8758 = VECTOR('',#8759,1.);
#8759 = DIRECTION('',(-0.471401083326,-0.881918941082,0.));
#8760 = ORIENTED_EDGE('',*,*,#8761,.T.);
#8761 = EDGE_CURVE('',#8754,#8762,#8764,.T.);
#8762 = VERTEX_POINT('',#8763);
#8763 = CARTESIAN_POINT('',(46.6213722229,-15.34137058258,3.));
#8764 = LINE('',#8765,#8766);
#8765 = CARTESIAN_POINT('',(46.820350646973,-15.09891223907,3.));
#8766 = VECTOR('',#8767,1.);
#8767 = DIRECTION('',(-0.634389481355,-0.773013574231,0.));
#8768 = ORIENTED_EDGE('',*,*,#8769,.F.);
#8769 = EDGE_CURVE('',#8770,#8762,#8772,.T.);
#8770 = VERTEX_POINT('',#8771);
#8771 = CARTESIAN_POINT('',(45.157314300537,-16.80542564392,3.));
#8772 = LINE('',#8773,#8774);
#8773 = CARTESIAN_POINT('',(45.157314300537,-16.80542564392,3.));
#8774 = VECTOR('',#8775,1.);
#8775 = DIRECTION('',(0.707107472091,0.707106090281,0.));
#8776 = ORIENTED_EDGE('',*,*,#8777,.F.);
#8777 = EDGE_CURVE('',#8778,#8770,#8780,.T.);
#8778 = VERTEX_POINT('',#8779);
#8779 = CARTESIAN_POINT('',(45.157314300537,-18.07821846008,3.));
#8780 = LINE('',#8781,#8782);
#8781 = CARTESIAN_POINT('',(45.157314300537,-18.07821846008,3.));
#8782 = VECTOR('',#8783,1.);
#8783 = DIRECTION('',(0.,1.,0.));
#8784 = ORIENTED_EDGE('',*,*,#8785,.T.);
#8785 = EDGE_CURVE('',#8778,#8786,#8788,.T.);
#8786 = VERTEX_POINT('',#8787);
#8787 = CARTESIAN_POINT('',(46.055976867676,-19.35496902465,3.));
#8788 = LINE('',#8789,#8790);
#8789 = CARTESIAN_POINT('',(45.157314300537,-18.07821846008,3.));
#8790 = VECTOR('',#8791,1.);
#8791 = DIRECTION('',(0.575582701958,-0.817743574237,0.));
#8792 = ORIENTED_EDGE('',*,*,#8793,.T.);
#8793 = EDGE_CURVE('',#8786,#8794,#8796,.T.);
#8794 = VERTEX_POINT('',#8795);
#8795 = CARTESIAN_POINT('',(46.847175598145,-20.7009601593,3.));
#8796 = LINE('',#8797,#8798);
#8797 = CARTESIAN_POINT('',(46.055976867676,-19.35496902465,3.));
#8798 = VECTOR('',#8799,1.);
#8799 = DIRECTION('',(0.506753271054,-0.862091133394,0.));
#8800 = ORIENTED_EDGE('',*,*,#8801,.T.);
#8801 = EDGE_CURVE('',#8794,#8802,#8804,.T.);
#8802 = VERTEX_POINT('',#8803);
#8803 = CARTESIAN_POINT('',(47.525985717773,-22.10698127746,3.));
#8804 = LINE('',#8805,#8806);
#8805 = CARTESIAN_POINT('',(46.847175598145,-20.7009601593,3.));
#8806 = VECTOR('',#8807,1.);
#8807 = DIRECTION('',(0.434770520324,-0.900541278708,0.));
#8808 = ORIENTED_EDGE('',*,*,#8809,.T.);
#8809 = EDGE_CURVE('',#8802,#8810,#8812,.T.);
#8810 = VERTEX_POINT('',#8811);
#8811 = CARTESIAN_POINT('',(48.087490081787,-23.5638256073,3.));
#8812 = LINE('',#8813,#8814);
#8813 = CARTESIAN_POINT('',(47.525985717773,-22.10698127746,3.));
#8814 = VECTOR('',#8815,1.);
#8815 = DIRECTION('',(0.359637161715,-0.933092231193,0.));
#8816 = ORIENTED_EDGE('',*,*,#8817,.T.);
#8817 = EDGE_CURVE('',#8810,#8818,#8820,.T.);
#8818 = VERTEX_POINT('',#8819);
#8819 = CARTESIAN_POINT('',(48.528339385986,-25.06160163879,3.));
#8820 = LINE('',#8821,#8822);
#8821 = CARTESIAN_POINT('',(48.087490081787,-23.5638256073,3.));
#8822 = VECTOR('',#8823,1.);
#8823 = DIRECTION('',(0.2823590488,-0.95930879677,0.));
#8824 = ORIENTED_EDGE('',*,*,#8825,.T.);
#8825 = EDGE_CURVE('',#8818,#8826,#8828,.T.);
#8826 = VERTEX_POINT('',#8827);
#8827 = CARTESIAN_POINT('',(48.84517288208,-26.59042549133,3.));
#8828 = LINE('',#8829,#8830);
#8829 = CARTESIAN_POINT('',(48.528339385986,-25.06160163879,3.));
#8830 = VECTOR('',#8831,1.);
#8831 = DIRECTION('',(0.202928115644,-0.979193637582,0.));
#8832 = ORIENTED_EDGE('',*,*,#8833,.T.);
#8833 = EDGE_CURVE('',#8826,#8834,#8836,.T.);
#8834 = VERTEX_POINT('',#8835);
#8835 = CARTESIAN_POINT('',(49.036293029785,-28.13999176025,3.));
#8836 = LINE('',#8837,#8838);
#8837 = CARTESIAN_POINT('',(48.84517288208,-26.59042549133,3.));
#8838 = VECTOR('',#8839,1.);
#8839 = DIRECTION('',(0.122410282355,-0.992479583051,0.));
#8840 = ORIENTED_EDGE('',*,*,#8841,.T.);
#8841 = EDGE_CURVE('',#8834,#8842,#8844,.T.);
#8842 = VERTEX_POINT('',#8843);
#8843 = CARTESIAN_POINT('',(49.099998474121,-29.70000076293,3.));
#8844 = LINE('',#8845,#8846);
#8845 = CARTESIAN_POINT('',(49.036293029785,-28.13999176025,3.));
#8846 = VECTOR('',#8847,1.);
#8847 = DIRECTION('',(4.080258005852E-02,-0.999167227976,0.));
#8848 = ORIENTED_EDGE('',*,*,#8849,.T.);
#8849 = EDGE_CURVE('',#8842,#8850,#8852,.T.);
#8850 = VERTEX_POINT('',#8851);
#8851 = CARTESIAN_POINT('',(49.036293029785,-31.26000785827,3.));
#8852 = LINE('',#8853,#8854);
#8853 = CARTESIAN_POINT('',(49.099998474121,-29.70000076293,3.));
#8854 = VECTOR('',#8855,1.);
#8855 = DIRECTION('',(-4.08026298629E-02,-0.999167225942,0.));
#8856 = ORIENTED_EDGE('',*,*,#8857,.T.);
#8857 = EDGE_CURVE('',#8850,#8858,#8860,.T.);
#8858 = VERTEX_POINT('',#8859);
#8859 = CARTESIAN_POINT('',(48.84517288208,-32.80957412719,3.));
#8860 = LINE('',#8861,#8862);
#8861 = CARTESIAN_POINT('',(49.036293029785,-31.26000785827,3.));
#8862 = VECTOR('',#8863,1.);
#8863 = DIRECTION('',(-0.122410282355,-0.992479583051,0.));
#8864 = ORIENTED_EDGE('',*,*,#8865,.T.);
#8865 = EDGE_CURVE('',#8858,#8866,#8868,.T.);
#8866 = VERTEX_POINT('',#8867);
#8867 = CARTESIAN_POINT('',(48.528339385986,-34.33839797973,3.));
#8868 = LINE('',#8869,#8870);
#8869 = CARTESIAN_POINT('',(48.84517288208,-32.80957412719,3.));
#8870 = VECTOR('',#8871,1.);
#8871 = DIRECTION('',(-0.202928115644,-0.979193637582,0.));
#8872 = ORIENTED_EDGE('',*,*,#8873,.T.);
#8873 = EDGE_CURVE('',#8866,#8874,#8876,.T.);
#8874 = VERTEX_POINT('',#8875);
#8875 = CARTESIAN_POINT('',(48.087490081787,-35.83617401123,3.));
#8876 = LINE('',#8877,#8878);
#8877 = CARTESIAN_POINT('',(48.528339385986,-34.33839797973,3.));
#8878 = VECTOR('',#8879,1.);
#8879 = DIRECTION('',(-0.2823590488,-0.95930879677,0.));
#8880 = ORIENTED_EDGE('',*,*,#8881,.T.);
#8881 = EDGE_CURVE('',#8874,#8882,#8884,.T.);
#8882 = VERTEX_POINT('',#8883);
#8883 = CARTESIAN_POINT('',(47.525985717773,-37.29301834106,3.));
#8884 = LINE('',#8885,#8886);
#8885 = CARTESIAN_POINT('',(48.087490081787,-35.83617401123,3.));
#8886 = VECTOR('',#8887,1.);
#8887 = DIRECTION('',(-0.359637161715,-0.933092231193,0.));
#8888 = ORIENTED_EDGE('',*,*,#8889,.T.);
#8889 = EDGE_CURVE('',#8882,#8890,#8892,.T.);
#8890 = VERTEX_POINT('',#8891);
#8891 = CARTESIAN_POINT('',(46.847175598145,-38.69903945922,3.));
#8892 = LINE('',#8893,#8894);
#8893 = CARTESIAN_POINT('',(47.525985717773,-37.29301834106,3.));
#8894 = VECTOR('',#8895,1.);
#8895 = DIRECTION('',(-0.434770520324,-0.900541278708,0.));
#8896 = ORIENTED_EDGE('',*,*,#8897,.T.);
#8897 = EDGE_CURVE('',#8890,#8898,#8900,.T.);
#8898 = VERTEX_POINT('',#8899);
#8899 = CARTESIAN_POINT('',(46.055976867676,-40.04503250122,3.));
#8900 = LINE('',#8901,#8902);
#8901 = CARTESIAN_POINT('',(46.847175598145,-38.69903945922,3.));
#8902 = VECTOR('',#8903,1.);
#8903 = DIRECTION('',(-0.506752737362,-0.862091447108,0.));
#8904 = ORIENTED_EDGE('',*,*,#8905,.T.);
#8905 = EDGE_CURVE('',#8898,#8906,#8908,.T.);
#8906 = VERTEX_POINT('',#8907);
#8907 = CARTESIAN_POINT('',(45.157314300537,-41.32178115844,3.));
#8908 = LINE('',#8909,#8910);
#8909 = CARTESIAN_POINT('',(46.055976867676,-40.04503250122,3.));
#8910 = VECTOR('',#8911,1.);
#8911 = DIRECTION('',(-0.575583276956,-0.817743169515,0.));
#8912 = ORIENTED_EDGE('',*,*,#8913,.T.);
#8913 = EDGE_CURVE('',#8906,#8914,#8916,.T.);
#8914 = VERTEX_POINT('',#8915);
#8915 = CARTESIAN_POINT('',(45.157314300537,-42.5945739746,3.));
#8916 = LINE('',#8917,#8918);
#8917 = CARTESIAN_POINT('',(45.157314300537,-41.32178115844,3.));
#8918 = VECTOR('',#8919,1.);
#8919 = DIRECTION('',(0.,-1.,0.));
#8920 = ORIENTED_EDGE('',*,*,#8921,.T.);
#8921 = EDGE_CURVE('',#8914,#8922,#8924,.T.);
#8922 = VERTEX_POINT('',#8923);
#8923 = CARTESIAN_POINT('',(46.6213722229,-44.05862808227,3.));
#8924 = LINE('',#8925,#8926);
#8925 = CARTESIAN_POINT('',(45.157314300537,-42.5945739746,3.));
#8926 = VECTOR('',#8927,1.);
#8927 = DIRECTION('',(0.707107702393,-0.707105859979,0.));
#8928 = ORIENTED_EDGE('',*,*,#8929,.T.);
#8929 = EDGE_CURVE('',#8922,#8930,#8932,.T.);
#8930 = VERTEX_POINT('',#8931);
#8931 = CARTESIAN_POINT('',(46.820350646973,-44.30108642578,3.));
#8932 = LINE('',#8933,#8934);
#8933 = CARTESIAN_POINT('',(46.6213722229,-44.05862808227,3.));
#8934 = VECTOR('',#8935,1.);
#8935 = DIRECTION('',(0.634389481355,-0.773013574231,0.));
#8936 = ORIENTED_EDGE('',*,*,#8937,.T.);
#8937 = EDGE_CURVE('',#8930,#8938,#8940,.T.);
#8938 = VERTEX_POINT('',#8939);
#8939 = CARTESIAN_POINT('',(46.968208312988,-44.5777053833,3.));
#8940 = LINE('',#8941,#8942);
#8941 = CARTESIAN_POINT('',(46.820350646973,-44.30108642578,3.));
#8942 = VECTOR('',#8943,1.);
#8943 = DIRECTION('',(0.471401083326,-0.881918941082,0.));
#8944 = ORIENTED_EDGE('',*,*,#8945,.T.);
#8945 = EDGE_CURVE('',#8938,#8946,#8948,.T.);
#8946 = VERTEX_POINT('',#8947);
#8947 = CARTESIAN_POINT('',(47.059257507324,-44.87785720825,3.));
#8948 = LINE('',#8949,#8950);
#8949 = CARTESIAN_POINT('',(46.968208312988,-44.5777053833,3.));
#8950 = VECTOR('',#8951,1.);
#8951 = DIRECTION('',(0.290282147937,-0.956941102989,0.));
#8952 = ORIENTED_EDGE('',*,*,#8953,.T.);
#8953 = EDGE_CURVE('',#8946,#8954,#8956,.T.);
#8954 = VERTEX_POINT('',#8955);
#8955 = CARTESIAN_POINT('',(47.090000152588,-45.1899986267,3.));
#8956 = LINE('',#8957,#8958);
#8957 = CARTESIAN_POINT('',(47.059257507324,-44.87785720825,3.));
#8958 = VECTOR('',#8959,1.);
#8959 = DIRECTION('',(9.801524232836E-02,-0.995184913607,0.));
#8960 = ORIENTED_EDGE('',*,*,#8961,.T.);
#8961 = EDGE_CURVE('',#8954,#8962,#8964,.T.);
#8962 = VERTEX_POINT('',#8963);
#8963 = CARTESIAN_POINT('',(47.059257507324,-45.50214385986,3.));
#8964 = LINE('',#8965,#8966);
#8965 = CARTESIAN_POINT('',(47.090000152588,-45.1899986267,3.));
#8966 = VECTOR('',#8967,1.);
#8967 = DIRECTION('',(-9.801405600076E-02,-0.995185030447,0.));
#8968 = ORIENTED_EDGE('',*,*,#8969,.T.);
#8969 = EDGE_CURVE('',#8962,#8970,#8972,.T.);
#8970 = VERTEX_POINT('',#8971);
#8971 = CARTESIAN_POINT('',(46.968208312988,-45.80229187011,3.));
#8972 = LINE('',#8973,#8974);
#8973 = CARTESIAN_POINT('',(47.059257507324,-45.50214385986,3.));
#8974 = VECTOR('',#8975,1.);
#8975 = DIRECTION('',(-0.290285526365,-0.956940078157,0.));
#8976 = ORIENTED_EDGE('',*,*,#8977,.T.);
#8977 = EDGE_CURVE('',#8970,#8978,#8980,.T.);
#8978 = VERTEX_POINT('',#8979);
#8979 = CARTESIAN_POINT('',(46.820350646973,-46.07891082763,3.));
#8980 = LINE('',#8981,#8982);
#8981 = CARTESIAN_POINT('',(46.968208312988,-45.80229187011,3.));
#8982 = VECTOR('',#8983,1.);
#8983 = DIRECTION('',(-0.471401083326,-0.881918941082,0.));
#8984 = ORIENTED_EDGE('',*,*,#8985,.T.);
#8985 = EDGE_CURVE('',#8978,#8986,#8988,.T.);
#8986 = VERTEX_POINT('',#8987);
#8987 = CARTESIAN_POINT('',(46.6213722229,-46.32136917114,3.));
#8988 = LINE('',#8989,#8990);
#8989 = CARTESIAN_POINT('',(46.820350646973,-46.07891082763,3.));
#8990 = VECTOR('',#8991,1.);
#8991 = DIRECTION('',(-0.634389481355,-0.773013574231,0.));
#8992 = ORIENTED_EDGE('',*,*,#8993,.T.);
#8993 = EDGE_CURVE('',#8986,#8994,#8996,.T.);
#8994 = VERTEX_POINT('',#8995);
#8995 = CARTESIAN_POINT('',(46.378913879395,-46.52035140991,3.));
#8996 = LINE('',#8997,#8998);
#8997 = CARTESIAN_POINT('',(46.6213722229,-46.32136917114,3.));
#8998 = VECTOR('',#8999,1.);
#8999 = DIRECTION('',(-0.77300761003,-0.634396748759,0.));
#9000 = ORIENTED_EDGE('',*,*,#9001,.T.);
#9001 = EDGE_CURVE('',#8994,#9002,#9004,.T.);
#9002 = VERTEX_POINT('',#9003);
#9003 = CARTESIAN_POINT('',(46.102294921875,-46.66820907592,3.));
#9004 = LINE('',#9005,#9006);
#9005 = CARTESIAN_POINT('',(46.378913879395,-46.52035140991,3.));
#9006 = VECTOR('',#9007,1.);
#9007 = DIRECTION('',(-0.881918941082,-0.471401083326,0.));
#9008 = ORIENTED_EDGE('',*,*,#9009,.T.);
#9009 = EDGE_CURVE('',#9002,#9010,#9012,.T.);
#9010 = VERTEX_POINT('',#9011);
#9011 = CARTESIAN_POINT('',(45.802143096924,-46.75925827026,3.));
#9012 = LINE('',#9013,#9014);
#9013 = CARTESIAN_POINT('',(46.102294921875,-46.66820907592,3.));
#9014 = VECTOR('',#9015,1.);
#9015 = DIRECTION('',(-0.956941102989,-0.290282147937,0.));
#9016 = ORIENTED_EDGE('',*,*,#9017,.T.);
#9017 = EDGE_CURVE('',#9010,#9018,#9020,.T.);
#9018 = VERTEX_POINT('',#9019);
#9019 = CARTESIAN_POINT('',(45.490001678467,-46.79000091552,3.));
#9020 = LINE('',#9021,#9022);
#9021 = CARTESIAN_POINT('',(45.802143096924,-46.75925827026,3.));
#9022 = VECTOR('',#9023,1.);
#9023 = DIRECTION('',(-0.995184913607,-9.801524232836E-02,0.));
#9024 = ORIENTED_EDGE('',*,*,#9025,.T.);
#9025 = EDGE_CURVE('',#9018,#9026,#9028,.T.);
#9026 = VERTEX_POINT('',#9027);
#9027 = CARTESIAN_POINT('',(45.177856445312,-46.75925827026,3.));
#9028 = LINE('',#9029,#9030);
#9029 = CARTESIAN_POINT('',(45.490001678467,-46.79000091552,3.));
#9030 = VECTOR('',#9031,1.);
#9031 = DIRECTION('',(-0.995185030447,9.801405600076E-02,0.));
#9032 = ORIENTED_EDGE('',*,*,#9033,.T.);
#9033 = EDGE_CURVE('',#9026,#9034,#9036,.T.);
#9034 = VERTEX_POINT('',#9035);
#9035 = CARTESIAN_POINT('',(44.877704620361,-46.66820907592,3.));
#9036 = LINE('',#9037,#9038);
#9037 = CARTESIAN_POINT('',(45.177856445312,-46.75925827026,3.));
#9038 = VECTOR('',#9039,1.);
#9039 = DIRECTION('',(-0.956941102989,0.290282147937,0.));
#9040 = ORIENTED_EDGE('',*,*,#9041,.T.);
#9041 = EDGE_CURVE('',#9034,#9042,#9044,.T.);
#9042 = VERTEX_POINT('',#9043);
#9043 = CARTESIAN_POINT('',(44.601089477539,-46.52035140991,3.));
#9044 = LINE('',#9045,#9046);
#9045 = CARTESIAN_POINT('',(44.877704620361,-46.66820907592,3.));
#9046 = VECTOR('',#9047,1.);
#9047 = DIRECTION('',(-0.8819162384,0.471406139594,0.));
#9048 = ORIENTED_EDGE('',*,*,#9049,.T.);
#9049 = EDGE_CURVE('',#9042,#9050,#9052,.T.);
#9050 = VERTEX_POINT('',#9051);
#9051 = CARTESIAN_POINT('',(44.358627319336,-46.32136917114,3.));
#9052 = LINE('',#9053,#9054);
#9053 = CARTESIAN_POINT('',(44.601089477539,-46.52035140991,3.));
#9054 = VECTOR('',#9055,1.);
#9055 = DIRECTION('',(-0.773012504689,0.634390784607,0.));
#9056 = ORIENTED_EDGE('',*,*,#9057,.F.);
#9057 = EDGE_CURVE('',#9058,#9050,#9060,.T.);
#9058 = VERTEX_POINT('',#9059);
#9059 = CARTESIAN_POINT('',(42.89457321167,-44.85731506347,3.));
#9060 = LINE('',#9061,#9062);
#9061 = CARTESIAN_POINT('',(42.89457321167,-44.85731506347,3.));
#9062 = VECTOR('',#9063,1.);
#9063 = DIRECTION('',(0.707106781187,-0.707106781187,0.));
#9064 = ORIENTED_EDGE('',*,*,#9065,.F.);
#9065 = EDGE_CURVE('',#9066,#9058,#9068,.T.);
#9066 = VERTEX_POINT('',#9067);
#9067 = CARTESIAN_POINT('',(41.621780395508,-44.85731506347,3.));
#9068 = LINE('',#9069,#9070);
#9069 = CARTESIAN_POINT('',(41.621780395508,-44.85731506347,3.));
#9070 = VECTOR('',#9071,1.);
#9071 = DIRECTION('',(1.,0.,0.));
#9072 = ORIENTED_EDGE('',*,*,#9073,.T.);
#9073 = EDGE_CURVE('',#9066,#9074,#9076,.T.);
#9074 = VERTEX_POINT('',#9075);
#9075 = CARTESIAN_POINT('',(40.345031738281,-45.75597763061,3.));
#9076 = LINE('',#9077,#9078);
#9077 = CARTESIAN_POINT('',(41.621780395508,-44.85731506347,3.));
#9078 = VECTOR('',#9079,1.);
#9079 = DIRECTION('',(-0.817743169515,-0.575583276956,0.));
#9080 = ORIENTED_EDGE('',*,*,#9081,.T.);
#9081 = EDGE_CURVE('',#9074,#9082,#9084,.T.);
#9082 = VERTEX_POINT('',#9083);
#9083 = CARTESIAN_POINT('',(38.999042510986,-46.54717254638,3.));
#9084 = LINE('',#9085,#9086);
#9085 = CARTESIAN_POINT('',(40.345031738281,-45.75597763061,3.));
#9086 = VECTOR('',#9087,1.);
#9087 = DIRECTION('',(-0.862091887065,-0.506751988903,0.));
#9088 = ORIENTED_EDGE('',*,*,#9089,.T.);
#9089 = EDGE_CURVE('',#9082,#9090,#9092,.T.);
#9090 = VERTEX_POINT('',#9091);
#9091 = CARTESIAN_POINT('',(37.593017578125,-47.22598648071,3.));
#9092 = LINE('',#9093,#9094);
#9093 = CARTESIAN_POINT('',(38.999042510986,-46.54717254638,3.));
#9094 = VECTOR('',#9095,1.);
#9095 = DIRECTION('',(-0.900540783938,-0.434771545141,0.));
#9096 = ORIENTED_EDGE('',*,*,#9097,.T.);
#9097 = EDGE_CURVE('',#9090,#9098,#9100,.T.);
#9098 = VERTEX_POINT('',#9099);
#9099 = CARTESIAN_POINT('',(36.136173248291,-47.78749084472,3.));
#9100 = LINE('',#9101,#9102);
#9101 = CARTESIAN_POINT('',(37.593017578125,-47.22598648071,3.));
#9102 = VECTOR('',#9103,1.);
#9103 = DIRECTION('',(-0.933092231193,-0.359637161715,0.));
#9104 = ORIENTED_EDGE('',*,*,#9105,.T.);
#9105 = EDGE_CURVE('',#9098,#9106,#9108,.T.);
#9106 = VERTEX_POINT('',#9107);
#9107 = CARTESIAN_POINT('',(34.638397216797,-48.22834014892,3.));
#9108 = LINE('',#9109,#9110);
#9109 = CARTESIAN_POINT('',(36.136173248291,-47.78749084472,3.));
#9110 = VECTOR('',#9111,1.);
#9111 = DIRECTION('',(-0.95930879677,-0.2823590488,0.));
#9112 = ORIENTED_EDGE('',*,*,#9113,.T.);
#9113 = EDGE_CURVE('',#9106,#9114,#9116,.T.);
#9114 = VERTEX_POINT('',#9115);
#9115 = CARTESIAN_POINT('',(33.109573364258,-48.54517364502,3.));
#9116 = LINE('',#9117,#9118);
#9117 = CARTESIAN_POINT('',(34.638397216797,-48.22834014892,3.));
#9118 = VECTOR('',#9119,1.);
#9119 = DIRECTION('',(-0.979193637582,-0.202928115644,0.));
#9120 = ORIENTED_EDGE('',*,*,#9121,.T.);
#9121 = EDGE_CURVE('',#9114,#9122,#9124,.T.);
#9122 = VERTEX_POINT('',#9123);
#9123 = CARTESIAN_POINT('',(31.560007095337,-48.73629379272,3.));
#9124 = LINE('',#9125,#9126);
#9125 = CARTESIAN_POINT('',(33.109573364258,-48.54517364502,3.));
#9126 = VECTOR('',#9127,1.);
#9127 = DIRECTION('',(-0.992479583051,-0.122410282355,0.));
#9128 = ORIENTED_EDGE('',*,*,#9129,.T.);
#9129 = EDGE_CURVE('',#9122,#9130,#9132,.T.);
#9130 = VERTEX_POINT('',#9131);
#9131 = CARTESIAN_POINT('',(30.,-48.79999923706,3.));
#9132 = LINE('',#9133,#9134);
#9133 = CARTESIAN_POINT('',(31.560007095337,-48.73629379272,3.));
#9134 = VECTOR('',#9135,1.);
#9135 = DIRECTION('',(-0.999167225942,-4.08026298629E-02,0.));
#9136 = ORIENTED_EDGE('',*,*,#9137,.T.);
#9137 = EDGE_CURVE('',#9130,#9138,#9140,.T.);
#9138 = VERTEX_POINT('',#9139);
#9139 = CARTESIAN_POINT('',(28.439992904663,-48.73629379272,3.));
#9140 = LINE('',#9141,#9142);
#9141 = CARTESIAN_POINT('',(30.,-48.79999923706,3.));
#9142 = VECTOR('',#9143,1.);
#9143 = DIRECTION('',(-0.999167225942,4.08026298629E-02,0.));
#9144 = ORIENTED_EDGE('',*,*,#9145,.T.);
#9145 = EDGE_CURVE('',#9138,#9146,#9148,.T.);
#9146 = VERTEX_POINT('',#9147);
#9147 = CARTESIAN_POINT('',(26.890424728394,-48.54517364502,3.));
#9148 = LINE('',#9149,#9150);
#9149 = CARTESIAN_POINT('',(28.439992904663,-48.73629379272,3.));
#9150 = VECTOR('',#9151,1.);
#9151 = DIRECTION('',(-0.992479601357,0.12241013394,0.));
#9152 = ORIENTED_EDGE('',*,*,#9153,.T.);
#9153 = EDGE_CURVE('',#9146,#9154,#9156,.T.);
#9154 = VERTEX_POINT('',#9155);
#9155 = CARTESIAN_POINT('',(25.361602783203,-48.22834014892,3.));
#9156 = LINE('',#9157,#9158);
#9157 = CARTESIAN_POINT('',(26.890424728394,-48.54517364502,3.));
#9158 = VECTOR('',#9159,1.);
#9159 = DIRECTION('',(-0.979193587275,0.202928358391,0.));
#9160 = ORIENTED_EDGE('',*,*,#9161,.T.);
#9161 = EDGE_CURVE('',#9154,#9162,#9164,.T.);
#9162 = VERTEX_POINT('',#9163);
#9163 = CARTESIAN_POINT('',(23.86382484436,-47.78749084472,3.));
#9164 = LINE('',#9165,#9166);
#9165 = CARTESIAN_POINT('',(25.361602783203,-48.22834014892,3.));
#9166 = VECTOR('',#9167,1.);
#9167 = DIRECTION('',(-0.959308894167,0.282358717897,0.));
#9168 = ORIENTED_EDGE('',*,*,#9169,.T.);
#9169 = EDGE_CURVE('',#9162,#9170,#9172,.T.);
#9170 = VERTEX_POINT('',#9171);
#9171 = CARTESIAN_POINT('',(22.406982421875,-47.22598648071,3.));
#9172 = LINE('',#9173,#9174);
#9173 = CARTESIAN_POINT('',(23.86382484436,-47.78749084472,3.));
#9174 = VECTOR('',#9175,1.);
#9175 = DIRECTION('',(-0.933092073188,0.359637571665,0.));
#9176 = ORIENTED_EDGE('',*,*,#9177,.T.);
#9177 = EDGE_CURVE('',#9170,#9178,#9180,.T.);
#9178 = VERTEX_POINT('',#9179);
#9179 = CARTESIAN_POINT('',(21.000959396362,-46.54717254638,3.));
#9180 = LINE('',#9181,#9182);
#9181 = CARTESIAN_POINT('',(22.406982421875,-47.22598648071,3.));
#9182 = VECTOR('',#9183,1.);
#9183 = DIRECTION('',(-0.900540553017,0.434772023446,0.));
#9184 = ORIENTED_EDGE('',*,*,#9185,.T.);
#9185 = EDGE_CURVE('',#9178,#9186,#9188,.T.);
#9186 = VERTEX_POINT('',#9187);
#9187 = CARTESIAN_POINT('',(19.654968261719,-45.75597763061,3.));
#9188 = LINE('',#9189,#9190);
#9189 = CARTESIAN_POINT('',(21.000959396362,-46.54717254638,3.));
#9190 = VECTOR('',#9191,1.);
#9191 = DIRECTION('',(-0.862092200778,0.506751455211,0.));
#9192 = ORIENTED_EDGE('',*,*,#9193,.T.);
#9193 = EDGE_CURVE('',#9186,#9194,#9196,.T.);
#9194 = VERTEX_POINT('',#9195);
#9195 = CARTESIAN_POINT('',(18.378219604492,-44.85731506347,3.));
#9196 = LINE('',#9197,#9198);
#9197 = CARTESIAN_POINT('',(19.654968261719,-45.75597763061,3.));
#9198 = VECTOR('',#9199,1.);
#9199 = DIRECTION('',(-0.817743169515,0.575583276956,0.));
#9200 = ORIENTED_EDGE('',*,*,#9201,.T.);
#9201 = EDGE_CURVE('',#9194,#9202,#9204,.T.);
#9202 = VERTEX_POINT('',#9203);
#9203 = CARTESIAN_POINT('',(17.10542678833,-44.85731506347,3.));
#9204 = LINE('',#9205,#9206);
#9205 = CARTESIAN_POINT('',(18.378219604492,-44.85731506347,3.));
#9206 = VECTOR('',#9207,1.);
#9207 = DIRECTION('',(-1.,0.,0.));
#9208 = ORIENTED_EDGE('',*,*,#9209,.T.);
#9209 = EDGE_CURVE('',#9202,#9210,#9212,.T.);
#9210 = VERTEX_POINT('',#9211);
#9211 = CARTESIAN_POINT('',(15.641370773315,-46.32136917114,3.));
#9212 = LINE('',#9213,#9214);
#9213 = CARTESIAN_POINT('',(17.10542678833,-44.85731506347,3.));
#9214 = VECTOR('',#9215,1.);
#9215 = DIRECTION('',(-0.70710724179,-0.707106320582,0.));
#9216 = ORIENTED_EDGE('',*,*,#9217,.T.);
#9217 = EDGE_CURVE('',#9210,#9218,#9220,.T.);
#9218 = VERTEX_POINT('',#9219);
#9219 = CARTESIAN_POINT('',(15.463175773621,-46.47520828247,3.));
#9220 = LINE('',#9221,#9222);
#9221 = CARTESIAN_POINT('',(15.641370773315,-46.32136917114,3.));
#9222 = VECTOR('',#9223,1.);
#9223 = DIRECTION('',(-0.756941865867,-0.653482219879,0.));
#9224 = ORIENTED_EDGE('',*,*,#9225,.T.);
#9225 = EDGE_CURVE('',#9218,#9226,#9228,.T.);
#9226 = VERTEX_POINT('',#9227);
#9227 = CARTESIAN_POINT('',(15.264234542847,-46.60107421875,3.));
#9228 = LINE('',#9229,#9230);
#9229 = CARTESIAN_POINT('',(15.463175773621,-46.47520828247,3.));
#9230 = VECTOR('',#9231,1.);
#9231 = DIRECTION('',(-0.845068937227,-0.534657358813,0.));
#9232 = ORIENTED_EDGE('',*,*,#9233,.T.);
#9233 = EDGE_CURVE('',#9226,#8024,#9234,.T.);
#9234 = LINE('',#9235,#9236);
#9235 = CARTESIAN_POINT('',(15.264234542847,-46.60107421875,3.));
#9236 = VECTOR('',#9237,1.);
#9237 = DIRECTION('',(-0.914046607918,-0.405609169711,0.));
#9238 = FACE_BOUND('',#9239,.F.);
#9239 = EDGE_LOOP('',(#9240,#9248,#9256,#9264,#9272,#9278,#9286,#9294,
    #9302,#9308,#9316,#9324,#9332,#9338,#9346,#9354,#9362,#9368,#9369,
    #9377,#9385,#9393,#9401,#9409,#9417,#9425,#9433,#9441,#9449,#9457,
    #9465,#9473,#9481,#9489));
#9240 = ORIENTED_EDGE('',*,*,#9241,.T.);
#9241 = EDGE_CURVE('',#9242,#3777,#9244,.T.);
#9242 = VERTEX_POINT('',#9243);
#9243 = CARTESIAN_POINT('',(7.449999809265,-88.44999694824,3.));
#9244 = LINE('',#9245,#9246);
#9245 = CARTESIAN_POINT('',(7.449999809265,-88.44999694824,3.));
#9246 = VECTOR('',#9247,1.);
#9247 = DIRECTION('',(0.,1.,0.));
#9248 = ORIENTED_EDGE('',*,*,#9249,.T.);
#9249 = EDGE_CURVE('',#3777,#9250,#9252,.T.);
#9250 = VERTEX_POINT('',#9251);
#9251 = CARTESIAN_POINT('',(7.498997688293,-66.45252227783,3.));
#9252 = LINE('',#9253,#9254);
#9253 = CARTESIAN_POINT('',(7.449999809265,-66.94999694824,3.));
#9254 = VECTOR('',#9255,1.);
#9255 = DIRECTION('',(9.801892465622E-02,0.99518455093,0.));
#9256 = ORIENTED_EDGE('',*,*,#9257,.T.);
#9257 = EDGE_CURVE('',#9250,#9258,#9260,.T.);
#9258 = VERTEX_POINT('',#9259);
#9259 = CARTESIAN_POINT('',(7.644107341766,-65.97415924072,3.));
#9260 = LINE('',#9261,#9262);
#9261 = CARTESIAN_POINT('',(7.498997688293,-66.45252227783,3.));
#9262 = VECTOR('',#9263,1.);
#9263 = DIRECTION('',(0.29028433397,0.956940439866,0.));
#9264 = ORIENTED_EDGE('',*,*,#9265,.T.);
#9265 = EDGE_CURVE('',#9258,#9266,#9268,.T.);
#9266 = VERTEX_POINT('',#9267);
#9267 = CARTESIAN_POINT('',(7.879752635956,-65.53329467773,3.));
#9268 = LINE('',#9269,#9270);
#9269 = CARTESIAN_POINT('',(7.644107341766,-65.97415924072,3.));
#9270 = VECTOR('',#9271,1.);
#9271 = DIRECTION('',(0.471394054161,0.881922698257,0.));
#9272 = ORIENTED_EDGE('',*,*,#9273,.T.);
#9273 = EDGE_CURVE('',#9266,#3676,#9274,.T.);
#9274 = LINE('',#9275,#9276);
#9275 = CARTESIAN_POINT('',(7.879752635956,-65.53329467773,3.));
#9276 = VECTOR('',#9277,1.);
#9277 = DIRECTION('',(0.634397370819,0.773007099514,0.));
#9278 = ORIENTED_EDGE('',*,*,#9279,.T.);
#9279 = EDGE_CURVE('',#3676,#9280,#9282,.T.);
#9280 = VERTEX_POINT('',#9281);
#9281 = CARTESIAN_POINT('',(8.583295822144,-64.82975006103,3.));
#9282 = LINE('',#9283,#9284);
#9283 = CARTESIAN_POINT('',(8.196877479553,-65.14688110351,3.));
#9284 = VECTOR('',#9285,1.);
#9285 = DIRECTION('',(0.773004857393,0.634400102811,0.));
#9286 = ORIENTED_EDGE('',*,*,#9287,.T.);
#9287 = EDGE_CURVE('',#9280,#9288,#9290,.T.);
#9288 = VERTEX_POINT('',#9289);
#9289 = CARTESIAN_POINT('',(9.024157524109,-64.59410858154,3.));
#9290 = LINE('',#9291,#9292);
#9291 = CARTESIAN_POINT('',(8.583295822144,-64.82975006103,3.));
#9292 = VECTOR('',#9293,1.);
#9293 = DIRECTION('',(0.881924598966,0.471390498142,0.));
#9294 = ORIENTED_EDGE('',*,*,#9295,.T.);
#9295 = EDGE_CURVE('',#9288,#9296,#9298,.T.);
#9296 = VERTEX_POINT('',#9297);
#9297 = CARTESIAN_POINT('',(9.502519607544,-64.44899749755,3.));
#9298 = LINE('',#9299,#9300);
#9299 = CARTESIAN_POINT('',(9.024157524109,-64.59410858154,3.));
#9300 = VECTOR('',#9301,1.);
#9301 = DIRECTION('',(0.956939484175,0.290287484449,0.));
#9302 = ORIENTED_EDGE('',*,*,#9303,.T.);
#9303 = EDGE_CURVE('',#9296,#3591,#9304,.T.);
#9304 = LINE('',#9305,#9306);
#9305 = CARTESIAN_POINT('',(9.502519607544,-64.44899749755,3.));
#9306 = VECTOR('',#9307,1.);
#9307 = DIRECTION('',(0.99518503309,9.801402916925E-02,0.));
#9308 = ORIENTED_EDGE('',*,*,#9309,.T.);
#9309 = EDGE_CURVE('',#3591,#9310,#9312,.T.);
#9310 = VERTEX_POINT('',#9311);
#9311 = CARTESIAN_POINT('',(10.497480392456,-64.44899749755,3.));
#9312 = LINE('',#9313,#9314);
#9313 = CARTESIAN_POINT('',(10.,-64.40000152587,3.));
#9314 = VECTOR('',#9315,1.);
#9315 = DIRECTION('',(0.99518503309,-9.801402916925E-02,0.));
#9316 = ORIENTED_EDGE('',*,*,#9317,.T.);
#9317 = EDGE_CURVE('',#9310,#9318,#9320,.T.);
#9318 = VERTEX_POINT('',#9319);
#9319 = CARTESIAN_POINT('',(10.975842475891,-64.59410858154,3.));
#9320 = LINE('',#9321,#9322);
#9321 = CARTESIAN_POINT('',(10.497480392456,-64.44899749755,3.));
#9322 = VECTOR('',#9323,1.);
#9323 = DIRECTION('',(0.956939484175,-0.290287484449,0.));
#9324 = ORIENTED_EDGE('',*,*,#9325,.T.);
#9325 = EDGE_CURVE('',#9318,#9326,#9328,.T.);
#9326 = VERTEX_POINT('',#9327);
#9327 = CARTESIAN_POINT('',(11.416704177856,-64.82975006103,3.));
#9328 = LINE('',#9329,#9330);
#9329 = CARTESIAN_POINT('',(10.975842475891,-64.59410858154,3.));
#9330 = VECTOR('',#9331,1.);
#9331 = DIRECTION('',(0.881924598966,-0.471390498142,0.));
#9332 = ORIENTED_EDGE('',*,*,#9333,.T.);
#9333 = EDGE_CURVE('',#9326,#3498,#9334,.T.);
#9334 = LINE('',#9335,#9336);
#9335 = CARTESIAN_POINT('',(11.416704177856,-64.82975006103,3.));
#9336 = VECTOR('',#9337,1.);
#9337 = DIRECTION('',(0.773004857393,-0.634400102811,0.));
#9338 = ORIENTED_EDGE('',*,*,#9339,.T.);
#9339 = EDGE_CURVE('',#3498,#9340,#9342,.T.);
#9340 = VERTEX_POINT('',#9341);
#9341 = CARTESIAN_POINT('',(12.120247840881,-65.53329467773,3.));
#9342 = LINE('',#9343,#9344);
#9343 = CARTESIAN_POINT('',(11.803122520447,-65.14688110351,3.));
#9344 = VECTOR('',#9345,1.);
#9345 = DIRECTION('',(0.634397940809,-0.773006631729,0.));
#9346 = ORIENTED_EDGE('',*,*,#9347,.T.);
#9347 = EDGE_CURVE('',#9340,#9348,#9350,.T.);
#9348 = VERTEX_POINT('',#9349);
#9349 = CARTESIAN_POINT('',(12.355893135071,-65.97415924072,3.));
#9350 = LINE('',#9351,#9352);
#9351 = CARTESIAN_POINT('',(12.120247840881,-65.53329467773,3.));
#9352 = VECTOR('',#9353,1.);
#9353 = DIRECTION('',(0.471394054161,-0.881922698257,0.));
#9354 = ORIENTED_EDGE('',*,*,#9355,.T.);
#9355 = EDGE_CURVE('',#9348,#9356,#9358,.T.);
#9356 = VERTEX_POINT('',#9357);
#9357 = CARTESIAN_POINT('',(12.501002311707,-66.45252227783,3.));
#9358 = LINE('',#9359,#9360);
#9359 = CARTESIAN_POINT('',(12.355893135071,-65.97415924072,3.));
#9360 = VECTOR('',#9361,1.);
#9361 = DIRECTION('',(0.290283460461,-0.956940704842,0.));
#9362 = ORIENTED_EDGE('',*,*,#9363,.T.);
#9363 = EDGE_CURVE('',#9356,#3428,#9364,.T.);
#9364 = LINE('',#9365,#9366);
#9365 = CARTESIAN_POINT('',(12.501002311707,-66.45252227783,3.));
#9366 = VECTOR('',#9367,1.);
#9367 = DIRECTION('',(9.801892465622E-02,-0.99518455093,0.));
#9368 = ORIENTED_EDGE('',*,*,#3815,.F.);
#9369 = ORIENTED_EDGE('',*,*,#9370,.T.);
#9370 = EDGE_CURVE('',#3808,#9371,#9373,.T.);
#9371 = VERTEX_POINT('',#9372);
#9372 = CARTESIAN_POINT('',(12.501002311707,-88.94747924804,3.));
#9373 = LINE('',#9374,#9375);
#9374 = CARTESIAN_POINT('',(12.550000190735,-88.44999694824,3.));
#9375 = VECTOR('',#9376,1.);
#9376 = DIRECTION('',(-9.801743587898E-02,-0.995184697563,0.));
#9377 = ORIENTED_EDGE('',*,*,#9378,.T.);
#9378 = EDGE_CURVE('',#9371,#9379,#9381,.T.);
#9379 = VERTEX_POINT('',#9380);
#9380 = CARTESIAN_POINT('',(12.355893135071,-89.42584228515,3.));
#9381 = LINE('',#9382,#9383);
#9382 = CARTESIAN_POINT('',(12.501002311707,-88.94747924804,3.));
#9383 = VECTOR('',#9384,1.);
#9384 = DIRECTION('',(-0.290283460461,-0.956940704842,0.));
#9385 = ORIENTED_EDGE('',*,*,#9386,.T.);
#9386 = EDGE_CURVE('',#9379,#9387,#9389,.T.);
#9387 = VERTEX_POINT('',#9388);
#9388 = CARTESIAN_POINT('',(12.120247840881,-89.86670684814,3.));
#9389 = LINE('',#9390,#9391);
#9390 = CARTESIAN_POINT('',(12.355893135071,-89.42584228515,3.));
#9391 = VECTOR('',#9392,1.);
#9392 = DIRECTION('',(-0.471394054161,-0.881922698257,0.));
#9393 = ORIENTED_EDGE('',*,*,#9394,.T.);
#9394 = EDGE_CURVE('',#9387,#9395,#9397,.T.);
#9395 = VERTEX_POINT('',#9396);
#9396 = CARTESIAN_POINT('',(11.803122520447,-90.25312042236,3.));
#9397 = LINE('',#9398,#9399);
#9398 = CARTESIAN_POINT('',(12.120247840881,-89.86670684814,3.));
#9399 = VECTOR('',#9400,1.);
#9400 = DIRECTION('',(-0.634397940809,-0.773006631729,0.));
#9401 = ORIENTED_EDGE('',*,*,#9402,.T.);
#9402 = EDGE_CURVE('',#9395,#9403,#9405,.T.);
#9403 = VERTEX_POINT('',#9404);
#9404 = CARTESIAN_POINT('',(11.416704177856,-90.57024383544,3.));
#9405 = LINE('',#9406,#9407);
#9406 = CARTESIAN_POINT('',(11.803122520447,-90.25312042236,3.));
#9407 = VECTOR('',#9408,1.);
#9408 = DIRECTION('',(-0.773012341864,-0.634390983011,0.));
#9409 = ORIENTED_EDGE('',*,*,#9410,.T.);
#9410 = EDGE_CURVE('',#9403,#9411,#9413,.T.);
#9411 = VERTEX_POINT('',#9412);
#9412 = CARTESIAN_POINT('',(10.975842475891,-90.80589294433,3.));
#9413 = LINE('',#9414,#9415);
#9414 = CARTESIAN_POINT('',(11.416704177856,-90.57024383544,3.));
#9415 = VECTOR('',#9416,1.);
#9416 = DIRECTION('',(-0.881918253935,-0.47140236887,0.));
#9417 = ORIENTED_EDGE('',*,*,#9418,.T.);
#9418 = EDGE_CURVE('',#9411,#9419,#9421,.T.);
#9419 = VERTEX_POINT('',#9420);
#9420 = CARTESIAN_POINT('',(10.497480392456,-90.95100402832,3.));
#9421 = LINE('',#9422,#9423);
#9422 = CARTESIAN_POINT('',(10.975842475891,-90.80589294433,3.));
#9423 = VECTOR('',#9424,1.);
#9424 = DIRECTION('',(-0.956939484175,-0.290287484449,0.));
#9425 = ORIENTED_EDGE('',*,*,#9426,.T.);
#9426 = EDGE_CURVE('',#9419,#9427,#9429,.T.);
#9427 = VERTEX_POINT('',#9428);
#9428 = CARTESIAN_POINT('',(10.,-91.,3.));
#9429 = LINE('',#9430,#9431);
#9430 = CARTESIAN_POINT('',(10.497480392456,-90.95100402832,3.));
#9431 = VECTOR('',#9432,1.);
#9432 = DIRECTION('',(-0.99518503309,-9.801402916925E-02,0.));
#9433 = ORIENTED_EDGE('',*,*,#9434,.T.);
#9434 = EDGE_CURVE('',#9427,#9435,#9437,.T.);
#9435 = VERTEX_POINT('',#9436);
#9436 = CARTESIAN_POINT('',(9.502519607544,-90.95100402832,3.));
#9437 = LINE('',#9438,#9439);
#9438 = CARTESIAN_POINT('',(10.,-91.,3.));
#9439 = VECTOR('',#9440,1.);
#9440 = DIRECTION('',(-0.99518503309,9.801402916925E-02,0.));
#9441 = ORIENTED_EDGE('',*,*,#9442,.T.);
#9442 = EDGE_CURVE('',#9435,#9443,#9445,.T.);
#9443 = VERTEX_POINT('',#9444);
#9444 = CARTESIAN_POINT('',(9.024157524109,-90.80589294433,3.));
#9445 = LINE('',#9446,#9447);
#9446 = CARTESIAN_POINT('',(9.502519607544,-90.95100402832,3.));
#9447 = VECTOR('',#9448,1.);
#9448 = DIRECTION('',(-0.956939484175,0.290287484449,0.));
#9449 = ORIENTED_EDGE('',*,*,#9450,.T.);
#9450 = EDGE_CURVE('',#9443,#9451,#9453,.T.);
#9451 = VERTEX_POINT('',#9452);
#9452 = CARTESIAN_POINT('',(8.583295822144,-90.57024383544,3.));
#9453 = LINE('',#9454,#9455);
#9454 = CARTESIAN_POINT('',(9.024157524109,-90.80589294433,3.));
#9455 = VECTOR('',#9456,1.);
#9456 = DIRECTION('',(-0.881918253935,0.47140236887,0.));
#9457 = ORIENTED_EDGE('',*,*,#9458,.T.);
#9458 = EDGE_CURVE('',#9451,#9459,#9461,.T.);
#9459 = VERTEX_POINT('',#9460);
#9460 = CARTESIAN_POINT('',(8.196877479553,-90.25312042236,3.));
#9461 = LINE('',#9462,#9463);
#9462 = CARTESIAN_POINT('',(8.583295822144,-90.57024383544,3.));
#9463 = VECTOR('',#9464,1.);
#9464 = DIRECTION('',(-0.773012341864,0.634390983011,0.));
#9465 = ORIENTED_EDGE('',*,*,#9466,.T.);
#9466 = EDGE_CURVE('',#9459,#9467,#9469,.T.);
#9467 = VERTEX_POINT('',#9468);
#9468 = CARTESIAN_POINT('',(7.879752635956,-89.86670684814,3.));
#9469 = LINE('',#9470,#9471);
#9470 = CARTESIAN_POINT('',(8.196877479553,-90.25312042236,3.));
#9471 = VECTOR('',#9472,1.);
#9472 = DIRECTION('',(-0.634397370819,0.773007099514,0.));
#9473 = ORIENTED_EDGE('',*,*,#9474,.T.);
#9474 = EDGE_CURVE('',#9467,#9475,#9477,.T.);
#9475 = VERTEX_POINT('',#9476);
#9476 = CARTESIAN_POINT('',(7.644107341766,-89.42584228515,3.));
#9477 = LINE('',#9478,#9479);
#9478 = CARTESIAN_POINT('',(7.879752635956,-89.86670684814,3.));
#9479 = VECTOR('',#9480,1.);
#9480 = DIRECTION('',(-0.471394054161,0.881922698257,0.));
#9481 = ORIENTED_EDGE('',*,*,#9482,.T.);
#9482 = EDGE_CURVE('',#9475,#9483,#9485,.T.);
#9483 = VERTEX_POINT('',#9484);
#9484 = CARTESIAN_POINT('',(7.498997688293,-88.94747924804,3.));
#9485 = LINE('',#9486,#9487);
#9486 = CARTESIAN_POINT('',(7.644107341766,-89.42584228515,3.));
#9487 = VECTOR('',#9488,1.);
#9488 = DIRECTION('',(-0.29028433397,0.956940439866,0.));
#9489 = ORIENTED_EDGE('',*,*,#9490,.T.);
#9490 = EDGE_CURVE('',#9483,#9242,#9491,.T.);
#9491 = LINE('',#9492,#9493);
#9492 = CARTESIAN_POINT('',(7.498997688293,-88.94747924804,3.));
#9493 = VECTOR('',#9494,1.);
#9494 = DIRECTION('',(-9.801743587898E-02,0.995184697563,0.));
#9495 = FACE_BOUND('',#9496,.F.);
#9496 = EDGE_LOOP('',(#9497,#9507,#9515,#9523,#9531,#9539,#9547,#9555,
    #9563,#9571,#9579,#9587,#9595,#9603,#9611,#9619,#9627,#9635,#9643,
    #9651,#9659,#9667,#9675,#9683,#9691,#9699,#9707,#9715,#9723,#9731,
    #9739,#9747,#9755,#9763));
#9497 = ORIENTED_EDGE('',*,*,#9498,.T.);
#9498 = EDGE_CURVE('',#9499,#9501,#9503,.T.);
#9499 = VERTEX_POINT('',#9500);
#9500 = CARTESIAN_POINT('',(19.024156570435,-90.80589294433,3.));
#9501 = VERTEX_POINT('',#9502);
#9502 = CARTESIAN_POINT('',(18.583295822144,-90.57024383544,3.));
#9503 = LINE('',#9504,#9505);
#9504 = CARTESIAN_POINT('',(19.024156570435,-90.80589294433,3.));
#9505 = VECTOR('',#9506,1.);
#9506 = DIRECTION('',(-0.881917829989,0.471403162005,0.));
#9507 = ORIENTED_EDGE('',*,*,#9508,.T.);
#9508 = EDGE_CURVE('',#9501,#9509,#9511,.T.);
#9509 = VERTEX_POINT('',#9510);
#9510 = CARTESIAN_POINT('',(18.196878433228,-90.25312042236,3.));
#9511 = LINE('',#9512,#9513);
#9512 = CARTESIAN_POINT('',(18.583295822144,-90.57024383544,3.));
#9513 = VECTOR('',#9514,1.);
#9514 = DIRECTION('',(-0.773011574072,0.634391918573,0.));
#9515 = ORIENTED_EDGE('',*,*,#9516,.T.);
#9516 = EDGE_CURVE('',#9509,#9517,#9519,.T.);
#9517 = VERTEX_POINT('',#9518);
#9518 = CARTESIAN_POINT('',(17.879753112793,-89.86670684814,3.));
#9519 = LINE('',#9520,#9521);
#9520 = CARTESIAN_POINT('',(18.196878433228,-90.25312042236,3.));
#9521 = VECTOR('',#9522,1.);
#9522 = DIRECTION('',(-0.634397940809,0.773006631729,0.));
#9523 = ORIENTED_EDGE('',*,*,#9524,.T.);
#9524 = EDGE_CURVE('',#9517,#9525,#9527,.T.);
#9525 = VERTEX_POINT('',#9526);
#9526 = CARTESIAN_POINT('',(17.644107818604,-89.42584228515,3.));
#9527 = LINE('',#9528,#9529);
#9528 = CARTESIAN_POINT('',(17.879753112793,-89.86670684814,3.));
#9529 = VECTOR('',#9530,1.);
#9530 = DIRECTION('',(-0.471394054161,0.881922698257,0.));
#9531 = ORIENTED_EDGE('',*,*,#9532,.T.);
#9532 = EDGE_CURVE('',#9525,#9533,#9535,.T.);
#9533 = VERTEX_POINT('',#9534);
#9534 = CARTESIAN_POINT('',(17.498996734619,-88.94747924804,3.));
#9535 = LINE('',#9536,#9537);
#9536 = CARTESIAN_POINT('',(17.644107818604,-89.42584228515,3.));
#9537 = VECTOR('',#9538,1.);
#9538 = DIRECTION('',(-0.290286954493,0.956939644937,0.));
#9539 = ORIENTED_EDGE('',*,*,#9540,.T.);
#9540 = EDGE_CURVE('',#9533,#9541,#9543,.T.);
#9541 = VERTEX_POINT('',#9542);
#9542 = CARTESIAN_POINT('',(17.450000762939,-88.44999694824,3.));
#9543 = LINE('',#9544,#9545);
#9544 = CARTESIAN_POINT('',(17.498996734619,-88.94747924804,3.));
#9545 = VECTOR('',#9546,1.);
#9546 = DIRECTION('',(-9.801365699323E-02,0.995185069745,0.));
#9547 = ORIENTED_EDGE('',*,*,#9548,.F.);
#9548 = EDGE_CURVE('',#9549,#9541,#9551,.T.);
#9549 = VERTEX_POINT('',#9550);
#9550 = CARTESIAN_POINT('',(17.450000762939,-66.94999694824,3.));
#9551 = LINE('',#9552,#9553);
#9552 = CARTESIAN_POINT('',(17.450000762939,-66.94999694824,3.));
#9553 = VECTOR('',#9554,1.);
#9554 = DIRECTION('',(0.,-1.,0.));
#9555 = ORIENTED_EDGE('',*,*,#9556,.T.);
#9556 = EDGE_CURVE('',#9549,#9557,#9559,.T.);
#9557 = VERTEX_POINT('',#9558);
#9558 = CARTESIAN_POINT('',(17.498996734619,-66.45252227783,3.));
#9559 = LINE('',#9560,#9561);
#9560 = CARTESIAN_POINT('',(17.450000762939,-66.94999694824,3.));
#9561 = VECTOR('',#9562,1.);
#9562 = DIRECTION('',(9.801514571419E-02,0.995184923123,0.));
#9563 = ORIENTED_EDGE('',*,*,#9564,.T.);
#9564 = EDGE_CURVE('',#9557,#9565,#9567,.T.);
#9565 = VERTEX_POINT('',#9566);
#9566 = CARTESIAN_POINT('',(17.644107818604,-65.97415924072,3.));
#9567 = LINE('',#9568,#9569);
#9568 = CARTESIAN_POINT('',(17.498996734619,-66.45252227783,3.));
#9569 = VECTOR('',#9570,1.);
#9570 = DIRECTION('',(0.290286954493,0.956939644937,0.));
#9571 = ORIENTED_EDGE('',*,*,#9572,.T.);
#9572 = EDGE_CURVE('',#9565,#9573,#9575,.T.);
#9573 = VERTEX_POINT('',#9574);
#9574 = CARTESIAN_POINT('',(17.879753112793,-65.53329467773,3.));
#9575 = LINE('',#9576,#9577);
#9576 = CARTESIAN_POINT('',(17.644107818604,-65.97415924072,3.));
#9577 = VECTOR('',#9578,1.);
#9578 = DIRECTION('',(0.471394054161,0.881922698257,0.));
#9579 = ORIENTED_EDGE('',*,*,#9580,.T.);
#9580 = EDGE_CURVE('',#9573,#9581,#9583,.T.);
#9581 = VERTEX_POINT('',#9582);
#9582 = CARTESIAN_POINT('',(18.196878433228,-65.14688110351,3.));
#9583 = LINE('',#9584,#9585);
#9584 = CARTESIAN_POINT('',(17.879753112793,-65.53329467773,3.));
#9585 = VECTOR('',#9586,1.);
#9586 = DIRECTION('',(0.634397940809,0.773006631729,0.));
#9587 = ORIENTED_EDGE('',*,*,#9588,.T.);
#9588 = EDGE_CURVE('',#9581,#9589,#9591,.T.);
#9589 = VERTEX_POINT('',#9590);
#9590 = CARTESIAN_POINT('',(18.583295822144,-64.82975006103,3.));
#9591 = LINE('',#9592,#9593);
#9592 = CARTESIAN_POINT('',(18.196878433228,-65.14688110351,3.));
#9593 = VECTOR('',#9594,1.);
#9594 = DIRECTION('',(0.773004089586,0.634401038369,0.));
#9595 = ORIENTED_EDGE('',*,*,#9596,.T.);
#9596 = EDGE_CURVE('',#9589,#9597,#9599,.T.);
#9597 = VERTEX_POINT('',#9598);
#9598 = CARTESIAN_POINT('',(19.024156570435,-64.59410858154,3.));
#9599 = LINE('',#9600,#9601);
#9600 = CARTESIAN_POINT('',(18.583295822144,-64.82975006103,3.));
#9601 = VECTOR('',#9602,1.);
#9602 = DIRECTION('',(0.881924175038,0.471391291267,0.));
#9603 = ORIENTED_EDGE('',*,*,#9604,.T.);
#9604 = EDGE_CURVE('',#9597,#9605,#9607,.T.);
#9605 = VERTEX_POINT('',#9606);
#9606 = CARTESIAN_POINT('',(19.502519607544,-64.44899749755,3.));
#9607 = LINE('',#9608,#9609);
#9608 = CARTESIAN_POINT('',(19.024156570435,-64.59410858154,3.));
#9609 = VECTOR('',#9610,1.);
#9610 = DIRECTION('',(0.956939644937,0.290286954493,0.));
#9611 = ORIENTED_EDGE('',*,*,#9612,.T.);
#9612 = EDGE_CURVE('',#9605,#9613,#9615,.T.);
#9613 = VERTEX_POINT('',#9614);
#9614 = CARTESIAN_POINT('',(20.,-64.40000152587,3.));
#9615 = LINE('',#9616,#9617);
#9616 = CARTESIAN_POINT('',(19.502519607544,-64.44899749755,3.));
#9617 = VECTOR('',#9618,1.);
#9618 = DIRECTION('',(0.99518503309,9.801402916925E-02,0.));
#9619 = ORIENTED_EDGE('',*,*,#9620,.T.);
#9620 = EDGE_CURVE('',#9613,#9621,#9623,.T.);
#9621 = VERTEX_POINT('',#9622);
#9622 = CARTESIAN_POINT('',(20.497480392456,-64.44899749755,3.));
#9623 = LINE('',#9624,#9625);
#9624 = CARTESIAN_POINT('',(20.,-64.40000152587,3.));
#9625 = VECTOR('',#9626,1.);
#9626 = DIRECTION('',(0.99518503309,-9.801402916925E-02,0.));
#9627 = ORIENTED_EDGE('',*,*,#9628,.T.);
#9628 = EDGE_CURVE('',#9621,#9629,#9631,.T.);
#9629 = VERTEX_POINT('',#9630);
#9630 = CARTESIAN_POINT('',(20.975843429565,-64.59410858154,3.));
#9631 = LINE('',#9632,#9633);
#9632 = CARTESIAN_POINT('',(20.497480392456,-64.44899749755,3.));
#9633 = VECTOR('',#9634,1.);
#9634 = DIRECTION('',(0.956939644937,-0.290286954493,0.));
#9635 = ORIENTED_EDGE('',*,*,#9636,.T.);
#9636 = EDGE_CURVE('',#9629,#9637,#9639,.T.);
#9637 = VERTEX_POINT('',#9638);
#9638 = CARTESIAN_POINT('',(21.416704177856,-64.82975006103,3.));
#9639 = LINE('',#9640,#9641);
#9640 = CARTESIAN_POINT('',(20.975843429565,-64.59410858154,3.));
#9641 = VECTOR('',#9642,1.);
#9642 = DIRECTION('',(0.881924175038,-0.471391291267,0.));
#9643 = ORIENTED_EDGE('',*,*,#9644,.T.);
#9644 = EDGE_CURVE('',#9637,#9645,#9647,.T.);
#9645 = VERTEX_POINT('',#9646);
#9646 = CARTESIAN_POINT('',(21.803121566772,-65.14688110351,3.));
#9647 = LINE('',#9648,#9649);
#9648 = CARTESIAN_POINT('',(21.416704177856,-64.82975006103,3.));
#9649 = VECTOR('',#9650,1.);
#9650 = DIRECTION('',(0.773004089586,-0.634401038369,0.));
#9651 = ORIENTED_EDGE('',*,*,#9652,.T.);
#9652 = EDGE_CURVE('',#9645,#9653,#9655,.T.);
#9653 = VERTEX_POINT('',#9654);
#9654 = CARTESIAN_POINT('',(22.120246887207,-65.53329467773,3.));
#9655 = LINE('',#9656,#9657);
#9656 = CARTESIAN_POINT('',(21.803121566772,-65.14688110351,3.));
#9657 = VECTOR('',#9658,1.);
#9658 = DIRECTION('',(0.634397940809,-0.773006631729,0.));
#9659 = ORIENTED_EDGE('',*,*,#9660,.T.);
#9660 = EDGE_CURVE('',#9653,#9661,#9663,.T.);
#9661 = VERTEX_POINT('',#9662);
#9662 = CARTESIAN_POINT('',(22.355892181396,-65.97415924072,3.));
#9663 = LINE('',#9664,#9665);
#9664 = CARTESIAN_POINT('',(22.120246887207,-65.53329467773,3.));
#9665 = VECTOR('',#9666,1.);
#9666 = DIRECTION('',(0.471394054161,-0.881922698257,0.));
#9667 = ORIENTED_EDGE('',*,*,#9668,.T.);
#9668 = EDGE_CURVE('',#9661,#9669,#9671,.T.);
#9669 = VERTEX_POINT('',#9670);
#9670 = CARTESIAN_POINT('',(22.501003265381,-66.45252227783,3.));
#9671 = LINE('',#9672,#9673);
#9672 = CARTESIAN_POINT('',(22.355892181396,-65.97415924072,3.));
#9673 = VECTOR('',#9674,1.);
#9674 = DIRECTION('',(0.290286954493,-0.956939644937,0.));
#9675 = ORIENTED_EDGE('',*,*,#9676,.T.);
#9676 = EDGE_CURVE('',#9669,#9677,#9679,.T.);
#9677 = VERTEX_POINT('',#9678);
#9678 = CARTESIAN_POINT('',(22.549999237061,-66.94999694824,3.));
#9679 = LINE('',#9680,#9681);
#9680 = CARTESIAN_POINT('',(22.501003265381,-66.45252227783,3.));
#9681 = VECTOR('',#9682,1.);
#9682 = DIRECTION('',(9.801514571419E-02,-0.995184923123,0.));
#9683 = ORIENTED_EDGE('',*,*,#9684,.T.);
#9684 = EDGE_CURVE('',#9677,#9685,#9687,.T.);
#9685 = VERTEX_POINT('',#9686);
#9686 = CARTESIAN_POINT('',(22.549999237061,-88.44999694824,3.));
#9687 = LINE('',#9688,#9689);
#9688 = CARTESIAN_POINT('',(22.549999237061,-66.94999694824,3.));
#9689 = VECTOR('',#9690,1.);
#9690 = DIRECTION('',(0.,-1.,0.));
#9691 = ORIENTED_EDGE('',*,*,#9692,.T.);
#9692 = EDGE_CURVE('',#9685,#9693,#9695,.T.);
#9693 = VERTEX_POINT('',#9694);
#9694 = CARTESIAN_POINT('',(22.501003265381,-88.94747924804,3.));
#9695 = LINE('',#9696,#9697);
#9696 = CARTESIAN_POINT('',(22.549999237061,-88.44999694824,3.));
#9697 = VECTOR('',#9698,1.);
#9698 = DIRECTION('',(-9.801365699323E-02,-0.995185069745,0.));
#9699 = ORIENTED_EDGE('',*,*,#9700,.T.);
#9700 = EDGE_CURVE('',#9693,#9701,#9703,.T.);
#9701 = VERTEX_POINT('',#9702);
#9702 = CARTESIAN_POINT('',(22.355892181396,-89.42584228515,3.));
#9703 = LINE('',#9704,#9705);
#9704 = CARTESIAN_POINT('',(22.501003265381,-88.94747924804,3.));
#9705 = VECTOR('',#9706,1.);
#9706 = DIRECTION('',(-0.290286954493,-0.956939644937,0.));
#9707 = ORIENTED_EDGE('',*,*,#9708,.T.);
#9708 = EDGE_CURVE('',#9701,#9709,#9711,.T.);
#9709 = VERTEX_POINT('',#9710);
#9710 = CARTESIAN_POINT('',(22.120246887207,-89.86670684814,3.));
#9711 = LINE('',#9712,#9713);
#9712 = CARTESIAN_POINT('',(22.355892181396,-89.42584228515,3.));
#9713 = VECTOR('',#9714,1.);
#9714 = DIRECTION('',(-0.471394054161,-0.881922698257,0.));
#9715 = ORIENTED_EDGE('',*,*,#9716,.T.);
#9716 = EDGE_CURVE('',#9709,#9717,#9719,.T.);
#9717 = VERTEX_POINT('',#9718);
#9718 = CARTESIAN_POINT('',(21.803121566772,-90.25312042236,3.));
#9719 = LINE('',#9720,#9721);
#9720 = CARTESIAN_POINT('',(22.120246887207,-89.86670684814,3.));
#9721 = VECTOR('',#9722,1.);
#9722 = DIRECTION('',(-0.634397940809,-0.773006631729,0.));
#9723 = ORIENTED_EDGE('',*,*,#9724,.T.);
#9724 = EDGE_CURVE('',#9717,#9725,#9727,.T.);
#9725 = VERTEX_POINT('',#9726);
#9726 = CARTESIAN_POINT('',(21.416704177856,-90.57024383544,3.));
#9727 = LINE('',#9728,#9729);
#9728 = CARTESIAN_POINT('',(21.803121566772,-90.25312042236,3.));
#9729 = VECTOR('',#9730,1.);
#9730 = DIRECTION('',(-0.773011574072,-0.634391918573,0.));
#9731 = ORIENTED_EDGE('',*,*,#9732,.T.);
#9732 = EDGE_CURVE('',#9725,#9733,#9735,.T.);
#9733 = VERTEX_POINT('',#9734);
#9734 = CARTESIAN_POINT('',(20.975843429565,-90.80589294433,3.));
#9735 = LINE('',#9736,#9737);
#9736 = CARTESIAN_POINT('',(21.416704177856,-90.57024383544,3.));
#9737 = VECTOR('',#9738,1.);
#9738 = DIRECTION('',(-0.881917829989,-0.471403162005,0.));
#9739 = ORIENTED_EDGE('',*,*,#9740,.T.);
#9740 = EDGE_CURVE('',#9733,#9741,#9743,.T.);
#9741 = VERTEX_POINT('',#9742);
#9742 = CARTESIAN_POINT('',(20.497480392456,-90.95100402832,3.));
#9743 = LINE('',#9744,#9745);
#9744 = CARTESIAN_POINT('',(20.975843429565,-90.80589294433,3.));
#9745 = VECTOR('',#9746,1.);
#9746 = DIRECTION('',(-0.956939644937,-0.290286954493,0.));
#9747 = ORIENTED_EDGE('',*,*,#9748,.T.);
#9748 = EDGE_CURVE('',#9741,#9749,#9751,.T.);
#9749 = VERTEX_POINT('',#9750);
#9750 = CARTESIAN_POINT('',(20.,-91.,3.));
#9751 = LINE('',#9752,#9753);
#9752 = CARTESIAN_POINT('',(20.497480392456,-90.95100402832,3.));
#9753 = VECTOR('',#9754,1.);
#9754 = DIRECTION('',(-0.99518503309,-9.801402916925E-02,0.));
#9755 = ORIENTED_EDGE('',*,*,#9756,.T.);
#9756 = EDGE_CURVE('',#9749,#9757,#9759,.T.);
#9757 = VERTEX_POINT('',#9758);
#9758 = CARTESIAN_POINT('',(19.502519607544,-90.95100402832,3.));
#9759 = LINE('',#9760,#9761);
#9760 = CARTESIAN_POINT('',(20.,-91.,3.));
#9761 = VECTOR('',#9762,1.);
#9762 = DIRECTION('',(-0.99518503309,9.801402916925E-02,0.));
#9763 = ORIENTED_EDGE('',*,*,#9764,.T.);
#9764 = EDGE_CURVE('',#9757,#9499,#9765,.T.);
#9765 = LINE('',#9766,#9767);
#9766 = CARTESIAN_POINT('',(19.502519607544,-90.95100402832,3.));
#9767 = VECTOR('',#9768,1.);
#9768 = DIRECTION('',(-0.956939644937,0.290286954493,0.));
#9769 = FACE_BOUND('',#9770,.F.);
#9770 = EDGE_LOOP('',(#9771,#9781,#9789,#9797,#9805,#9813,#9821,#9829,
    #9837,#9845,#9853,#9861,#9869,#9877,#9885,#9893,#9901,#9909,#9917,
    #9925,#9933,#9941,#9949,#9957,#9965,#9973,#9981,#9989,#9997,#10005,
    #10013,#10021,#10029,#10037));
#9771 = ORIENTED_EDGE('',*,*,#9772,.T.);
#9772 = EDGE_CURVE('',#9773,#9775,#9777,.T.);
#9773 = VERTEX_POINT('',#9774);
#9774 = CARTESIAN_POINT('',(40.,-64.40000152587,3.));
#9775 = VERTEX_POINT('',#9776);
#9776 = CARTESIAN_POINT('',(40.497478485107,-64.44899749755,3.));
#9777 = LINE('',#9778,#9779);
#9778 = CARTESIAN_POINT('',(40.,-64.40000152587,3.));
#9779 = VECTOR('',#9780,1.);
#9780 = DIRECTION('',(0.995184996435,-9.801440134808E-02,0.));
#9781 = ORIENTED_EDGE('',*,*,#9782,.T.);
#9782 = EDGE_CURVE('',#9775,#9783,#9785,.T.);
#9783 = VERTEX_POINT('',#9784);
#9784 = CARTESIAN_POINT('',(40.975841522217,-64.59410858154,3.));
#9785 = LINE('',#9786,#9787);
#9786 = CARTESIAN_POINT('',(40.497478485107,-64.44899749755,3.));
#9787 = VECTOR('',#9788,1.);
#9788 = DIRECTION('',(0.956939644937,-0.290286954493,0.));
#9789 = ORIENTED_EDGE('',*,*,#9790,.T.);
#9790 = EDGE_CURVE('',#9783,#9791,#9793,.T.);
#9791 = VERTEX_POINT('',#9792);
#9792 = CARTESIAN_POINT('',(41.416702270508,-64.82975006103,3.));
#9793 = LINE('',#9794,#9795);
#9794 = CARTESIAN_POINT('',(40.975841522217,-64.59410858154,3.));
#9795 = VECTOR('',#9796,1.);
#9796 = DIRECTION('',(0.881924175038,-0.471391291267,0.));
#9797 = ORIENTED_EDGE('',*,*,#9798,.T.);
#9798 = EDGE_CURVE('',#9791,#9799,#9801,.T.);
#9799 = VERTEX_POINT('',#9800);
#9800 = CARTESIAN_POINT('',(41.803123474121,-65.14688110351,3.));
#9801 = LINE('',#9802,#9803);
#9802 = CARTESIAN_POINT('',(41.416702270508,-64.82975006103,3.));
#9803 = VECTOR('',#9804,1.);
#9804 = DIRECTION('',(0.773007160793,-0.63439729615,0.));
#9805 = ORIENTED_EDGE('',*,*,#9806,.T.);
#9806 = EDGE_CURVE('',#9799,#9807,#9809,.T.);
#9807 = VERTEX_POINT('',#9808);
#9808 = CARTESIAN_POINT('',(42.120246887207,-65.53329467773,3.));
#9809 = LINE('',#9810,#9811);
#9810 = CARTESIAN_POINT('',(41.803123474121,-65.14688110351,3.));
#9811 = VECTOR('',#9812,1.);
#9812 = DIRECTION('',(0.63439566084,-0.773008502869,0.));
#9813 = ORIENTED_EDGE('',*,*,#9814,.T.);
#9814 = EDGE_CURVE('',#9807,#9815,#9817,.T.);
#9815 = VERTEX_POINT('',#9816);
#9816 = CARTESIAN_POINT('',(42.355892181396,-65.97415924072,3.));
#9817 = LINE('',#9818,#9819);
#9818 = CARTESIAN_POINT('',(42.120246887207,-65.53329467773,3.));
#9819 = VECTOR('',#9820,1.);
#9820 = DIRECTION('',(0.471394054161,-0.881922698257,0.));
#9821 = ORIENTED_EDGE('',*,*,#9822,.T.);
#9822 = EDGE_CURVE('',#9815,#9823,#9825,.T.);
#9823 = VERTEX_POINT('',#9824);
#9824 = CARTESIAN_POINT('',(42.501003265381,-66.45252227783,3.));
#9825 = LINE('',#9826,#9827);
#9826 = CARTESIAN_POINT('',(42.355892181396,-65.97415924072,3.));
#9827 = VECTOR('',#9828,1.);
#9828 = DIRECTION('',(0.290286954493,-0.956939644937,0.));
#9829 = ORIENTED_EDGE('',*,*,#9830,.T.);
#9830 = EDGE_CURVE('',#9823,#9831,#9833,.T.);
#9831 = VERTEX_POINT('',#9832);
#9832 = CARTESIAN_POINT('',(42.549999237061,-66.94999694824,3.));
#9833 = LINE('',#9834,#9835);
#9834 = CARTESIAN_POINT('',(42.501003265381,-66.45252227783,3.));
#9835 = VECTOR('',#9836,1.);
#9836 = DIRECTION('',(9.801514571419E-02,-0.995184923123,0.));
#9837 = ORIENTED_EDGE('',*,*,#9838,.T.);
#9838 = EDGE_CURVE('',#9831,#9839,#9841,.T.);
#9839 = VERTEX_POINT('',#9840);
#9840 = CARTESIAN_POINT('',(42.549999237061,-88.44999694824,3.));
#9841 = LINE('',#9842,#9843);
#9842 = CARTESIAN_POINT('',(42.549999237061,-66.94999694824,3.));
#9843 = VECTOR('',#9844,1.);
#9844 = DIRECTION('',(0.,-1.,0.));
#9845 = ORIENTED_EDGE('',*,*,#9846,.T.);
#9846 = EDGE_CURVE('',#9839,#9847,#9849,.T.);
#9847 = VERTEX_POINT('',#9848);
#9848 = CARTESIAN_POINT('',(42.501003265381,-88.94747924804,3.));
#9849 = LINE('',#9850,#9851);
#9850 = CARTESIAN_POINT('',(42.549999237061,-88.44999694824,3.));
#9851 = VECTOR('',#9852,1.);
#9852 = DIRECTION('',(-9.801365699323E-02,-0.995185069745,0.));
#9853 = ORIENTED_EDGE('',*,*,#9854,.T.);
#9854 = EDGE_CURVE('',#9847,#9855,#9857,.T.);
#9855 = VERTEX_POINT('',#9856);
#9856 = CARTESIAN_POINT('',(42.355892181396,-89.42584228515,3.));
#9857 = LINE('',#9858,#9859);
#9858 = CARTESIAN_POINT('',(42.501003265381,-88.94747924804,3.));
#9859 = VECTOR('',#9860,1.);
#9860 = DIRECTION('',(-0.290286954493,-0.956939644937,0.));
#9861 = ORIENTED_EDGE('',*,*,#9862,.T.);
#9862 = EDGE_CURVE('',#9855,#9863,#9865,.T.);
#9863 = VERTEX_POINT('',#9864);
#9864 = CARTESIAN_POINT('',(42.120246887207,-89.86670684814,3.));
#9865 = LINE('',#9866,#9867);
#9866 = CARTESIAN_POINT('',(42.355892181396,-89.42584228515,3.));
#9867 = VECTOR('',#9868,1.);
#9868 = DIRECTION('',(-0.471394054161,-0.881922698257,0.));
#9869 = ORIENTED_EDGE('',*,*,#9870,.T.);
#9870 = EDGE_CURVE('',#9863,#9871,#9873,.T.);
#9871 = VERTEX_POINT('',#9872);
#9872 = CARTESIAN_POINT('',(41.803123474121,-90.25312042236,3.));
#9873 = LINE('',#9874,#9875);
#9874 = CARTESIAN_POINT('',(42.120246887207,-89.86670684814,3.));
#9875 = VECTOR('',#9876,1.);
#9876 = DIRECTION('',(-0.63439566084,-0.773008502869,0.));
#9877 = ORIENTED_EDGE('',*,*,#9878,.T.);
#9878 = EDGE_CURVE('',#9871,#9879,#9881,.T.);
#9879 = VERTEX_POINT('',#9880);
#9880 = CARTESIAN_POINT('',(41.416702270508,-90.57024383544,3.));
#9881 = LINE('',#9882,#9883);
#9882 = CARTESIAN_POINT('',(41.803123474121,-90.25312042236,3.));
#9883 = VECTOR('',#9884,1.);
#9884 = DIRECTION('',(-0.77301464522,-0.634388176336,0.));
#9885 = ORIENTED_EDGE('',*,*,#9886,.T.);
#9886 = EDGE_CURVE('',#9879,#9887,#9889,.T.);
#9887 = VERTEX_POINT('',#9888);
#9888 = CARTESIAN_POINT('',(40.975841522217,-90.80589294433,3.));
#9889 = LINE('',#9890,#9891);
#9890 = CARTESIAN_POINT('',(41.416702270508,-90.57024383544,3.));
#9891 = VECTOR('',#9892,1.);
#9892 = DIRECTION('',(-0.881917829989,-0.471403162005,0.));
#9893 = ORIENTED_EDGE('',*,*,#9894,.T.);
#9894 = EDGE_CURVE('',#9887,#9895,#9897,.T.);
#9895 = VERTEX_POINT('',#9896);
#9896 = CARTESIAN_POINT('',(40.497478485107,-90.95100402832,3.));
#9897 = LINE('',#9898,#9899);
#9898 = CARTESIAN_POINT('',(40.975841522217,-90.80589294433,3.));
#9899 = VECTOR('',#9900,1.);
#9900 = DIRECTION('',(-0.956939644937,-0.290286954493,0.));
#9901 = ORIENTED_EDGE('',*,*,#9902,.T.);
#9902 = EDGE_CURVE('',#9895,#9903,#9905,.T.);
#9903 = VERTEX_POINT('',#9904);
#9904 = CARTESIAN_POINT('',(40.,-91.,3.));
#9905 = LINE('',#9906,#9907);
#9906 = CARTESIAN_POINT('',(40.497478485107,-90.95100402832,3.));
#9907 = VECTOR('',#9908,1.);
#9908 = DIRECTION('',(-0.995184996435,-9.801440134808E-02,0.));
#9909 = ORIENTED_EDGE('',*,*,#9910,.T.);
#9910 = EDGE_CURVE('',#9903,#9911,#9913,.T.);
#9911 = VERTEX_POINT('',#9912);
#9912 = CARTESIAN_POINT('',(39.502521514893,-90.95100402832,3.));
#9913 = LINE('',#9914,#9915);
#9914 = CARTESIAN_POINT('',(40.,-91.,3.));
#9915 = VECTOR('',#9916,1.);
#9916 = DIRECTION('',(-0.995184996435,9.801440134808E-02,0.));
#9917 = ORIENTED_EDGE('',*,*,#9918,.T.);
#9918 = EDGE_CURVE('',#9911,#9919,#9921,.T.);
#9919 = VERTEX_POINT('',#9920);
#9920 = CARTESIAN_POINT('',(39.024158477783,-90.80589294433,3.));
#9921 = LINE('',#9922,#9923);
#9922 = CARTESIAN_POINT('',(39.502521514893,-90.95100402832,3.));
#9923 = VECTOR('',#9924,1.);
#9924 = DIRECTION('',(-0.956939644937,0.290286954493,0.));
#9925 = ORIENTED_EDGE('',*,*,#9926,.T.);
#9926 = EDGE_CURVE('',#9919,#9927,#9929,.T.);
#9927 = VERTEX_POINT('',#9928);
#9928 = CARTESIAN_POINT('',(38.583297729492,-90.57024383544,3.));
#9929 = LINE('',#9930,#9931);
#9930 = CARTESIAN_POINT('',(39.024158477783,-90.80589294433,3.));
#9931 = VECTOR('',#9932,1.);
#9932 = DIRECTION('',(-0.881917829989,0.471403162005,0.));
#9933 = ORIENTED_EDGE('',*,*,#9934,.T.);
#9934 = EDGE_CURVE('',#9927,#9935,#9937,.T.);
#9935 = VERTEX_POINT('',#9936);
#9936 = CARTESIAN_POINT('',(38.196876525879,-90.25312042236,3.));
#9937 = LINE('',#9938,#9939);
#9938 = CARTESIAN_POINT('',(38.583297729492,-90.57024383544,3.));
#9939 = VECTOR('',#9940,1.);
#9940 = DIRECTION('',(-0.77301464522,0.634388176336,0.));
#9941 = ORIENTED_EDGE('',*,*,#9942,.T.);
#9942 = EDGE_CURVE('',#9935,#9943,#9945,.T.);
#9943 = VERTEX_POINT('',#9944);
#9944 = CARTESIAN_POINT('',(37.879753112793,-89.86670684814,3.));
#9945 = LINE('',#9946,#9947);
#9946 = CARTESIAN_POINT('',(38.196876525879,-90.25312042236,3.));
#9947 = VECTOR('',#9948,1.);
#9948 = DIRECTION('',(-0.63439566084,0.773008502869,0.));
#9949 = ORIENTED_EDGE('',*,*,#9950,.T.);
#9950 = EDGE_CURVE('',#9943,#9951,#9953,.T.);
#9951 = VERTEX_POINT('',#9952);
#9952 = CARTESIAN_POINT('',(37.644107818604,-89.42584228515,3.));
#9953 = LINE('',#9954,#9955);
#9954 = CARTESIAN_POINT('',(37.879753112793,-89.86670684814,3.));
#9955 = VECTOR('',#9956,1.);
#9956 = DIRECTION('',(-0.471394054161,0.881922698257,0.));
#9957 = ORIENTED_EDGE('',*,*,#9958,.T.);
#9958 = EDGE_CURVE('',#9951,#9959,#9961,.T.);
#9959 = VERTEX_POINT('',#9960);
#9960 = CARTESIAN_POINT('',(37.498996734619,-88.94747924804,3.));
#9961 = LINE('',#9962,#9963);
#9962 = CARTESIAN_POINT('',(37.644107818604,-89.42584228515,3.));
#9963 = VECTOR('',#9964,1.);
#9964 = DIRECTION('',(-0.290286954493,0.956939644937,0.));
#9965 = ORIENTED_EDGE('',*,*,#9966,.T.);
#9966 = EDGE_CURVE('',#9959,#9967,#9969,.T.);
#9967 = VERTEX_POINT('',#9968);
#9968 = CARTESIAN_POINT('',(37.450000762939,-88.44999694824,3.));
#9969 = LINE('',#9970,#9971);
#9970 = CARTESIAN_POINT('',(37.498996734619,-88.94747924804,3.));
#9971 = VECTOR('',#9972,1.);
#9972 = DIRECTION('',(-9.801365699323E-02,0.995185069745,0.));
#9973 = ORIENTED_EDGE('',*,*,#9974,.F.);
#9974 = EDGE_CURVE('',#9975,#9967,#9977,.T.);
#9975 = VERTEX_POINT('',#9976);
#9976 = CARTESIAN_POINT('',(37.450000762939,-66.94999694824,3.));
#9977 = LINE('',#9978,#9979);
#9978 = CARTESIAN_POINT('',(37.450000762939,-66.94999694824,3.));
#9979 = VECTOR('',#9980,1.);
#9980 = DIRECTION('',(0.,-1.,0.));
#9981 = ORIENTED_EDGE('',*,*,#9982,.T.);
#9982 = EDGE_CURVE('',#9975,#9983,#9985,.T.);
#9983 = VERTEX_POINT('',#9984);
#9984 = CARTESIAN_POINT('',(37.498996734619,-66.45252227783,3.));
#9985 = LINE('',#9986,#9987);
#9986 = CARTESIAN_POINT('',(37.450000762939,-66.94999694824,3.));
#9987 = VECTOR('',#9988,1.);
#9988 = DIRECTION('',(9.801514571419E-02,0.995184923123,0.));
#9989 = ORIENTED_EDGE('',*,*,#9990,.T.);
#9990 = EDGE_CURVE('',#9983,#9991,#9993,.T.);
#9991 = VERTEX_POINT('',#9992);
#9992 = CARTESIAN_POINT('',(37.644107818604,-65.97415924072,3.));
#9993 = LINE('',#9994,#9995);
#9994 = CARTESIAN_POINT('',(37.498996734619,-66.45252227783,3.));
#9995 = VECTOR('',#9996,1.);
#9996 = DIRECTION('',(0.290286954493,0.956939644937,0.));
#9997 = ORIENTED_EDGE('',*,*,#9998,.T.);
#9998 = EDGE_CURVE('',#9991,#9999,#10001,.T.);
#9999 = VERTEX_POINT('',#10000);
#10000 = CARTESIAN_POINT('',(37.879753112793,-65.53329467773,3.));
#10001 = LINE('',#10002,#10003);
#10002 = CARTESIAN_POINT('',(37.644107818604,-65.97415924072,3.));
#10003 = VECTOR('',#10004,1.);
#10004 = DIRECTION('',(0.471394054161,0.881922698257,0.));
#10005 = ORIENTED_EDGE('',*,*,#10006,.T.);
#10006 = EDGE_CURVE('',#9999,#10007,#10009,.T.);
#10007 = VERTEX_POINT('',#10008);
#10008 = CARTESIAN_POINT('',(38.196876525879,-65.14688110351,3.));
#10009 = LINE('',#10010,#10011);
#10010 = CARTESIAN_POINT('',(37.879753112793,-65.53329467773,3.));
#10011 = VECTOR('',#10012,1.);
#10012 = DIRECTION('',(0.63439566084,0.773008502869,0.));
#10013 = ORIENTED_EDGE('',*,*,#10014,.T.);
#10014 = EDGE_CURVE('',#10007,#10015,#10017,.T.);
#10015 = VERTEX_POINT('',#10016);
#10016 = CARTESIAN_POINT('',(38.583297729492,-64.82975006103,3.));
#10017 = LINE('',#10018,#10019);
#10018 = CARTESIAN_POINT('',(38.196876525879,-65.14688110351,3.));
#10019 = VECTOR('',#10020,1.);
#10020 = DIRECTION('',(0.773007160793,0.63439729615,0.));
#10021 = ORIENTED_EDGE('',*,*,#10022,.T.);
#10022 = EDGE_CURVE('',#10015,#10023,#10025,.T.);
#10023 = VERTEX_POINT('',#10024);
#10024 = CARTESIAN_POINT('',(39.024158477783,-64.59410858154,3.));
#10025 = LINE('',#10026,#10027);
#10026 = CARTESIAN_POINT('',(38.583297729492,-64.82975006103,3.));
#10027 = VECTOR('',#10028,1.);
#10028 = DIRECTION('',(0.881924175038,0.471391291267,0.));
#10029 = ORIENTED_EDGE('',*,*,#10030,.T.);
#10030 = EDGE_CURVE('',#10023,#10031,#10033,.T.);
#10031 = VERTEX_POINT('',#10032);
#10032 = CARTESIAN_POINT('',(39.502521514893,-64.44899749755,3.));
#10033 = LINE('',#10034,#10035);
#10034 = CARTESIAN_POINT('',(39.024158477783,-64.59410858154,3.));
#10035 = VECTOR('',#10036,1.);
#10036 = DIRECTION('',(0.956939644937,0.290286954493,0.));
#10037 = ORIENTED_EDGE('',*,*,#10038,.T.);
#10038 = EDGE_CURVE('',#10031,#9773,#10039,.T.);
#10039 = LINE('',#10040,#10041);
#10040 = CARTESIAN_POINT('',(39.502521514893,-64.44899749755,3.));
#10041 = VECTOR('',#10042,1.);
#10042 = DIRECTION('',(0.995184996435,9.801440134808E-02,0.));
#10043 = FACE_BOUND('',#10044,.F.);
#10044 = EDGE_LOOP('',(#10045,#10055,#10063,#10069,#10077,#10085,#10093,
    #10099,#10107,#10115,#10123,#10131,#10139,#10147,#10155,#10163,
    #10171,#10179,#10187,#10195,#10203,#10211,#10219,#10227,#10233,
    #10234,#10242,#10250,#10258,#10264,#10272,#10280,#10288,#10294));
#10045 = ORIENTED_EDGE('',*,*,#10046,.T.);
#10046 = EDGE_CURVE('',#10047,#10049,#10051,.T.);
#10047 = VERTEX_POINT('',#10048);
#10048 = CARTESIAN_POINT('',(30.497480392456,-64.44899749755,3.));
#10049 = VERTEX_POINT('',#10050);
#10050 = CARTESIAN_POINT('',(30.975843429565,-64.59410858154,3.));
#10051 = LINE('',#10052,#10053);
#10052 = CARTESIAN_POINT('',(30.497480392456,-64.44899749755,3.));
#10053 = VECTOR('',#10054,1.);
#10054 = DIRECTION('',(0.956939644937,-0.290286954493,0.));
#10055 = ORIENTED_EDGE('',*,*,#10056,.T.);
#10056 = EDGE_CURVE('',#10049,#10057,#10059,.T.);
#10057 = VERTEX_POINT('',#10058);
#10058 = CARTESIAN_POINT('',(31.416704177856,-64.82975006103,3.));
#10059 = LINE('',#10060,#10061);
#10060 = CARTESIAN_POINT('',(30.975843429565,-64.59410858154,3.));
#10061 = VECTOR('',#10062,1.);
#10062 = DIRECTION('',(0.881924175038,-0.471391291267,0.));
#10063 = ORIENTED_EDGE('',*,*,#10064,.T.);
#10064 = EDGE_CURVE('',#10057,#3086,#10065,.T.);
#10065 = LINE('',#10066,#10067);
#10066 = CARTESIAN_POINT('',(31.416704177856,-64.82975006103,3.));
#10067 = VECTOR('',#10068,1.);
#10068 = DIRECTION('',(0.773004089586,-0.634401038369,0.));
#10069 = ORIENTED_EDGE('',*,*,#10070,.T.);
#10070 = EDGE_CURVE('',#3086,#10071,#10073,.T.);
#10071 = VERTEX_POINT('',#10072);
#10072 = CARTESIAN_POINT('',(32.120246887207,-65.53329467773,3.));
#10073 = LINE('',#10074,#10075);
#10074 = CARTESIAN_POINT('',(31.803121566772,-65.14688110351,3.));
#10075 = VECTOR('',#10076,1.);
#10076 = DIRECTION('',(0.634397940809,-0.773006631729,0.));
#10077 = ORIENTED_EDGE('',*,*,#10078,.T.);
#10078 = EDGE_CURVE('',#10071,#10079,#10081,.T.);
#10079 = VERTEX_POINT('',#10080);
#10080 = CARTESIAN_POINT('',(32.355892181396,-65.97415924072,3.));
#10081 = LINE('',#10082,#10083);
#10082 = CARTESIAN_POINT('',(32.120246887207,-65.53329467773,3.));
#10083 = VECTOR('',#10084,1.);
#10084 = DIRECTION('',(0.471394054161,-0.881922698257,0.));
#10085 = ORIENTED_EDGE('',*,*,#10086,.T.);
#10086 = EDGE_CURVE('',#10079,#10087,#10089,.T.);
#10087 = VERTEX_POINT('',#10088);
#10088 = CARTESIAN_POINT('',(32.501003265381,-66.45252227783,3.));
#10089 = LINE('',#10090,#10091);
#10090 = CARTESIAN_POINT('',(32.355892181396,-65.97415924072,3.));
#10091 = VECTOR('',#10092,1.);
#10092 = DIRECTION('',(0.290286954493,-0.956939644937,0.));
#10093 = ORIENTED_EDGE('',*,*,#10094,.T.);
#10094 = EDGE_CURVE('',#10087,#3016,#10095,.T.);
#10095 = LINE('',#10096,#10097);
#10096 = CARTESIAN_POINT('',(32.501003265381,-66.45252227783,3.));
#10097 = VECTOR('',#10098,1.);
#10098 = DIRECTION('',(9.801514571419E-02,-0.995184923123,0.));
#10099 = ORIENTED_EDGE('',*,*,#10100,.T.);
#10100 = EDGE_CURVE('',#3016,#10101,#10103,.T.);
#10101 = VERTEX_POINT('',#10102);
#10102 = CARTESIAN_POINT('',(32.549999237061,-88.44999694824,3.));
#10103 = LINE('',#10104,#10105);
#10104 = CARTESIAN_POINT('',(32.549999237061,-66.94999694824,3.));
#10105 = VECTOR('',#10106,1.);
#10106 = DIRECTION('',(0.,-1.,0.));
#10107 = ORIENTED_EDGE('',*,*,#10108,.T.);
#10108 = EDGE_CURVE('',#10101,#10109,#10111,.T.);
#10109 = VERTEX_POINT('',#10110);
#10110 = CARTESIAN_POINT('',(32.501003265381,-88.94747924804,3.));
#10111 = LINE('',#10112,#10113);
#10112 = CARTESIAN_POINT('',(32.549999237061,-88.44999694824,3.));
#10113 = VECTOR('',#10114,1.);
#10114 = DIRECTION('',(-9.801365699323E-02,-0.995185069745,0.));
#10115 = ORIENTED_EDGE('',*,*,#10116,.T.);
#10116 = EDGE_CURVE('',#10109,#10117,#10119,.T.);
#10117 = VERTEX_POINT('',#10118);
#10118 = CARTESIAN_POINT('',(32.355892181396,-89.42584228515,3.));
#10119 = LINE('',#10120,#10121);
#10120 = CARTESIAN_POINT('',(32.501003265381,-88.94747924804,3.));
#10121 = VECTOR('',#10122,1.);
#10122 = DIRECTION('',(-0.290286954493,-0.956939644937,0.));
#10123 = ORIENTED_EDGE('',*,*,#10124,.T.);
#10124 = EDGE_CURVE('',#10117,#10125,#10127,.T.);
#10125 = VERTEX_POINT('',#10126);
#10126 = CARTESIAN_POINT('',(32.120246887207,-89.86670684814,3.));
#10127 = LINE('',#10128,#10129);
#10128 = CARTESIAN_POINT('',(32.355892181396,-89.42584228515,3.));
#10129 = VECTOR('',#10130,1.);
#10130 = DIRECTION('',(-0.471394054161,-0.881922698257,0.));
#10131 = ORIENTED_EDGE('',*,*,#10132,.T.);
#10132 = EDGE_CURVE('',#10125,#10133,#10135,.T.);
#10133 = VERTEX_POINT('',#10134);
#10134 = CARTESIAN_POINT('',(31.803121566772,-90.25312042236,3.));
#10135 = LINE('',#10136,#10137);
#10136 = CARTESIAN_POINT('',(32.120246887207,-89.86670684814,3.));
#10137 = VECTOR('',#10138,1.);
#10138 = DIRECTION('',(-0.634397940809,-0.773006631729,0.));
#10139 = ORIENTED_EDGE('',*,*,#10140,.T.);
#10140 = EDGE_CURVE('',#10133,#10141,#10143,.T.);
#10141 = VERTEX_POINT('',#10142);
#10142 = CARTESIAN_POINT('',(31.416704177856,-90.57024383544,3.));
#10143 = LINE('',#10144,#10145);
#10144 = CARTESIAN_POINT('',(31.803121566772,-90.25312042236,3.));
#10145 = VECTOR('',#10146,1.);
#10146 = DIRECTION('',(-0.773011574072,-0.634391918573,0.));
#10147 = ORIENTED_EDGE('',*,*,#10148,.T.);
#10148 = EDGE_CURVE('',#10141,#10149,#10151,.T.);
#10149 = VERTEX_POINT('',#10150);
#10150 = CARTESIAN_POINT('',(30.975843429565,-90.80589294433,3.));
#10151 = LINE('',#10152,#10153);
#10152 = CARTESIAN_POINT('',(31.416704177856,-90.57024383544,3.));
#10153 = VECTOR('',#10154,1.);
#10154 = DIRECTION('',(-0.881917829989,-0.471403162005,0.));
#10155 = ORIENTED_EDGE('',*,*,#10156,.T.);
#10156 = EDGE_CURVE('',#10149,#10157,#10159,.T.);
#10157 = VERTEX_POINT('',#10158);
#10158 = CARTESIAN_POINT('',(30.497480392456,-90.95100402832,3.));
#10159 = LINE('',#10160,#10161);
#10160 = CARTESIAN_POINT('',(30.975843429565,-90.80589294433,3.));
#10161 = VECTOR('',#10162,1.);
#10162 = DIRECTION('',(-0.956939644937,-0.290286954493,0.));
#10163 = ORIENTED_EDGE('',*,*,#10164,.T.);
#10164 = EDGE_CURVE('',#10157,#10165,#10167,.T.);
#10165 = VERTEX_POINT('',#10166);
#10166 = CARTESIAN_POINT('',(30.,-91.,3.));
#10167 = LINE('',#10168,#10169);
#10168 = CARTESIAN_POINT('',(30.497480392456,-90.95100402832,3.));
#10169 = VECTOR('',#10170,1.);
#10170 = DIRECTION('',(-0.99518503309,-9.801402916925E-02,0.));
#10171 = ORIENTED_EDGE('',*,*,#10172,.T.);
#10172 = EDGE_CURVE('',#10165,#10173,#10175,.T.);
#10173 = VERTEX_POINT('',#10174);
#10174 = CARTESIAN_POINT('',(29.502519607544,-90.95100402832,3.));
#10175 = LINE('',#10176,#10177);
#10176 = CARTESIAN_POINT('',(30.,-91.,3.));
#10177 = VECTOR('',#10178,1.);
#10178 = DIRECTION('',(-0.99518503309,9.801402916925E-02,0.));
#10179 = ORIENTED_EDGE('',*,*,#10180,.T.);
#10180 = EDGE_CURVE('',#10173,#10181,#10183,.T.);
#10181 = VERTEX_POINT('',#10182);
#10182 = CARTESIAN_POINT('',(29.024156570435,-90.80589294433,3.));
#10183 = LINE('',#10184,#10185);
#10184 = CARTESIAN_POINT('',(29.502519607544,-90.95100402832,3.));
#10185 = VECTOR('',#10186,1.);
#10186 = DIRECTION('',(-0.956939644937,0.290286954493,0.));
#10187 = ORIENTED_EDGE('',*,*,#10188,.T.);
#10188 = EDGE_CURVE('',#10181,#10189,#10191,.T.);
#10189 = VERTEX_POINT('',#10190);
#10190 = CARTESIAN_POINT('',(28.583295822144,-90.57024383544,3.));
#10191 = LINE('',#10192,#10193);
#10192 = CARTESIAN_POINT('',(29.024156570435,-90.80589294433,3.));
#10193 = VECTOR('',#10194,1.);
#10194 = DIRECTION('',(-0.881917829989,0.471403162005,0.));
#10195 = ORIENTED_EDGE('',*,*,#10196,.T.);
#10196 = EDGE_CURVE('',#10189,#10197,#10199,.T.);
#10197 = VERTEX_POINT('',#10198);
#10198 = CARTESIAN_POINT('',(28.196878433228,-90.25312042236,3.));
#10199 = LINE('',#10200,#10201);
#10200 = CARTESIAN_POINT('',(28.583295822144,-90.57024383544,3.));
#10201 = VECTOR('',#10202,1.);
#10202 = DIRECTION('',(-0.773011574072,0.634391918573,0.));
#10203 = ORIENTED_EDGE('',*,*,#10204,.T.);
#10204 = EDGE_CURVE('',#10197,#10205,#10207,.T.);
#10205 = VERTEX_POINT('',#10206);
#10206 = CARTESIAN_POINT('',(27.879753112793,-89.86670684814,3.));
#10207 = LINE('',#10208,#10209);
#10208 = CARTESIAN_POINT('',(28.196878433228,-90.25312042236,3.));
#10209 = VECTOR('',#10210,1.);
#10210 = DIRECTION('',(-0.634397940809,0.773006631729,0.));
#10211 = ORIENTED_EDGE('',*,*,#10212,.T.);
#10212 = EDGE_CURVE('',#10205,#10213,#10215,.T.);
#10213 = VERTEX_POINT('',#10214);
#10214 = CARTESIAN_POINT('',(27.644107818604,-89.42584228515,3.));
#10215 = LINE('',#10216,#10217);
#10216 = CARTESIAN_POINT('',(27.879753112793,-89.86670684814,3.));
#10217 = VECTOR('',#10218,1.);
#10218 = DIRECTION('',(-0.471394054161,0.881922698257,0.));
#10219 = ORIENTED_EDGE('',*,*,#10220,.T.);
#10220 = EDGE_CURVE('',#10213,#10221,#10223,.T.);
#10221 = VERTEX_POINT('',#10222);
#10222 = CARTESIAN_POINT('',(27.498996734619,-88.94747924804,3.));
#10223 = LINE('',#10224,#10225);
#10224 = CARTESIAN_POINT('',(27.644107818604,-89.42584228515,3.));
#10225 = VECTOR('',#10226,1.);
#10226 = DIRECTION('',(-0.290286954493,0.956939644937,0.));
#10227 = ORIENTED_EDGE('',*,*,#10228,.T.);
#10228 = EDGE_CURVE('',#10221,#3388,#10229,.T.);
#10229 = LINE('',#10230,#10231);
#10230 = CARTESIAN_POINT('',(27.498996734619,-88.94747924804,3.));
#10231 = VECTOR('',#10232,1.);
#10232 = DIRECTION('',(-9.801365699323E-02,0.995185069745,0.));
#10233 = ORIENTED_EDGE('',*,*,#3387,.F.);
#10234 = ORIENTED_EDGE('',*,*,#10235,.T.);
#10235 = EDGE_CURVE('',#3365,#10236,#10238,.T.);
#10236 = VERTEX_POINT('',#10237);
#10237 = CARTESIAN_POINT('',(27.498996734619,-66.45252227783,3.));
#10238 = LINE('',#10239,#10240);
#10239 = CARTESIAN_POINT('',(27.450000762939,-66.94999694824,3.));
#10240 = VECTOR('',#10241,1.);
#10241 = DIRECTION('',(9.801514571419E-02,0.995184923123,0.));
#10242 = ORIENTED_EDGE('',*,*,#10243,.T.);
#10243 = EDGE_CURVE('',#10236,#10244,#10246,.T.);
#10244 = VERTEX_POINT('',#10245);
#10245 = CARTESIAN_POINT('',(27.644107818604,-65.97415924072,3.));
#10246 = LINE('',#10247,#10248);
#10247 = CARTESIAN_POINT('',(27.498996734619,-66.45252227783,3.));
#10248 = VECTOR('',#10249,1.);
#10249 = DIRECTION('',(0.290286954493,0.956939644937,0.));
#10250 = ORIENTED_EDGE('',*,*,#10251,.T.);
#10251 = EDGE_CURVE('',#10244,#10252,#10254,.T.);
#10252 = VERTEX_POINT('',#10253);
#10253 = CARTESIAN_POINT('',(27.879753112793,-65.53329467773,3.));
#10254 = LINE('',#10255,#10256);
#10255 = CARTESIAN_POINT('',(27.644107818604,-65.97415924072,3.));
#10256 = VECTOR('',#10257,1.);
#10257 = DIRECTION('',(0.471394054161,0.881922698257,0.));
#10258 = ORIENTED_EDGE('',*,*,#10259,.T.);
#10259 = EDGE_CURVE('',#10252,#3272,#10260,.T.);
#10260 = LINE('',#10261,#10262);
#10261 = CARTESIAN_POINT('',(27.879753112793,-65.53329467773,3.));
#10262 = VECTOR('',#10263,1.);
#10263 = DIRECTION('',(0.634397940809,0.773006631729,0.));
#10264 = ORIENTED_EDGE('',*,*,#10265,.T.);
#10265 = EDGE_CURVE('',#3272,#10266,#10268,.T.);
#10266 = VERTEX_POINT('',#10267);
#10267 = CARTESIAN_POINT('',(28.583295822144,-64.82975006103,3.));
#10268 = LINE('',#10269,#10270);
#10269 = CARTESIAN_POINT('',(28.196878433228,-65.14688110351,3.));
#10270 = VECTOR('',#10271,1.);
#10271 = DIRECTION('',(0.773004089586,0.634401038369,0.));
#10272 = ORIENTED_EDGE('',*,*,#10273,.T.);
#10273 = EDGE_CURVE('',#10266,#10274,#10276,.T.);
#10274 = VERTEX_POINT('',#10275);
#10275 = CARTESIAN_POINT('',(29.024156570435,-64.59410858154,3.));
#10276 = LINE('',#10277,#10278);
#10277 = CARTESIAN_POINT('',(28.583295822144,-64.82975006103,3.));
#10278 = VECTOR('',#10279,1.);
#10279 = DIRECTION('',(0.881924175038,0.471391291267,0.));
#10280 = ORIENTED_EDGE('',*,*,#10281,.T.);
#10281 = EDGE_CURVE('',#10274,#10282,#10284,.T.);
#10282 = VERTEX_POINT('',#10283);
#10283 = CARTESIAN_POINT('',(29.502519607544,-64.44899749755,3.));
#10284 = LINE('',#10285,#10286);
#10285 = CARTESIAN_POINT('',(29.024156570435,-64.59410858154,3.));
#10286 = VECTOR('',#10287,1.);
#10287 = DIRECTION('',(0.956939644937,0.290286954493,0.));
#10288 = ORIENTED_EDGE('',*,*,#10289,.T.);
#10289 = EDGE_CURVE('',#10282,#3179,#10290,.T.);
#10290 = LINE('',#10291,#10292);
#10291 = CARTESIAN_POINT('',(29.502519607544,-64.44899749755,3.));
#10292 = VECTOR('',#10293,1.);
#10293 = DIRECTION('',(0.99518503309,9.801402916925E-02,0.));
#10294 = ORIENTED_EDGE('',*,*,#10295,.T.);
#10295 = EDGE_CURVE('',#3179,#10047,#10296,.T.);
#10296 = LINE('',#10297,#10298);
#10297 = CARTESIAN_POINT('',(30.,-64.40000152587,3.));
#10298 = VECTOR('',#10299,1.);
#10299 = DIRECTION('',(0.99518503309,-9.801402916925E-02,0.));
#10300 = FACE_BOUND('',#10301,.F.);
#10301 = EDGE_LOOP('',(#10302,#10312,#10320,#10328,#10336,#10344,#10352,
    #10360,#10368,#10376,#10384,#10392,#10400,#10408,#10416,#10424,
    #10432,#10440,#10448,#10456,#10464,#10472,#10480,#10488,#10496,
    #10504,#10512,#10520,#10528,#10536,#10544,#10552,#10560,#10568));
#10302 = ORIENTED_EDGE('',*,*,#10303,.T.);
#10303 = EDGE_CURVE('',#10304,#10306,#10308,.T.);
#10304 = VERTEX_POINT('',#10305);
#10305 = CARTESIAN_POINT('',(49.502521514893,-90.95100402832,3.));
#10306 = VERTEX_POINT('',#10307);
#10307 = CARTESIAN_POINT('',(49.024158477783,-90.80589294433,3.));
#10308 = LINE('',#10309,#10310);
#10309 = CARTESIAN_POINT('',(49.502521514893,-90.95100402832,3.));
#10310 = VECTOR('',#10311,1.);
#10311 = DIRECTION('',(-0.956939644937,0.290286954493,0.));
#10312 = ORIENTED_EDGE('',*,*,#10313,.T.);
#10313 = EDGE_CURVE('',#10306,#10314,#10316,.T.);
#10314 = VERTEX_POINT('',#10315);
#10315 = CARTESIAN_POINT('',(48.583297729492,-90.57024383544,3.));
#10316 = LINE('',#10317,#10318);
#10317 = CARTESIAN_POINT('',(49.024158477783,-90.80589294433,3.));
#10318 = VECTOR('',#10319,1.);
#10319 = DIRECTION('',(-0.881917829989,0.471403162005,0.));
#10320 = ORIENTED_EDGE('',*,*,#10321,.T.);
#10321 = EDGE_CURVE('',#10314,#10322,#10324,.T.);
#10322 = VERTEX_POINT('',#10323);
#10323 = CARTESIAN_POINT('',(48.196876525879,-90.25312042236,3.));
#10324 = LINE('',#10325,#10326);
#10325 = CARTESIAN_POINT('',(48.583297729492,-90.57024383544,3.));
#10326 = VECTOR('',#10327,1.);
#10327 = DIRECTION('',(-0.77301464522,0.634388176336,0.));
#10328 = ORIENTED_EDGE('',*,*,#10329,.T.);
#10329 = EDGE_CURVE('',#10322,#10330,#10332,.T.);
#10330 = VERTEX_POINT('',#10331);
#10331 = CARTESIAN_POINT('',(47.879753112793,-89.86670684814,3.));
#10332 = LINE('',#10333,#10334);
#10333 = CARTESIAN_POINT('',(48.196876525879,-90.25312042236,3.));
#10334 = VECTOR('',#10335,1.);
#10335 = DIRECTION('',(-0.63439566084,0.773008502869,0.));
#10336 = ORIENTED_EDGE('',*,*,#10337,.T.);
#10337 = EDGE_CURVE('',#10330,#10338,#10340,.T.);
#10338 = VERTEX_POINT('',#10339);
#10339 = CARTESIAN_POINT('',(47.644107818604,-89.42584228515,3.));
#10340 = LINE('',#10341,#10342);
#10341 = CARTESIAN_POINT('',(47.879753112793,-89.86670684814,3.));
#10342 = VECTOR('',#10343,1.);
#10343 = DIRECTION('',(-0.471394054161,0.881922698257,0.));
#10344 = ORIENTED_EDGE('',*,*,#10345,.T.);
#10345 = EDGE_CURVE('',#10338,#10346,#10348,.T.);
#10346 = VERTEX_POINT('',#10347);
#10347 = CARTESIAN_POINT('',(47.498996734619,-88.94747924804,3.));
#10348 = LINE('',#10349,#10350);
#10349 = CARTESIAN_POINT('',(47.644107818604,-89.42584228515,3.));
#10350 = VECTOR('',#10351,1.);
#10351 = DIRECTION('',(-0.290286954493,0.956939644937,0.));
#10352 = ORIENTED_EDGE('',*,*,#10353,.T.);
#10353 = EDGE_CURVE('',#10346,#10354,#10356,.T.);
#10354 = VERTEX_POINT('',#10355);
#10355 = CARTESIAN_POINT('',(47.450000762939,-88.44999694824,3.));
#10356 = LINE('',#10357,#10358);
#10357 = CARTESIAN_POINT('',(47.498996734619,-88.94747924804,3.));
#10358 = VECTOR('',#10359,1.);
#10359 = DIRECTION('',(-9.801365699323E-02,0.995185069745,0.));
#10360 = ORIENTED_EDGE('',*,*,#10361,.F.);
#10361 = EDGE_CURVE('',#10362,#10354,#10364,.T.);
#10362 = VERTEX_POINT('',#10363);
#10363 = CARTESIAN_POINT('',(47.450000762939,-66.94999694824,3.));
#10364 = LINE('',#10365,#10366);
#10365 = CARTESIAN_POINT('',(47.450000762939,-66.94999694824,3.));
#10366 = VECTOR('',#10367,1.);
#10367 = DIRECTION('',(0.,-1.,0.));
#10368 = ORIENTED_EDGE('',*,*,#10369,.T.);
#10369 = EDGE_CURVE('',#10362,#10370,#10372,.T.);
#10370 = VERTEX_POINT('',#10371);
#10371 = CARTESIAN_POINT('',(47.498996734619,-66.45252227783,3.));
#10372 = LINE('',#10373,#10374);
#10373 = CARTESIAN_POINT('',(47.450000762939,-66.94999694824,3.));
#10374 = VECTOR('',#10375,1.);
#10375 = DIRECTION('',(9.801514571419E-02,0.995184923123,0.));
#10376 = ORIENTED_EDGE('',*,*,#10377,.T.);
#10377 = EDGE_CURVE('',#10370,#10378,#10380,.T.);
#10378 = VERTEX_POINT('',#10379);
#10379 = CARTESIAN_POINT('',(47.644107818604,-65.97415924072,3.));
#10380 = LINE('',#10381,#10382);
#10381 = CARTESIAN_POINT('',(47.498996734619,-66.45252227783,3.));
#10382 = VECTOR('',#10383,1.);
#10383 = DIRECTION('',(0.290286954493,0.956939644937,0.));
#10384 = ORIENTED_EDGE('',*,*,#10385,.T.);
#10385 = EDGE_CURVE('',#10378,#10386,#10388,.T.);
#10386 = VERTEX_POINT('',#10387);
#10387 = CARTESIAN_POINT('',(47.879753112793,-65.53329467773,3.));
#10388 = LINE('',#10389,#10390);
#10389 = CARTESIAN_POINT('',(47.644107818604,-65.97415924072,3.));
#10390 = VECTOR('',#10391,1.);
#10391 = DIRECTION('',(0.471394054161,0.881922698257,0.));
#10392 = ORIENTED_EDGE('',*,*,#10393,.T.);
#10393 = EDGE_CURVE('',#10386,#10394,#10396,.T.);
#10394 = VERTEX_POINT('',#10395);
#10395 = CARTESIAN_POINT('',(48.196876525879,-65.14688110351,3.));
#10396 = LINE('',#10397,#10398);
#10397 = CARTESIAN_POINT('',(47.879753112793,-65.53329467773,3.));
#10398 = VECTOR('',#10399,1.);
#10399 = DIRECTION('',(0.63439566084,0.773008502869,0.));
#10400 = ORIENTED_EDGE('',*,*,#10401,.T.);
#10401 = EDGE_CURVE('',#10394,#10402,#10404,.T.);
#10402 = VERTEX_POINT('',#10403);
#10403 = CARTESIAN_POINT('',(48.583297729492,-64.82975006103,3.));
#10404 = LINE('',#10405,#10406);
#10405 = CARTESIAN_POINT('',(48.196876525879,-65.14688110351,3.));
#10406 = VECTOR('',#10407,1.);
#10407 = DIRECTION('',(0.773007160793,0.63439729615,0.));
#10408 = ORIENTED_EDGE('',*,*,#10409,.T.);
#10409 = EDGE_CURVE('',#10402,#10410,#10412,.T.);
#10410 = VERTEX_POINT('',#10411);
#10411 = CARTESIAN_POINT('',(49.024158477783,-64.59410858154,3.));
#10412 = LINE('',#10413,#10414);
#10413 = CARTESIAN_POINT('',(48.583297729492,-64.82975006103,3.));
#10414 = VECTOR('',#10415,1.);
#10415 = DIRECTION('',(0.881924175038,0.471391291267,0.));
#10416 = ORIENTED_EDGE('',*,*,#10417,.T.);
#10417 = EDGE_CURVE('',#10410,#10418,#10420,.T.);
#10418 = VERTEX_POINT('',#10419);
#10419 = CARTESIAN_POINT('',(49.502521514893,-64.44899749755,3.));
#10420 = LINE('',#10421,#10422);
#10421 = CARTESIAN_POINT('',(49.024158477783,-64.59410858154,3.));
#10422 = VECTOR('',#10423,1.);
#10423 = DIRECTION('',(0.956939644937,0.290286954493,0.));
#10424 = ORIENTED_EDGE('',*,*,#10425,.T.);
#10425 = EDGE_CURVE('',#10418,#10426,#10428,.T.);
#10426 = VERTEX_POINT('',#10427);
#10427 = CARTESIAN_POINT('',(50.,-64.40000152587,3.));
#10428 = LINE('',#10429,#10430);
#10429 = CARTESIAN_POINT('',(49.502521514893,-64.44899749755,3.));
#10430 = VECTOR('',#10431,1.);
#10431 = DIRECTION('',(0.995184996435,9.801440134808E-02,0.));
#10432 = ORIENTED_EDGE('',*,*,#10433,.T.);
#10433 = EDGE_CURVE('',#10426,#10434,#10436,.T.);
#10434 = VERTEX_POINT('',#10435);
#10435 = CARTESIAN_POINT('',(50.497478485107,-64.44899749755,3.));
#10436 = LINE('',#10437,#10438);
#10437 = CARTESIAN_POINT('',(50.,-64.40000152587,3.));
#10438 = VECTOR('',#10439,1.);
#10439 = DIRECTION('',(0.995184996435,-9.801440134808E-02,0.));
#10440 = ORIENTED_EDGE('',*,*,#10441,.T.);
#10441 = EDGE_CURVE('',#10434,#10442,#10444,.T.);
#10442 = VERTEX_POINT('',#10443);
#10443 = CARTESIAN_POINT('',(50.975841522217,-64.59410858154,3.));
#10444 = LINE('',#10445,#10446);
#10445 = CARTESIAN_POINT('',(50.497478485107,-64.44899749755,3.));
#10446 = VECTOR('',#10447,1.);
#10447 = DIRECTION('',(0.956939644937,-0.290286954493,0.));
#10448 = ORIENTED_EDGE('',*,*,#10449,.T.);
#10449 = EDGE_CURVE('',#10442,#10450,#10452,.T.);
#10450 = VERTEX_POINT('',#10451);
#10451 = CARTESIAN_POINT('',(51.416702270508,-64.82975006103,3.));
#10452 = LINE('',#10453,#10454);
#10453 = CARTESIAN_POINT('',(50.975841522217,-64.59410858154,3.));
#10454 = VECTOR('',#10455,1.);
#10455 = DIRECTION('',(0.881924175038,-0.471391291267,0.));
#10456 = ORIENTED_EDGE('',*,*,#10457,.T.);
#10457 = EDGE_CURVE('',#10450,#10458,#10460,.T.);
#10458 = VERTEX_POINT('',#10459);
#10459 = CARTESIAN_POINT('',(51.803123474121,-65.14688110351,3.));
#10460 = LINE('',#10461,#10462);
#10461 = CARTESIAN_POINT('',(51.416702270508,-64.82975006103,3.));
#10462 = VECTOR('',#10463,1.);
#10463 = DIRECTION('',(0.773007160793,-0.63439729615,0.));
#10464 = ORIENTED_EDGE('',*,*,#10465,.T.);
#10465 = EDGE_CURVE('',#10458,#10466,#10468,.T.);
#10466 = VERTEX_POINT('',#10467);
#10467 = CARTESIAN_POINT('',(52.120246887207,-65.53329467773,3.));
#10468 = LINE('',#10469,#10470);
#10469 = CARTESIAN_POINT('',(51.803123474121,-65.14688110351,3.));
#10470 = VECTOR('',#10471,1.);
#10471 = DIRECTION('',(0.63439566084,-0.773008502869,0.));
#10472 = ORIENTED_EDGE('',*,*,#10473,.T.);
#10473 = EDGE_CURVE('',#10466,#10474,#10476,.T.);
#10474 = VERTEX_POINT('',#10475);
#10475 = CARTESIAN_POINT('',(52.355892181396,-65.97415924072,3.));
#10476 = LINE('',#10477,#10478);
#10477 = CARTESIAN_POINT('',(52.120246887207,-65.53329467773,3.));
#10478 = VECTOR('',#10479,1.);
#10479 = DIRECTION('',(0.471394054161,-0.881922698257,0.));
#10480 = ORIENTED_EDGE('',*,*,#10481,.T.);
#10481 = EDGE_CURVE('',#10474,#10482,#10484,.T.);
#10482 = VERTEX_POINT('',#10483);
#10483 = CARTESIAN_POINT('',(52.501003265381,-66.45252227783,3.));
#10484 = LINE('',#10485,#10486);
#10485 = CARTESIAN_POINT('',(52.355892181396,-65.97415924072,3.));
#10486 = VECTOR('',#10487,1.);
#10487 = DIRECTION('',(0.290286954493,-0.956939644937,0.));
#10488 = ORIENTED_EDGE('',*,*,#10489,.T.);
#10489 = EDGE_CURVE('',#10482,#10490,#10492,.T.);
#10490 = VERTEX_POINT('',#10491);
#10491 = CARTESIAN_POINT('',(52.549999237061,-66.94999694824,3.));
#10492 = LINE('',#10493,#10494);
#10493 = CARTESIAN_POINT('',(52.501003265381,-66.45252227783,3.));
#10494 = VECTOR('',#10495,1.);
#10495 = DIRECTION('',(9.801514571419E-02,-0.995184923123,0.));
#10496 = ORIENTED_EDGE('',*,*,#10497,.T.);
#10497 = EDGE_CURVE('',#10490,#10498,#10500,.T.);
#10498 = VERTEX_POINT('',#10499);
#10499 = CARTESIAN_POINT('',(52.549999237061,-88.44999694824,3.));
#10500 = LINE('',#10501,#10502);
#10501 = CARTESIAN_POINT('',(52.549999237061,-66.94999694824,3.));
#10502 = VECTOR('',#10503,1.);
#10503 = DIRECTION('',(0.,-1.,0.));
#10504 = ORIENTED_EDGE('',*,*,#10505,.T.);
#10505 = EDGE_CURVE('',#10498,#10506,#10508,.T.);
#10506 = VERTEX_POINT('',#10507);
#10507 = CARTESIAN_POINT('',(52.501003265381,-88.94747924804,3.));
#10508 = LINE('',#10509,#10510);
#10509 = CARTESIAN_POINT('',(52.549999237061,-88.44999694824,3.));
#10510 = VECTOR('',#10511,1.);
#10511 = DIRECTION('',(-9.801365699323E-02,-0.995185069745,0.));
#10512 = ORIENTED_EDGE('',*,*,#10513,.T.);
#10513 = EDGE_CURVE('',#10506,#10514,#10516,.T.);
#10514 = VERTEX_POINT('',#10515);
#10515 = CARTESIAN_POINT('',(52.355892181396,-89.42584228515,3.));
#10516 = LINE('',#10517,#10518);
#10517 = CARTESIAN_POINT('',(52.501003265381,-88.94747924804,3.));
#10518 = VECTOR('',#10519,1.);
#10519 = DIRECTION('',(-0.290286954493,-0.956939644937,0.));
#10520 = ORIENTED_EDGE('',*,*,#10521,.T.);
#10521 = EDGE_CURVE('',#10514,#10522,#10524,.T.);
#10522 = VERTEX_POINT('',#10523);
#10523 = CARTESIAN_POINT('',(52.120246887207,-89.86670684814,3.));
#10524 = LINE('',#10525,#10526);
#10525 = CARTESIAN_POINT('',(52.355892181396,-89.42584228515,3.));
#10526 = VECTOR('',#10527,1.);
#10527 = DIRECTION('',(-0.471394054161,-0.881922698257,0.));
#10528 = ORIENTED_EDGE('',*,*,#10529,.T.);
#10529 = EDGE_CURVE('',#10522,#10530,#10532,.T.);
#10530 = VERTEX_POINT('',#10531);
#10531 = CARTESIAN_POINT('',(51.803123474121,-90.25312042236,3.));
#10532 = LINE('',#10533,#10534);
#10533 = CARTESIAN_POINT('',(52.120246887207,-89.86670684814,3.));
#10534 = VECTOR('',#10535,1.);
#10535 = DIRECTION('',(-0.63439566084,-0.773008502869,0.));
#10536 = ORIENTED_EDGE('',*,*,#10537,.T.);
#10537 = EDGE_CURVE('',#10530,#10538,#10540,.T.);
#10538 = VERTEX_POINT('',#10539);
#10539 = CARTESIAN_POINT('',(51.416702270508,-90.57024383544,3.));
#10540 = LINE('',#10541,#10542);
#10541 = CARTESIAN_POINT('',(51.803123474121,-90.25312042236,3.));
#10542 = VECTOR('',#10543,1.);
#10543 = DIRECTION('',(-0.77301464522,-0.634388176336,0.));
#10544 = ORIENTED_EDGE('',*,*,#10545,.T.);
#10545 = EDGE_CURVE('',#10538,#10546,#10548,.T.);
#10546 = VERTEX_POINT('',#10547);
#10547 = CARTESIAN_POINT('',(50.975841522217,-90.80589294433,3.));
#10548 = LINE('',#10549,#10550);
#10549 = CARTESIAN_POINT('',(51.416702270508,-90.57024383544,3.));
#10550 = VECTOR('',#10551,1.);
#10551 = DIRECTION('',(-0.881917829989,-0.471403162005,0.));
#10552 = ORIENTED_EDGE('',*,*,#10553,.T.);
#10553 = EDGE_CURVE('',#10546,#10554,#10556,.T.);
#10554 = VERTEX_POINT('',#10555);
#10555 = CARTESIAN_POINT('',(50.497478485107,-90.95100402832,3.));
#10556 = LINE('',#10557,#10558);
#10557 = CARTESIAN_POINT('',(50.975841522217,-90.80589294433,3.));
#10558 = VECTOR('',#10559,1.);
#10559 = DIRECTION('',(-0.956939644937,-0.290286954493,0.));
#10560 = ORIENTED_EDGE('',*,*,#10561,.T.);
#10561 = EDGE_CURVE('',#10554,#10562,#10564,.T.);
#10562 = VERTEX_POINT('',#10563);
#10563 = CARTESIAN_POINT('',(50.,-91.,3.));
#10564 = LINE('',#10565,#10566);
#10565 = CARTESIAN_POINT('',(50.497478485107,-90.95100402832,3.));
#10566 = VECTOR('',#10567,1.);
#10567 = DIRECTION('',(-0.995184996435,-9.801440134808E-02,0.));
#10568 = ORIENTED_EDGE('',*,*,#10569,.T.);
#10569 = EDGE_CURVE('',#10562,#10304,#10570,.T.);
#10570 = LINE('',#10571,#10572);
#10571 = CARTESIAN_POINT('',(50.,-91.,3.));
#10572 = VECTOR('',#10573,1.);
#10573 = DIRECTION('',(-0.995184996435,9.801440134808E-02,0.));
#10574 = FACE_BOUND('',#10575,.F.);
#10575 = EDGE_LOOP('',(#10576,#10586,#10594,#10602,#10610,#10618,#10626,
    #10634,#10642,#10650,#10658,#10666,#10674,#10682,#10690,#10698,
    #10706,#10714,#10722,#10730,#10738,#10746,#10754,#10762,#10770,
    #10778,#10786,#10794,#10802,#10810,#10818,#10826));
#10576 = ORIENTED_EDGE('',*,*,#10577,.T.);
#10577 = EDGE_CURVE('',#10578,#10580,#10582,.T.);
#10578 = VERTEX_POINT('',#10579);
#10579 = CARTESIAN_POINT('',(4.646877765656,-7.953122138977,3.));
#10580 = VERTEX_POINT('',#10581);
#10581 = CARTESIAN_POINT('',(4.329752445221,-7.566704273224,3.));
#10582 = LINE('',#10583,#10584);
#10583 = CARTESIAN_POINT('',(4.646877765656,-7.953122138977,3.));
#10584 = VECTOR('',#10585,1.);
#10585 = DIRECTION('',(-0.634393730766,0.773010086845,0.));
#10586 = ORIENTED_EDGE('',*,*,#10587,.T.);
#10587 = EDGE_CURVE('',#10580,#10588,#10590,.T.);
#10588 = VERTEX_POINT('',#10589);
#10589 = CARTESIAN_POINT('',(4.094107151031,-7.125842571259,3.));
#10590 = LINE('',#10591,#10592);
#10591 = CARTESIAN_POINT('',(4.329752445221,-7.566704273224,3.));
#10592 = VECTOR('',#10593,1.);
#10593 = DIRECTION('',(-0.471396433538,0.881921426459,0.));
#10594 = ORIENTED_EDGE('',*,*,#10595,.T.);
#10595 = EDGE_CURVE('',#10588,#10596,#10598,.T.);
#10596 = VERTEX_POINT('',#10597);
#10597 = CARTESIAN_POINT('',(3.948997497559,-6.647480487823,3.));
#10598 = LINE('',#10599,#10600);
#10599 = CARTESIAN_POINT('',(4.094107151031,-7.125842571259,3.));
#10600 = VECTOR('',#10601,1.);
#10601 = DIRECTION('',(-0.290284863922,0.956940279107,0.));
#10602 = ORIENTED_EDGE('',*,*,#10603,.T.);
#10603 = EDGE_CURVE('',#10596,#10604,#10606,.T.);
#10604 = VERTEX_POINT('',#10605);
#10605 = CARTESIAN_POINT('',(3.900000095367,-6.150000095367,3.));
#10606 = LINE('',#10607,#10608);
#10607 = CARTESIAN_POINT('',(3.948997497559,-6.647480487823,3.));
#10608 = VECTOR('',#10609,1.);
#10609 = DIRECTION('',(-9.801686334451E-02,0.995184753953,0.));
#10610 = ORIENTED_EDGE('',*,*,#10611,.T.);
#10611 = EDGE_CURVE('',#10604,#10612,#10614,.T.);
#10612 = VERTEX_POINT('',#10613);
#10613 = CARTESIAN_POINT('',(3.948997497559,-5.652519702911,3.));
#10614 = LINE('',#10615,#10616);
#10615 = CARTESIAN_POINT('',(3.900000095367,-6.150000095367,3.));
#10616 = VECTOR('',#10617,1.);
#10617 = DIRECTION('',(9.801686334451E-02,0.995184753953,0.));
#10618 = ORIENTED_EDGE('',*,*,#10619,.T.);
#10619 = EDGE_CURVE('',#10612,#10620,#10622,.T.);
#10620 = VERTEX_POINT('',#10621);
#10621 = CARTESIAN_POINT('',(4.094107151031,-5.174157142639,3.));
#10622 = LINE('',#10623,#10624);
#10623 = CARTESIAN_POINT('',(3.948997497559,-5.652519702911,3.));
#10624 = VECTOR('',#10625,1.);
#10625 = DIRECTION('',(0.290284598946,0.956940359487,0.));
#10626 = ORIENTED_EDGE('',*,*,#10627,.T.);
#10627 = EDGE_CURVE('',#10620,#10628,#10630,.T.);
#10628 = VERTEX_POINT('',#10629);
#10629 = CARTESIAN_POINT('',(4.329752445221,-4.733295917511,3.));
#10630 = LINE('',#10631,#10632);
#10631 = CARTESIAN_POINT('',(4.094107151031,-5.174157142639,3.));
#10632 = VECTOR('',#10633,1.);
#10633 = DIRECTION('',(0.471396830103,0.881921214491,0.));
#10634 = ORIENTED_EDGE('',*,*,#10635,.T.);
#10635 = EDGE_CURVE('',#10628,#10636,#10638,.T.);
#10636 = VERTEX_POINT('',#10637);
#10637 = CARTESIAN_POINT('',(4.646877765656,-4.346877574921,3.));
#10638 = LINE('',#10639,#10640);
#10639 = CARTESIAN_POINT('',(4.329752445221,-4.733295917511,3.));
#10640 = VECTOR('',#10641,1.);
#10641 = DIRECTION('',(0.634393262986,0.773010470743,0.));
#10642 = ORIENTED_EDGE('',*,*,#10643,.T.);
#10643 = EDGE_CURVE('',#10636,#10644,#10646,.T.);
#10644 = VERTEX_POINT('',#10645);
#10645 = CARTESIAN_POINT('',(5.033296108246,-4.029752254486,3.));
#10646 = LINE('',#10647,#10648);
#10647 = CARTESIAN_POINT('',(4.646877765656,-4.346877574921,3.));
#10648 = VECTOR('',#10649,1.);
#10649 = DIRECTION('',(0.773010470743,0.634393262986,0.));
#10650 = ORIENTED_EDGE('',*,*,#10651,.T.);
#10651 = EDGE_CURVE('',#10644,#10652,#10654,.T.);
#10652 = VERTEX_POINT('',#10653);
#10653 = CARTESIAN_POINT('',(5.474157333374,-3.794107198715,3.));
#10654 = LINE('',#10655,#10656);
#10655 = CARTESIAN_POINT('',(5.033296108246,-4.029752254486,3.));
#10656 = VECTOR('',#10657,1.);
#10657 = DIRECTION('',(0.881921412773,0.471396459142,0.));
#10658 = ORIENTED_EDGE('',*,*,#10659,.T.);
#10659 = EDGE_CURVE('',#10652,#10660,#10662,.T.);
#10660 = VERTEX_POINT('',#10661);
#10661 = CARTESIAN_POINT('',(5.952519893646,-3.648997545242,3.));
#10662 = LINE('',#10663,#10664);
#10663 = CARTESIAN_POINT('',(5.474157333374,-3.794107198715,3.));
#10664 = VECTOR('',#10665,1.);
#10665 = DIRECTION('',(0.956940359487,0.290284598946,0.));
#10666 = ORIENTED_EDGE('',*,*,#10667,.T.);
#10667 = EDGE_CURVE('',#10660,#10668,#10670,.T.);
#10668 = VERTEX_POINT('',#10669);
#10669 = CARTESIAN_POINT('',(6.449999809265,-3.599999904633,3.));
#10670 = LINE('',#10671,#10672);
#10671 = CARTESIAN_POINT('',(5.952519893646,-3.648997545242,3.));
#10672 = VECTOR('',#10673,1.);
#10673 = DIRECTION('',(0.995184698265,9.801742875434E-02,0.));
#10674 = ORIENTED_EDGE('',*,*,#10675,.T.);
#10675 = EDGE_CURVE('',#10668,#10676,#10678,.T.);
#10676 = VERTEX_POINT('',#10677);
#10677 = CARTESIAN_POINT('',(6.947480201721,-3.648997545242,3.));
#10678 = LINE('',#10679,#10680);
#10679 = CARTESIAN_POINT('',(6.449999809265,-3.599999904633,3.));
#10680 = VECTOR('',#10681,1.);
#10681 = DIRECTION('',(0.995184707429,-9.801733570682E-02,0.));
#10682 = ORIENTED_EDGE('',*,*,#10683,.T.);
#10683 = EDGE_CURVE('',#10676,#10684,#10686,.T.);
#10684 = VERTEX_POINT('',#10685);
#10685 = CARTESIAN_POINT('',(7.425842761993,-3.794107198715,3.));
#10686 = LINE('',#10687,#10688);
#10687 = CARTESIAN_POINT('',(6.947480201721,-3.648997545242,3.));
#10688 = VECTOR('',#10689,1.);
#10689 = DIRECTION('',(0.956940359487,-0.290284598946,0.));
#10690 = ORIENTED_EDGE('',*,*,#10691,.T.);
#10691 = EDGE_CURVE('',#10684,#10692,#10694,.T.);
#10692 = VERTEX_POINT('',#10693);
#10693 = CARTESIAN_POINT('',(7.866703987122,-4.029752254486,3.));
#10694 = LINE('',#10695,#10696);
#10695 = CARTESIAN_POINT('',(7.425842761993,-3.794107198715,3.));
#10696 = VECTOR('',#10697,1.);
#10697 = DIRECTION('',(0.881921412773,-0.471396459142,0.));
#10698 = ORIENTED_EDGE('',*,*,#10699,.T.);
#10699 = EDGE_CURVE('',#10692,#10700,#10702,.T.);
#10700 = VERTEX_POINT('',#10701);
#10701 = CARTESIAN_POINT('',(8.253122329712,-4.346877574921,3.));
#10702 = LINE('',#10703,#10704);
#10703 = CARTESIAN_POINT('',(7.866703987122,-4.029752254486,3.));
#10704 = VECTOR('',#10705,1.);
#10705 = DIRECTION('',(0.773010470743,-0.634393262986,0.));
#10706 = ORIENTED_EDGE('',*,*,#10707,.T.);
#10707 = EDGE_CURVE('',#10700,#10708,#10710,.T.);
#10708 = VERTEX_POINT('',#10709);
#10709 = CARTESIAN_POINT('',(8.570247650146,-4.733295917511,3.));
#10710 = LINE('',#10711,#10712);
#10711 = CARTESIAN_POINT('',(8.253122329712,-4.346877574921,3.));
#10712 = VECTOR('',#10713,1.);
#10713 = DIRECTION('',(0.634393262986,-0.773010470743,0.));
#10714 = ORIENTED_EDGE('',*,*,#10715,.T.);
#10715 = EDGE_CURVE('',#10708,#10716,#10718,.T.);
#10716 = VERTEX_POINT('',#10717);
#10717 = CARTESIAN_POINT('',(8.805892944336,-5.174157142639,3.));
#10718 = LINE('',#10719,#10720);
#10719 = CARTESIAN_POINT('',(8.570247650146,-4.733295917511,3.));
#10720 = VECTOR('',#10721,1.);
#10721 = DIRECTION('',(0.471396830103,-0.881921214491,0.));
#10722 = ORIENTED_EDGE('',*,*,#10723,.T.);
#10723 = EDGE_CURVE('',#10716,#10724,#10726,.T.);
#10724 = VERTEX_POINT('',#10725);
#10725 = CARTESIAN_POINT('',(8.951002120972,-5.652519702911,3.));
#10726 = LINE('',#10727,#10728);
#10727 = CARTESIAN_POINT('',(8.805892944336,-5.174157142639,3.));
#10728 = VECTOR('',#10729,1.);
#10729 = DIRECTION('',(0.290283725436,-0.956940624463,0.));
#10730 = ORIENTED_EDGE('',*,*,#10731,.T.);
#10731 = EDGE_CURVE('',#10724,#10732,#10734,.T.);
#10732 = VERTEX_POINT('',#10733);
#10733 = CARTESIAN_POINT('',(9.,-6.150000095367,3.));
#10734 = LINE('',#10735,#10736);
#10735 = CARTESIAN_POINT('',(8.951002120972,-5.652519702911,3.));
#10736 = VECTOR('',#10737,1.);
#10737 = DIRECTION('',(9.801780806907E-02,-0.995184660905,0.));
#10738 = ORIENTED_EDGE('',*,*,#10739,.T.);
#10739 = EDGE_CURVE('',#10732,#10740,#10742,.T.);
#10740 = VERTEX_POINT('',#10741);
#10741 = CARTESIAN_POINT('',(8.951002120972,-6.647480487823,3.));
#10742 = LINE('',#10743,#10744);
#10743 = CARTESIAN_POINT('',(9.,-6.150000095367,3.));
#10744 = VECTOR('',#10745,1.);
#10745 = DIRECTION('',(-9.801780806907E-02,-0.995184660905,0.));
#10746 = ORIENTED_EDGE('',*,*,#10747,.T.);
#10747 = EDGE_CURVE('',#10740,#10748,#10750,.T.);
#10748 = VERTEX_POINT('',#10749);
#10749 = CARTESIAN_POINT('',(8.805892944336,-7.125842571259,3.));
#10750 = LINE('',#10751,#10752);
#10751 = CARTESIAN_POINT('',(8.951002120972,-6.647480487823,3.));
#10752 = VECTOR('',#10753,1.);
#10753 = DIRECTION('',(-0.290283990412,-0.956940544083,0.));
#10754 = ORIENTED_EDGE('',*,*,#10755,.T.);
#10755 = EDGE_CURVE('',#10748,#10756,#10758,.T.);
#10756 = VERTEX_POINT('',#10757);
#10757 = CARTESIAN_POINT('',(8.570247650146,-7.566704273224,3.));
#10758 = LINE('',#10759,#10760);
#10759 = CARTESIAN_POINT('',(8.805892944336,-7.125842571259,3.));
#10760 = VECTOR('',#10761,1.);
#10761 = DIRECTION('',(-0.471396433538,-0.881921426459,0.));
#10762 = ORIENTED_EDGE('',*,*,#10763,.T.);
#10763 = EDGE_CURVE('',#10756,#10764,#10766,.T.);
#10764 = VERTEX_POINT('',#10765);
#10765 = CARTESIAN_POINT('',(8.253122329712,-7.953122138977,3.));
#10766 = LINE('',#10767,#10768);
#10767 = CARTESIAN_POINT('',(8.570247650146,-7.566704273224,3.));
#10768 = VECTOR('',#10769,1.);
#10769 = DIRECTION('',(-0.634393730766,-0.773010086845,0.));
#10770 = ORIENTED_EDGE('',*,*,#10771,.T.);
#10771 = EDGE_CURVE('',#10764,#10772,#10774,.T.);
#10772 = VERTEX_POINT('',#10773);
#10773 = CARTESIAN_POINT('',(7.866703987122,-8.270247459412,3.));
#10774 = LINE('',#10775,#10776);
#10775 = CARTESIAN_POINT('',(8.253122329712,-7.953122138977,3.));
#10776 = VECTOR('',#10777,1.);
#10777 = DIRECTION('',(-0.773010470743,-0.634393262986,0.));
#10778 = ORIENTED_EDGE('',*,*,#10779,.T.);
#10779 = EDGE_CURVE('',#10772,#10780,#10782,.T.);
#10780 = VERTEX_POINT('',#10781);
#10781 = CARTESIAN_POINT('',(7.425842761993,-8.505892753601,3.));
#10782 = LINE('',#10783,#10784);
#10783 = CARTESIAN_POINT('',(7.866703987122,-8.270247459412,3.));
#10784 = VECTOR('',#10785,1.);
#10785 = DIRECTION('',(-0.881921214491,-0.471396830103,0.));
#10786 = ORIENTED_EDGE('',*,*,#10787,.T.);
#10787 = EDGE_CURVE('',#10780,#10788,#10790,.T.);
#10788 = VERTEX_POINT('',#10789);
#10789 = CARTESIAN_POINT('',(6.947480201721,-8.651002883911,3.));
#10790 = LINE('',#10791,#10792);
#10791 = CARTESIAN_POINT('',(7.425842761993,-8.505892753601,3.));
#10792 = VECTOR('',#10793,1.);
#10793 = DIRECTION('',(-0.95694009451,-0.290285472455,0.));
#10794 = ORIENTED_EDGE('',*,*,#10795,.T.);
#10795 = EDGE_CURVE('',#10788,#10796,#10798,.T.);
#10796 = VERTEX_POINT('',#10797);
#10797 = CARTESIAN_POINT('',(6.449999809265,-8.699999809265,3.));
#10798 = LINE('',#10799,#10800);
#10799 = CARTESIAN_POINT('',(6.947480201721,-8.651002883911,3.));
#10800 = VECTOR('',#10801,1.);
#10801 = DIRECTION('',(-0.995184846999,-9.801591861969E-02,0.));
#10802 = ORIENTED_EDGE('',*,*,#10803,.T.);
#10803 = EDGE_CURVE('',#10796,#10804,#10806,.T.);
#10804 = VERTEX_POINT('',#10805);
#10805 = CARTESIAN_POINT('',(5.952519893646,-8.651002883911,3.));
#10806 = LINE('',#10807,#10808);
#10807 = CARTESIAN_POINT('',(6.449999809265,-8.699999809265,3.));
#10808 = VECTOR('',#10809,1.);
#10809 = DIRECTION('',(-0.995184837835,9.801601166589E-02,0.));
#10810 = ORIENTED_EDGE('',*,*,#10811,.T.);
#10811 = EDGE_CURVE('',#10804,#10812,#10814,.T.);
#10812 = VERTEX_POINT('',#10813);
#10813 = CARTESIAN_POINT('',(5.474157333374,-8.505892753601,3.));
#10814 = LINE('',#10815,#10816);
#10815 = CARTESIAN_POINT('',(5.952519893646,-8.651002883911,3.));
#10816 = VECTOR('',#10817,1.);
#10817 = DIRECTION('',(-0.95694009451,0.290285472455,0.));
#10818 = ORIENTED_EDGE('',*,*,#10819,.T.);
#10819 = EDGE_CURVE('',#10812,#10820,#10822,.T.);
#10820 = VERTEX_POINT('',#10821);
#10821 = CARTESIAN_POINT('',(5.033296108246,-8.270247459412,3.));
#10822 = LINE('',#10823,#10824);
#10823 = CARTESIAN_POINT('',(5.474157333374,-8.505892753601,3.));
#10824 = VECTOR('',#10825,1.);
#10825 = DIRECTION('',(-0.881921214491,0.471396830103,0.));
#10826 = ORIENTED_EDGE('',*,*,#10827,.T.);
#10827 = EDGE_CURVE('',#10820,#10578,#10828,.T.);
#10828 = LINE('',#10829,#10830);
#10829 = CARTESIAN_POINT('',(5.033296108246,-8.270247459412,3.));
#10830 = VECTOR('',#10831,1.);
#10831 = DIRECTION('',(-0.773010470743,0.634393262986,0.));
#10832 = FACE_BOUND('',#10833,.F.);
#10833 = EDGE_LOOP('',(#10834,#10844,#10852,#10860,#10868,#10876,#10884,
    #10892,#10900,#10908,#10916,#10924,#10932,#10940,#10948,#10956,
    #10964,#10972,#10980,#10988,#10996,#11004,#11012,#11020,#11028,
    #11036,#11044,#11052,#11060,#11068,#11076,#11084));
#10834 = ORIENTED_EDGE('',*,*,#10835,.T.);
#10835 = EDGE_CURVE('',#10836,#10838,#10840,.T.);
#10836 = VERTEX_POINT('',#10837);
#10837 = CARTESIAN_POINT('',(3.948997497559,-53.7474784851,3.));
#10838 = VERTEX_POINT('',#10839);
#10839 = CARTESIAN_POINT('',(3.900000095367,-53.25,3.));
#10840 = LINE('',#10841,#10842);
#10841 = CARTESIAN_POINT('',(3.948997497559,-53.7474784851,3.));
#10842 = VECTOR('',#10843,1.);
#10843 = DIRECTION('',(-9.80172355339E-02,0.995184717295,0.));
#10844 = ORIENTED_EDGE('',*,*,#10845,.T.);
#10845 = EDGE_CURVE('',#10838,#10846,#10848,.T.);
#10846 = VERTEX_POINT('',#10847);
#10847 = CARTESIAN_POINT('',(3.948997497559,-52.75252151489,3.));
#10848 = LINE('',#10849,#10850);
#10849 = CARTESIAN_POINT('',(3.900000095367,-53.25,3.));
#10850 = VECTOR('',#10851,1.);
#10851 = DIRECTION('',(9.80172355339E-02,0.995184717295,0.));
#10852 = ORIENTED_EDGE('',*,*,#10853,.T.);
#10853 = EDGE_CURVE('',#10846,#10854,#10856,.T.);
#10854 = VERTEX_POINT('',#10855);
#10855 = CARTESIAN_POINT('',(4.094107151031,-52.27415847778,3.));
#10856 = LINE('',#10857,#10858);
#10857 = CARTESIAN_POINT('',(3.948997497559,-52.75252151489,3.));
#10858 = VECTOR('',#10859,1.);
#10859 = DIRECTION('',(0.29028433397,0.956940439866,0.));
#10860 = ORIENTED_EDGE('',*,*,#10861,.T.);
#10861 = EDGE_CURVE('',#10854,#10862,#10864,.T.);
#10862 = VERTEX_POINT('',#10863);
#10863 = CARTESIAN_POINT('',(4.329752445221,-51.83329772949,3.));
#10864 = LINE('',#10865,#10866);
#10865 = CARTESIAN_POINT('',(4.094107151031,-52.27415847778,3.));
#10866 = VECTOR('',#10867,1.);
#10867 = DIRECTION('',(0.471397226668,0.881921002522,0.));
#10868 = ORIENTED_EDGE('',*,*,#10869,.T.);
#10869 = EDGE_CURVE('',#10862,#10870,#10872,.T.);
#10870 = VERTEX_POINT('',#10871);
#10871 = CARTESIAN_POINT('',(4.646877765656,-51.44687652587,3.));
#10872 = LINE('',#10873,#10874);
#10873 = CARTESIAN_POINT('',(4.329752445221,-51.83329772949,3.));
#10874 = VECTOR('',#10875,1.);
#10875 = DIRECTION('',(0.634390456314,0.77301277411,0.));
#10876 = ORIENTED_EDGE('',*,*,#10877,.T.);
#10877 = EDGE_CURVE('',#10870,#10878,#10880,.T.);
#10878 = VERTEX_POINT('',#10879);
#10879 = CARTESIAN_POINT('',(5.033296108246,-51.12975311279,3.));
#10880 = LINE('',#10881,#10882);
#10881 = CARTESIAN_POINT('',(4.646877765656,-51.44687652587,3.));
#10882 = VECTOR('',#10883,1.);
#10883 = DIRECTION('',(0.773012341864,0.634390983011,0.));
#10884 = ORIENTED_EDGE('',*,*,#10885,.T.);
#10885 = EDGE_CURVE('',#10878,#10886,#10888,.T.);
#10886 = VERTEX_POINT('',#10887);
#10887 = CARTESIAN_POINT('',(5.474157333374,-50.8941078186,3.));
#10888 = LINE('',#10889,#10890);
#10889 = CARTESIAN_POINT('',(5.033296108246,-51.12975311279,3.));
#10890 = VECTOR('',#10891,1.);
#10891 = DIRECTION('',(0.881921214491,0.471396830103,0.));
#10892 = ORIENTED_EDGE('',*,*,#10893,.T.);
#10893 = EDGE_CURVE('',#10886,#10894,#10896,.T.);
#10894 = VERTEX_POINT('',#10895);
#10895 = CARTESIAN_POINT('',(5.952519893646,-50.74899673461,3.));
#10896 = LINE('',#10897,#10898);
#10897 = CARTESIAN_POINT('',(5.474157333374,-50.8941078186,3.));
#10898 = VECTOR('',#10899,1.);
#10899 = DIRECTION('',(0.956939564556,0.290287219471,0.));
#10900 = ORIENTED_EDGE('',*,*,#10901,.T.);
#10901 = EDGE_CURVE('',#10894,#10902,#10904,.T.);
#10902 = VERTEX_POINT('',#10903);
#10903 = CARTESIAN_POINT('',(6.449999809265,-50.70000076293,3.));
#10904 = LINE('',#10905,#10906);
#10905 = CARTESIAN_POINT('',(5.952519893646,-50.74899673461,3.));
#10906 = VECTOR('',#10907,1.);
#10907 = DIRECTION('',(0.995185023926,9.80141222137E-02,0.));
#10908 = ORIENTED_EDGE('',*,*,#10909,.T.);
#10909 = EDGE_CURVE('',#10902,#10910,#10912,.T.);
#10910 = VERTEX_POINT('',#10911);
#10911 = CARTESIAN_POINT('',(6.947480201721,-50.74899673461,3.));
#10912 = LINE('',#10913,#10914);
#10913 = CARTESIAN_POINT('',(6.449999809265,-50.70000076293,3.));
#10914 = VECTOR('',#10915,1.);
#10915 = DIRECTION('',(0.99518503309,-9.801402916925E-02,0.));
#10916 = ORIENTED_EDGE('',*,*,#10917,.T.);
#10917 = EDGE_CURVE('',#10910,#10918,#10920,.T.);
#10918 = VERTEX_POINT('',#10919);
#10919 = CARTESIAN_POINT('',(7.425842761993,-50.8941078186,3.));
#10920 = LINE('',#10921,#10922);
#10921 = CARTESIAN_POINT('',(6.947480201721,-50.74899673461,3.));
#10922 = VECTOR('',#10923,1.);
#10923 = DIRECTION('',(0.956939564556,-0.290287219471,0.));
#10924 = ORIENTED_EDGE('',*,*,#10925,.T.);
#10925 = EDGE_CURVE('',#10918,#10926,#10928,.T.);
#10926 = VERTEX_POINT('',#10927);
#10927 = CARTESIAN_POINT('',(7.866703987122,-51.12975311279,3.));
#10928 = LINE('',#10929,#10930);
#10929 = CARTESIAN_POINT('',(7.425842761993,-50.8941078186,3.));
#10930 = VECTOR('',#10931,1.);
#10931 = DIRECTION('',(0.881921214491,-0.471396830103,0.));
#10932 = ORIENTED_EDGE('',*,*,#10933,.T.);
#10933 = EDGE_CURVE('',#10926,#10934,#10936,.T.);
#10934 = VERTEX_POINT('',#10935);
#10935 = CARTESIAN_POINT('',(8.253122329712,-51.44687652587,3.));
#10936 = LINE('',#10937,#10938);
#10937 = CARTESIAN_POINT('',(7.866703987122,-51.12975311279,3.));
#10938 = VECTOR('',#10939,1.);
#10939 = DIRECTION('',(0.773012341864,-0.634390983011,0.));
#10940 = ORIENTED_EDGE('',*,*,#10941,.T.);
#10941 = EDGE_CURVE('',#10934,#10942,#10944,.T.);
#10942 = VERTEX_POINT('',#10943);
#10943 = CARTESIAN_POINT('',(8.570247650146,-51.83329772949,3.));
#10944 = LINE('',#10945,#10946);
#10945 = CARTESIAN_POINT('',(8.253122329712,-51.44687652587,3.));
#10946 = VECTOR('',#10947,1.);
#10947 = DIRECTION('',(0.634390456314,-0.77301277411,0.));
#10948 = ORIENTED_EDGE('',*,*,#10949,.T.);
#10949 = EDGE_CURVE('',#10942,#10950,#10952,.T.);
#10950 = VERTEX_POINT('',#10951);
#10951 = CARTESIAN_POINT('',(8.805892944336,-52.27415847778,3.));
#10952 = LINE('',#10953,#10954);
#10953 = CARTESIAN_POINT('',(8.570247650146,-51.83329772949,3.));
#10954 = VECTOR('',#10955,1.);
#10955 = DIRECTION('',(0.471397226668,-0.881921002522,0.));
#10956 = ORIENTED_EDGE('',*,*,#10957,.T.);
#10957 = EDGE_CURVE('',#10950,#10958,#10960,.T.);
#10958 = VERTEX_POINT('',#10959);
#10959 = CARTESIAN_POINT('',(8.951002120972,-52.75252151489,3.));
#10960 = LINE('',#10961,#10962);
#10961 = CARTESIAN_POINT('',(8.805892944336,-52.27415847778,3.));
#10962 = VECTOR('',#10963,1.);
#10963 = DIRECTION('',(0.290283460461,-0.956940704842,0.));
#10964 = ORIENTED_EDGE('',*,*,#10965,.T.);
#10965 = EDGE_CURVE('',#10958,#10966,#10968,.T.);
#10966 = VERTEX_POINT('',#10967);
#10967 = CARTESIAN_POINT('',(9.,-53.25,3.));
#10968 = LINE('',#10969,#10970);
#10969 = CARTESIAN_POINT('',(8.951002120972,-52.75252151489,3.));
#10970 = VECTOR('',#10971,1.);
#10971 = DIRECTION('',(9.801818026197E-02,-0.995184624247,0.));
#10972 = ORIENTED_EDGE('',*,*,#10973,.T.);
#10973 = EDGE_CURVE('',#10966,#10974,#10976,.T.);
#10974 = VERTEX_POINT('',#10975);
#10975 = CARTESIAN_POINT('',(8.951002120972,-53.7474784851,3.));
#10976 = LINE('',#10977,#10978);
#10977 = CARTESIAN_POINT('',(9.,-53.25,3.));
#10978 = VECTOR('',#10979,1.);
#10979 = DIRECTION('',(-9.801818026197E-02,-0.995184624247,0.));
#10980 = ORIENTED_EDGE('',*,*,#10981,.T.);
#10981 = EDGE_CURVE('',#10974,#10982,#10984,.T.);
#10982 = VERTEX_POINT('',#10983);
#10983 = CARTESIAN_POINT('',(8.805892944336,-54.22584152221,3.));
#10984 = LINE('',#10985,#10986);
#10985 = CARTESIAN_POINT('',(8.951002120972,-53.7474784851,3.));
#10986 = VECTOR('',#10987,1.);
#10987 = DIRECTION('',(-0.290283460461,-0.956940704842,0.));
#10988 = ORIENTED_EDGE('',*,*,#10989,.T.);
#10989 = EDGE_CURVE('',#10982,#10990,#10992,.T.);
#10990 = VERTEX_POINT('',#10991);
#10991 = CARTESIAN_POINT('',(8.570247650146,-54.6667022705,3.));
#10992 = LINE('',#10993,#10994);
#10993 = CARTESIAN_POINT('',(8.805892944336,-54.22584152221,3.));
#10994 = VECTOR('',#10995,1.);
#10995 = DIRECTION('',(-0.471397226668,-0.881921002522,0.));
#10996 = ORIENTED_EDGE('',*,*,#10997,.T.);
#10997 = EDGE_CURVE('',#10990,#10998,#11000,.T.);
#10998 = VERTEX_POINT('',#10999);
#10999 = CARTESIAN_POINT('',(8.253122329712,-55.05312347412,3.));
#11000 = LINE('',#11001,#11002);
#11001 = CARTESIAN_POINT('',(8.570247650146,-54.6667022705,3.));
#11002 = VECTOR('',#11003,1.);
#11003 = DIRECTION('',(-0.634390456314,-0.77301277411,0.));
#11004 = ORIENTED_EDGE('',*,*,#11005,.T.);
#11005 = EDGE_CURVE('',#10998,#11006,#11008,.T.);
#11006 = VERTEX_POINT('',#11007);
#11007 = CARTESIAN_POINT('',(7.866703987122,-55.3702468872,3.));
#11008 = LINE('',#11009,#11010);
#11009 = CARTESIAN_POINT('',(8.253122329712,-55.05312347412,3.));
#11010 = VECTOR('',#11011,1.);
#11011 = DIRECTION('',(-0.773012341864,-0.634390983011,0.));
#11012 = ORIENTED_EDGE('',*,*,#11013,.T.);
#11013 = EDGE_CURVE('',#11006,#11014,#11016,.T.);
#11014 = VERTEX_POINT('',#11015);
#11015 = CARTESIAN_POINT('',(7.425842761993,-55.60589218139,3.));
#11016 = LINE('',#11017,#11018);
#11017 = CARTESIAN_POINT('',(7.866703987122,-55.3702468872,3.));
#11018 = VECTOR('',#11019,1.);
#11019 = DIRECTION('',(-0.881921214491,-0.471396830103,0.));
#11020 = ORIENTED_EDGE('',*,*,#11021,.T.);
#11021 = EDGE_CURVE('',#11014,#11022,#11024,.T.);
#11022 = VERTEX_POINT('',#11023);
#11023 = CARTESIAN_POINT('',(6.947480201721,-55.75100326538,3.));
#11024 = LINE('',#11025,#11026);
#11025 = CARTESIAN_POINT('',(7.425842761993,-55.60589218139,3.));
#11026 = VECTOR('',#11027,1.);
#11027 = DIRECTION('',(-0.956939564556,-0.290287219471,0.));
#11028 = ORIENTED_EDGE('',*,*,#11029,.T.);
#11029 = EDGE_CURVE('',#11022,#11030,#11032,.T.);
#11030 = VERTEX_POINT('',#11031);
#11031 = CARTESIAN_POINT('',(6.449999809265,-55.79999923706,3.));
#11032 = LINE('',#11033,#11034);
#11033 = CARTESIAN_POINT('',(6.947480201721,-55.75100326538,3.));
#11034 = VECTOR('',#11035,1.);
#11035 = DIRECTION('',(-0.99518503309,-9.801402916925E-02,0.));
#11036 = ORIENTED_EDGE('',*,*,#11037,.T.);
#11037 = EDGE_CURVE('',#11030,#11038,#11040,.T.);
#11038 = VERTEX_POINT('',#11039);
#11039 = CARTESIAN_POINT('',(5.952519893646,-55.75100326538,3.));
#11040 = LINE('',#11041,#11042);
#11041 = CARTESIAN_POINT('',(6.449999809265,-55.79999923706,3.));
#11042 = VECTOR('',#11043,1.);
#11043 = DIRECTION('',(-0.995185023926,9.80141222137E-02,0.));
#11044 = ORIENTED_EDGE('',*,*,#11045,.T.);
#11045 = EDGE_CURVE('',#11038,#11046,#11048,.T.);
#11046 = VERTEX_POINT('',#11047);
#11047 = CARTESIAN_POINT('',(5.474157333374,-55.60589218139,3.));
#11048 = LINE('',#11049,#11050);
#11049 = CARTESIAN_POINT('',(5.952519893646,-55.75100326538,3.));
#11050 = VECTOR('',#11051,1.);
#11051 = DIRECTION('',(-0.956939564556,0.290287219471,0.));
#11052 = ORIENTED_EDGE('',*,*,#11053,.T.);
#11053 = EDGE_CURVE('',#11046,#11054,#11056,.T.);
#11054 = VERTEX_POINT('',#11055);
#11055 = CARTESIAN_POINT('',(5.033296108246,-55.3702468872,3.));
#11056 = LINE('',#11057,#11058);
#11057 = CARTESIAN_POINT('',(5.474157333374,-55.60589218139,3.));
#11058 = VECTOR('',#11059,1.);
#11059 = DIRECTION('',(-0.881921214491,0.471396830103,0.));
#11060 = ORIENTED_EDGE('',*,*,#11061,.T.);
#11061 = EDGE_CURVE('',#11054,#11062,#11064,.T.);
#11062 = VERTEX_POINT('',#11063);
#11063 = CARTESIAN_POINT('',(4.646877765656,-55.05312347412,3.));
#11064 = LINE('',#11065,#11066);
#11065 = CARTESIAN_POINT('',(5.033296108246,-55.3702468872,3.));
#11066 = VECTOR('',#11067,1.);
#11067 = DIRECTION('',(-0.773012341864,0.634390983011,0.));
#11068 = ORIENTED_EDGE('',*,*,#11069,.T.);
#11069 = EDGE_CURVE('',#11062,#11070,#11072,.T.);
#11070 = VERTEX_POINT('',#11071);
#11071 = CARTESIAN_POINT('',(4.329752445221,-54.6667022705,3.));
#11072 = LINE('',#11073,#11074);
#11073 = CARTESIAN_POINT('',(4.646877765656,-55.05312347412,3.));
#11074 = VECTOR('',#11075,1.);
#11075 = DIRECTION('',(-0.634390456314,0.77301277411,0.));
#11076 = ORIENTED_EDGE('',*,*,#11077,.T.);
#11077 = EDGE_CURVE('',#11070,#11078,#11080,.T.);
#11078 = VERTEX_POINT('',#11079);
#11079 = CARTESIAN_POINT('',(4.094107151031,-54.22584152221,3.));
#11080 = LINE('',#11081,#11082);
#11081 = CARTESIAN_POINT('',(4.329752445221,-54.6667022705,3.));
#11082 = VECTOR('',#11083,1.);
#11083 = DIRECTION('',(-0.471397226668,0.881921002522,0.));
#11084 = ORIENTED_EDGE('',*,*,#11085,.T.);
#11085 = EDGE_CURVE('',#11078,#10836,#11086,.T.);
#11086 = LINE('',#11087,#11088);
#11087 = CARTESIAN_POINT('',(4.094107151031,-54.22584152221,3.));
#11088 = VECTOR('',#11089,1.);
#11089 = DIRECTION('',(-0.29028433397,0.956940439866,0.));
#11090 = FACE_BOUND('',#11091,.F.);
#11091 = EDGE_LOOP('',(#11092,#11102,#11110,#11118,#11126,#11134,#11142,
    #11150,#11158,#11166,#11174,#11182,#11190,#11198,#11206,#11214,
    #11222,#11230,#11238,#11246,#11254,#11262,#11270,#11278,#11286,
    #11294,#11302,#11310,#11318,#11326,#11334,#11342));
#11092 = ORIENTED_EDGE('',*,*,#11093,.T.);
#11093 = EDGE_CURVE('',#11094,#11096,#11098,.T.);
#11094 = VERTEX_POINT('',#11095);
#11095 = CARTESIAN_POINT('',(51.429752349854,-4.733295917511,3.));
#11096 = VERTEX_POINT('',#11097);
#11097 = CARTESIAN_POINT('',(51.746879577637,-4.346877574921,3.));
#11098 = LINE('',#11099,#11100);
#11099 = CARTESIAN_POINT('',(51.429752349854,-4.733295917511,3.));
#11100 = VECTOR('',#11101,1.);
#11101 = DIRECTION('',(0.634395542944,0.773008599624,0.));
#11102 = ORIENTED_EDGE('',*,*,#11103,.T.);
#11103 = EDGE_CURVE('',#11096,#11104,#11106,.T.);
#11104 = VERTEX_POINT('',#11105);
#11105 = CARTESIAN_POINT('',(52.133296966553,-4.029752254486,3.));
#11106 = LINE('',#11107,#11108);
#11107 = CARTESIAN_POINT('',(51.746879577637,-4.346877574921,3.));
#11108 = VECTOR('',#11109,1.);
#11109 = DIRECTION('',(0.773009702947,0.634394198547,0.));
#11110 = ORIENTED_EDGE('',*,*,#11111,.T.);
#11111 = EDGE_CURVE('',#11104,#11112,#11114,.T.);
#11112 = VERTEX_POINT('',#11113);
#11113 = CARTESIAN_POINT('',(52.574157714844,-3.794107198715,3.));
#11114 = LINE('',#11115,#11116);
#11115 = CARTESIAN_POINT('',(52.133296966553,-4.029752254486,3.));
#11116 = VECTOR('',#11117,1.);
#11117 = DIRECTION('',(0.881921200805,0.471396855707,0.));
#11118 = ORIENTED_EDGE('',*,*,#11119,.T.);
#11119 = EDGE_CURVE('',#11112,#11120,#11122,.T.);
#11120 = VERTEX_POINT('',#11121);
#11121 = CARTESIAN_POINT('',(53.052520751953,-3.648997545242,3.));
#11122 = LINE('',#11123,#11124);
#11123 = CARTESIAN_POINT('',(52.574157714844,-3.794107198715,3.));
#11124 = VECTOR('',#11125,1.);
#11125 = DIRECTION('',(0.956940439866,0.29028433397,0.));
#11126 = ORIENTED_EDGE('',*,*,#11127,.T.);
#11127 = EDGE_CURVE('',#11120,#11128,#11130,.T.);
#11128 = VERTEX_POINT('',#11129);
#11129 = CARTESIAN_POINT('',(53.549999237061,-3.599999904633,3.));
#11130 = LINE('',#11131,#11132);
#11131 = CARTESIAN_POINT('',(53.052520751953,-3.648997545242,3.));
#11132 = VECTOR('',#11133,1.);
#11133 = DIRECTION('',(0.995184670771,9.801770789797E-02,0.));
#11134 = ORIENTED_EDGE('',*,*,#11135,.T.);
#11135 = EDGE_CURVE('',#11128,#11136,#11138,.T.);
#11136 = VERTEX_POINT('',#11137);
#11137 = CARTESIAN_POINT('',(54.047481536865,-3.648997545242,3.));
#11138 = LINE('',#11139,#11140);
#11139 = CARTESIAN_POINT('',(53.549999237061,-3.599999904633,3.));
#11140 = VECTOR('',#11141,1.);
#11141 = DIRECTION('',(0.995184744087,-9.801696351849E-02,0.));
#11142 = ORIENTED_EDGE('',*,*,#11143,.T.);
#11143 = EDGE_CURVE('',#11136,#11144,#11146,.T.);
#11144 = VERTEX_POINT('',#11145);
#11145 = CARTESIAN_POINT('',(54.525844573975,-3.794107198715,3.));
#11146 = LINE('',#11147,#11148);
#11147 = CARTESIAN_POINT('',(54.047481536865,-3.648997545242,3.));
#11148 = VECTOR('',#11149,1.);
#11149 = DIRECTION('',(0.956940439866,-0.29028433397,0.));
#11150 = ORIENTED_EDGE('',*,*,#11151,.T.);
#11151 = EDGE_CURVE('',#11144,#11152,#11154,.T.);
#11152 = VERTEX_POINT('',#11153);
#11153 = CARTESIAN_POINT('',(54.966705322266,-4.029752254486,3.));
#11154 = LINE('',#11155,#11156);
#11155 = CARTESIAN_POINT('',(54.525844573975,-3.794107198715,3.));
#11156 = VECTOR('',#11157,1.);
#11157 = DIRECTION('',(0.881921200805,-0.471396855707,0.));
#11158 = ORIENTED_EDGE('',*,*,#11159,.T.);
#11159 = EDGE_CURVE('',#11152,#11160,#11162,.T.);
#11160 = VERTEX_POINT('',#11161);
#11161 = CARTESIAN_POINT('',(55.353122711182,-4.346877574921,3.));
#11162 = LINE('',#11163,#11164);
#11163 = CARTESIAN_POINT('',(54.966705322266,-4.029752254486,3.));
#11164 = VECTOR('',#11165,1.);
#11165 = DIRECTION('',(0.773009702947,-0.634394198547,0.));
#11166 = ORIENTED_EDGE('',*,*,#11167,.T.);
#11167 = EDGE_CURVE('',#11160,#11168,#11170,.T.);
#11168 = VERTEX_POINT('',#11169);
#11169 = CARTESIAN_POINT('',(55.670246124268,-4.733295917511,3.));
#11170 = LINE('',#11171,#11172);
#11171 = CARTESIAN_POINT('',(55.353122711182,-4.346877574921,3.));
#11172 = VECTOR('',#11173,1.);
#11173 = DIRECTION('',(0.634390983011,-0.773012341864,0.));
#11174 = ORIENTED_EDGE('',*,*,#11175,.T.);
#11175 = EDGE_CURVE('',#11168,#11176,#11178,.T.);
#11176 = VERTEX_POINT('',#11177);
#11177 = CARTESIAN_POINT('',(55.905891418457,-5.174157142639,3.));
#11178 = LINE('',#11179,#11180);
#11179 = CARTESIAN_POINT('',(55.670246124268,-4.733295917511,3.));
#11180 = VECTOR('',#11181,1.);
#11181 = DIRECTION('',(0.471396830103,-0.881921214491,0.));
#11182 = ORIENTED_EDGE('',*,*,#11183,.T.);
#11183 = EDGE_CURVE('',#11176,#11184,#11186,.T.);
#11184 = VERTEX_POINT('',#11185);
#11185 = CARTESIAN_POINT('',(56.051002502441,-5.652519702911,3.));
#11186 = LINE('',#11187,#11188);
#11187 = CARTESIAN_POINT('',(55.905891418457,-5.174157142639,3.));
#11188 = VECTOR('',#11189,1.);
#11189 = DIRECTION('',(0.290287219471,-0.956939564556,0.));
#11190 = ORIENTED_EDGE('',*,*,#11191,.T.);
#11191 = EDGE_CURVE('',#11184,#11192,#11194,.T.);
#11192 = VERTEX_POINT('',#11193);
#11193 = CARTESIAN_POINT('',(56.099998474121,-6.150000095367,3.));
#11194 = LINE('',#11195,#11196);
#11195 = CARTESIAN_POINT('',(56.051002502441,-5.652519702911,3.));
#11196 = VECTOR('',#11197,1.);
#11197 = DIRECTION('',(9.801402916925E-02,-0.99518503309,0.));
#11198 = ORIENTED_EDGE('',*,*,#11199,.T.);
#11199 = EDGE_CURVE('',#11192,#11200,#11202,.T.);
#11200 = VERTEX_POINT('',#11201);
#11201 = CARTESIAN_POINT('',(56.051002502441,-6.647480487823,3.));
#11202 = LINE('',#11203,#11204);
#11203 = CARTESIAN_POINT('',(56.099998474121,-6.150000095367,3.));
#11204 = VECTOR('',#11205,1.);
#11205 = DIRECTION('',(-9.801402916925E-02,-0.99518503309,0.));
#11206 = ORIENTED_EDGE('',*,*,#11207,.T.);
#11207 = EDGE_CURVE('',#11200,#11208,#11210,.T.);
#11208 = VERTEX_POINT('',#11209);
#11209 = CARTESIAN_POINT('',(55.905891418457,-7.125842571259,3.));
#11210 = LINE('',#11211,#11212);
#11211 = CARTESIAN_POINT('',(56.051002502441,-6.647480487823,3.));
#11212 = VECTOR('',#11213,1.);
#11213 = DIRECTION('',(-0.290287484449,-0.956939484175,0.));
#11214 = ORIENTED_EDGE('',*,*,#11215,.T.);
#11215 = EDGE_CURVE('',#11208,#11216,#11218,.T.);
#11216 = VERTEX_POINT('',#11217);
#11217 = CARTESIAN_POINT('',(55.670246124268,-7.566704273224,3.));
#11218 = LINE('',#11219,#11220);
#11219 = CARTESIAN_POINT('',(55.905891418457,-7.125842571259,3.));
#11220 = VECTOR('',#11221,1.);
#11221 = DIRECTION('',(-0.471396433538,-0.881921426459,0.));
#11222 = ORIENTED_EDGE('',*,*,#11223,.T.);
#11223 = EDGE_CURVE('',#11216,#11224,#11226,.T.);
#11224 = VERTEX_POINT('',#11225);
#11225 = CARTESIAN_POINT('',(55.353122711182,-7.953122138977,3.));
#11226 = LINE('',#11227,#11228);
#11227 = CARTESIAN_POINT('',(55.670246124268,-7.566704273224,3.));
#11228 = VECTOR('',#11229,1.);
#11229 = DIRECTION('',(-0.634391450792,-0.773011957968,0.));
#11230 = ORIENTED_EDGE('',*,*,#11231,.T.);
#11231 = EDGE_CURVE('',#11224,#11232,#11234,.T.);
#11232 = VERTEX_POINT('',#11233);
#11233 = CARTESIAN_POINT('',(54.966705322266,-8.270247459412,3.));
#11234 = LINE('',#11235,#11236);
#11235 = CARTESIAN_POINT('',(55.353122711182,-7.953122138977,3.));
#11236 = VECTOR('',#11237,1.);
#11237 = DIRECTION('',(-0.773009702947,-0.634394198547,0.));
#11238 = ORIENTED_EDGE('',*,*,#11239,.T.);
#11239 = EDGE_CURVE('',#11232,#11240,#11242,.T.);
#11240 = VERTEX_POINT('',#11241);
#11241 = CARTESIAN_POINT('',(54.525844573975,-8.505892753601,3.));
#11242 = LINE('',#11243,#11244);
#11243 = CARTESIAN_POINT('',(54.966705322266,-8.270247459412,3.));
#11244 = VECTOR('',#11245,1.);
#11245 = DIRECTION('',(-0.881921002522,-0.471397226668,0.));
#11246 = ORIENTED_EDGE('',*,*,#11247,.T.);
#11247 = EDGE_CURVE('',#11240,#11248,#11250,.T.);
#11248 = VERTEX_POINT('',#11249);
#11249 = CARTESIAN_POINT('',(54.047481536865,-8.651002883911,3.));
#11250 = LINE('',#11251,#11252);
#11251 = CARTESIAN_POINT('',(54.525844573975,-8.505892753601,3.));
#11252 = VECTOR('',#11253,1.);
#11253 = DIRECTION('',(-0.95694017489,-0.290285207478,0.));
#11254 = ORIENTED_EDGE('',*,*,#11255,.T.);
#11255 = EDGE_CURVE('',#11248,#11256,#11258,.T.);
#11256 = VERTEX_POINT('',#11257);
#11257 = CARTESIAN_POINT('',(53.549999237061,-8.699999809265,3.));
#11258 = LINE('',#11259,#11260);
#11259 = CARTESIAN_POINT('',(54.047481536865,-8.651002883911,3.));
#11260 = VECTOR('',#11261,1.);
#11261 = DIRECTION('',(-0.995184883656,-9.801554643663E-02,0.));
#11262 = ORIENTED_EDGE('',*,*,#11263,.T.);
#11263 = EDGE_CURVE('',#11256,#11264,#11266,.T.);
#11264 = VERTEX_POINT('',#11265);
#11265 = CARTESIAN_POINT('',(53.052520751953,-8.651002883911,3.));
#11266 = LINE('',#11267,#11268);
#11267 = CARTESIAN_POINT('',(53.549999237061,-8.699999809265,3.));
#11268 = VECTOR('',#11269,1.);
#11269 = DIRECTION('',(-0.995184810343,9.801629080556E-02,0.));
#11270 = ORIENTED_EDGE('',*,*,#11271,.T.);
#11271 = EDGE_CURVE('',#11264,#11272,#11274,.T.);
#11272 = VERTEX_POINT('',#11273);
#11273 = CARTESIAN_POINT('',(52.574157714844,-8.505892753601,3.));
#11274 = LINE('',#11275,#11276);
#11275 = CARTESIAN_POINT('',(53.052520751953,-8.651002883911,3.));
#11276 = VECTOR('',#11277,1.);
#11277 = DIRECTION('',(-0.95694017489,0.290285207478,0.));
#11278 = ORIENTED_EDGE('',*,*,#11279,.T.);
#11279 = EDGE_CURVE('',#11272,#11280,#11282,.T.);
#11280 = VERTEX_POINT('',#11281);
#11281 = CARTESIAN_POINT('',(52.133296966553,-8.270247459412,3.));
#11282 = LINE('',#11283,#11284);
#11283 = CARTESIAN_POINT('',(52.574157714844,-8.505892753601,3.));
#11284 = VECTOR('',#11285,1.);
#11285 = DIRECTION('',(-0.881921002522,0.471397226668,0.));
#11286 = ORIENTED_EDGE('',*,*,#11287,.T.);
#11287 = EDGE_CURVE('',#11280,#11288,#11290,.T.);
#11288 = VERTEX_POINT('',#11289);
#11289 = CARTESIAN_POINT('',(51.746879577637,-7.953122138977,3.));
#11290 = LINE('',#11291,#11292);
#11291 = CARTESIAN_POINT('',(52.133296966553,-8.270247459412,3.));
#11292 = VECTOR('',#11293,1.);
#11293 = DIRECTION('',(-0.773009702947,0.634394198547,0.));
#11294 = ORIENTED_EDGE('',*,*,#11295,.T.);
#11295 = EDGE_CURVE('',#11288,#11296,#11298,.T.);
#11296 = VERTEX_POINT('',#11297);
#11297 = CARTESIAN_POINT('',(51.429752349854,-7.566704273224,3.));
#11298 = LINE('',#11299,#11300);
#11299 = CARTESIAN_POINT('',(51.746879577637,-7.953122138977,3.));
#11300 = VECTOR('',#11301,1.);
#11301 = DIRECTION('',(-0.634396010724,0.773008215724,0.));
#11302 = ORIENTED_EDGE('',*,*,#11303,.T.);
#11303 = EDGE_CURVE('',#11296,#11304,#11306,.T.);
#11304 = VERTEX_POINT('',#11305);
#11305 = CARTESIAN_POINT('',(51.194107055664,-7.125842571259,3.));
#11306 = LINE('',#11307,#11308);
#11307 = CARTESIAN_POINT('',(51.429752349854,-7.566704273224,3.));
#11308 = VECTOR('',#11309,1.);
#11309 = DIRECTION('',(-0.471396433538,0.881921426459,0.));
#11310 = ORIENTED_EDGE('',*,*,#11311,.T.);
#11311 = EDGE_CURVE('',#11304,#11312,#11314,.T.);
#11312 = VERTEX_POINT('',#11313);
#11313 = CARTESIAN_POINT('',(51.04899597168,-6.647480487823,3.));
#11314 = LINE('',#11315,#11316);
#11315 = CARTESIAN_POINT('',(51.194107055664,-7.125842571259,3.));
#11316 = VECTOR('',#11317,1.);
#11317 = DIRECTION('',(-0.290287484449,0.956939484175,0.));
#11318 = ORIENTED_EDGE('',*,*,#11319,.T.);
#11319 = EDGE_CURVE('',#11312,#11320,#11322,.T.);
#11320 = VERTEX_POINT('',#11321);
#11321 = CARTESIAN_POINT('',(51.,-6.150000095367,3.));
#11322 = LINE('',#11323,#11324);
#11323 = CARTESIAN_POINT('',(51.04899597168,-6.647480487823,3.));
#11324 = VECTOR('',#11325,1.);
#11325 = DIRECTION('',(-9.801402916925E-02,0.99518503309,0.));
#11326 = ORIENTED_EDGE('',*,*,#11327,.T.);
#11327 = EDGE_CURVE('',#11320,#11328,#11330,.T.);
#11328 = VERTEX_POINT('',#11329);
#11329 = CARTESIAN_POINT('',(51.04899597168,-5.652519702911,3.));
#11330 = LINE('',#11331,#11332);
#11331 = CARTESIAN_POINT('',(51.,-6.150000095367,3.));
#11332 = VECTOR('',#11333,1.);
#11333 = DIRECTION('',(9.801402916925E-02,0.99518503309,0.));
#11334 = ORIENTED_EDGE('',*,*,#11335,.T.);
#11335 = EDGE_CURVE('',#11328,#11336,#11338,.T.);
#11336 = VERTEX_POINT('',#11337);
#11337 = CARTESIAN_POINT('',(51.194107055664,-5.174157142639,3.));
#11338 = LINE('',#11339,#11340);
#11339 = CARTESIAN_POINT('',(51.04899597168,-5.652519702911,3.));
#11340 = VECTOR('',#11341,1.);
#11341 = DIRECTION('',(0.290287219471,0.956939564556,0.));
#11342 = ORIENTED_EDGE('',*,*,#11343,.T.);
#11343 = EDGE_CURVE('',#11336,#11094,#11344,.T.);
#11344 = LINE('',#11345,#11346);
#11345 = CARTESIAN_POINT('',(51.194107055664,-5.174157142639,3.));
#11346 = VECTOR('',#11347,1.);
#11347 = DIRECTION('',(0.471396830103,0.881921214491,0.));
#11348 = FACE_BOUND('',#11349,.F.);
#11349 = EDGE_LOOP('',(#11350,#11360,#11368,#11376,#11384,#11392,#11400,
    #11408,#11416,#11424,#11432,#11440,#11448,#11456,#11464,#11472,
    #11480,#11488,#11496,#11504,#11512,#11520,#11528,#11536,#11544,
    #11552,#11560,#11568,#11576,#11584,#11592,#11600));
#11350 = ORIENTED_EDGE('',*,*,#11351,.T.);
#11351 = EDGE_CURVE('',#11352,#11354,#11356,.T.);
#11352 = VERTEX_POINT('',#11353);
#11353 = CARTESIAN_POINT('',(55.353122711182,-51.44687652587,3.));
#11354 = VERTEX_POINT('',#11355);
#11355 = CARTESIAN_POINT('',(55.670246124268,-51.83329772949,3.));
#11356 = LINE('',#11357,#11358);
#11357 = CARTESIAN_POINT('',(55.353122711182,-51.44687652587,3.));
#11358 = VECTOR('',#11359,1.);
#11359 = DIRECTION('',(0.634388176336,-0.77301464522,0.));
#11360 = ORIENTED_EDGE('',*,*,#11361,.T.);
#11361 = EDGE_CURVE('',#11354,#11362,#11364,.T.);
#11362 = VERTEX_POINT('',#11363);
#11363 = CARTESIAN_POINT('',(55.905891418457,-52.27415847778,3.));
#11364 = LINE('',#11365,#11366);
#11365 = CARTESIAN_POINT('',(55.670246124268,-51.83329772949,3.));
#11366 = VECTOR('',#11367,1.);
#11367 = DIRECTION('',(0.471397226668,-0.881921002522,0.));
#11368 = ORIENTED_EDGE('',*,*,#11369,.T.);
#11369 = EDGE_CURVE('',#11362,#11370,#11372,.T.);
#11370 = VERTEX_POINT('',#11371);
#11371 = CARTESIAN_POINT('',(56.051002502441,-52.75252151489,3.));
#11372 = LINE('',#11373,#11374);
#11373 = CARTESIAN_POINT('',(55.905891418457,-52.27415847778,3.));
#11374 = VECTOR('',#11375,1.);
#11375 = DIRECTION('',(0.290286954493,-0.956939644937,0.));
#11376 = ORIENTED_EDGE('',*,*,#11377,.T.);
#11377 = EDGE_CURVE('',#11370,#11378,#11380,.T.);
#11378 = VERTEX_POINT('',#11379);
#11379 = CARTESIAN_POINT('',(56.099998474121,-53.25,3.));
#11380 = LINE('',#11381,#11382);
#11381 = CARTESIAN_POINT('',(56.051002502441,-52.75252151489,3.));
#11382 = VECTOR('',#11383,1.);
#11383 = DIRECTION('',(9.801440134808E-02,-0.995184996435,0.));
#11384 = ORIENTED_EDGE('',*,*,#11385,.T.);
#11385 = EDGE_CURVE('',#11378,#11386,#11388,.T.);
#11386 = VERTEX_POINT('',#11387);
#11387 = CARTESIAN_POINT('',(56.051002502441,-53.7474784851,3.));
#11388 = LINE('',#11389,#11390);
#11389 = CARTESIAN_POINT('',(56.099998474121,-53.25,3.));
#11390 = VECTOR('',#11391,1.);
#11391 = DIRECTION('',(-9.801440134808E-02,-0.995184996435,0.));
#11392 = ORIENTED_EDGE('',*,*,#11393,.T.);
#11393 = EDGE_CURVE('',#11386,#11394,#11396,.T.);
#11394 = VERTEX_POINT('',#11395);
#11395 = CARTESIAN_POINT('',(55.905891418457,-54.22584152221,3.));
#11396 = LINE('',#11397,#11398);
#11397 = CARTESIAN_POINT('',(56.051002502441,-53.7474784851,3.));
#11398 = VECTOR('',#11399,1.);
#11399 = DIRECTION('',(-0.290286954493,-0.956939644937,0.));
#11400 = ORIENTED_EDGE('',*,*,#11401,.T.);
#11401 = EDGE_CURVE('',#11394,#11402,#11404,.T.);
#11402 = VERTEX_POINT('',#11403);
#11403 = CARTESIAN_POINT('',(55.670246124268,-54.6667022705,3.));
#11404 = LINE('',#11405,#11406);
#11405 = CARTESIAN_POINT('',(55.905891418457,-54.22584152221,3.));
#11406 = VECTOR('',#11407,1.);
#11407 = DIRECTION('',(-0.471397226668,-0.881921002522,0.));
#11408 = ORIENTED_EDGE('',*,*,#11409,.T.);
#11409 = EDGE_CURVE('',#11402,#11410,#11412,.T.);
#11410 = VERTEX_POINT('',#11411);
#11411 = CARTESIAN_POINT('',(55.353122711182,-55.05312347412,3.));
#11412 = LINE('',#11413,#11414);
#11413 = CARTESIAN_POINT('',(55.670246124268,-54.6667022705,3.));
#11414 = VECTOR('',#11415,1.);
#11415 = DIRECTION('',(-0.634388176336,-0.77301464522,0.));
#11416 = ORIENTED_EDGE('',*,*,#11417,.T.);
#11417 = EDGE_CURVE('',#11410,#11418,#11420,.T.);
#11418 = VERTEX_POINT('',#11419);
#11419 = CARTESIAN_POINT('',(54.966705322266,-55.3702468872,3.));
#11420 = LINE('',#11421,#11422);
#11421 = CARTESIAN_POINT('',(55.353122711182,-55.05312347412,3.));
#11422 = VECTOR('',#11423,1.);
#11423 = DIRECTION('',(-0.773011574072,-0.634391918573,0.));
#11424 = ORIENTED_EDGE('',*,*,#11425,.T.);
#11425 = EDGE_CURVE('',#11418,#11426,#11428,.T.);
#11426 = VERTEX_POINT('',#11427);
#11427 = CARTESIAN_POINT('',(54.525844573975,-55.60589218139,3.));
#11428 = LINE('',#11429,#11430);
#11429 = CARTESIAN_POINT('',(54.966705322266,-55.3702468872,3.));
#11430 = VECTOR('',#11431,1.);
#11431 = DIRECTION('',(-0.881921002522,-0.471397226668,0.));
#11432 = ORIENTED_EDGE('',*,*,#11433,.T.);
#11433 = EDGE_CURVE('',#11426,#11434,#11436,.T.);
#11434 = VERTEX_POINT('',#11435);
#11435 = CARTESIAN_POINT('',(54.047481536865,-55.75100326538,3.));
#11436 = LINE('',#11437,#11438);
#11437 = CARTESIAN_POINT('',(54.525844573975,-55.60589218139,3.));
#11438 = VECTOR('',#11439,1.);
#11439 = DIRECTION('',(-0.956939644937,-0.290286954493,0.));
#11440 = ORIENTED_EDGE('',*,*,#11441,.T.);
#11441 = EDGE_CURVE('',#11434,#11442,#11444,.T.);
#11442 = VERTEX_POINT('',#11443);
#11443 = CARTESIAN_POINT('',(53.549999237061,-55.79999923706,3.));
#11444 = LINE('',#11445,#11446);
#11445 = CARTESIAN_POINT('',(54.047481536865,-55.75100326538,3.));
#11446 = VECTOR('',#11447,1.);
#11447 = DIRECTION('',(-0.995185069745,-9.801365699323E-02,0.));
#11448 = ORIENTED_EDGE('',*,*,#11449,.T.);
#11449 = EDGE_CURVE('',#11442,#11450,#11452,.T.);
#11450 = VERTEX_POINT('',#11451);
#11451 = CARTESIAN_POINT('',(53.052520751953,-55.75100326538,3.));
#11452 = LINE('',#11453,#11454);
#11453 = CARTESIAN_POINT('',(53.549999237061,-55.79999923706,3.));
#11454 = VECTOR('',#11455,1.);
#11455 = DIRECTION('',(-0.995184996435,9.801440134808E-02,0.));
#11456 = ORIENTED_EDGE('',*,*,#11457,.T.);
#11457 = EDGE_CURVE('',#11450,#11458,#11460,.T.);
#11458 = VERTEX_POINT('',#11459);
#11459 = CARTESIAN_POINT('',(52.574157714844,-55.60589218139,3.));
#11460 = LINE('',#11461,#11462);
#11461 = CARTESIAN_POINT('',(53.052520751953,-55.75100326538,3.));
#11462 = VECTOR('',#11463,1.);
#11463 = DIRECTION('',(-0.956939644937,0.290286954493,0.));
#11464 = ORIENTED_EDGE('',*,*,#11465,.T.);
#11465 = EDGE_CURVE('',#11458,#11466,#11468,.T.);
#11466 = VERTEX_POINT('',#11467);
#11467 = CARTESIAN_POINT('',(52.133296966553,-55.3702468872,3.));
#11468 = LINE('',#11469,#11470);
#11469 = CARTESIAN_POINT('',(52.574157714844,-55.60589218139,3.));
#11470 = VECTOR('',#11471,1.);
#11471 = DIRECTION('',(-0.881921002522,0.471397226668,0.));
#11472 = ORIENTED_EDGE('',*,*,#11473,.T.);
#11473 = EDGE_CURVE('',#11466,#11474,#11476,.T.);
#11474 = VERTEX_POINT('',#11475);
#11475 = CARTESIAN_POINT('',(51.746879577637,-55.05312347412,3.));
#11476 = LINE('',#11477,#11478);
#11477 = CARTESIAN_POINT('',(52.133296966553,-55.3702468872,3.));
#11478 = VECTOR('',#11479,1.);
#11479 = DIRECTION('',(-0.773011574072,0.634391918573,0.));
#11480 = ORIENTED_EDGE('',*,*,#11481,.T.);
#11481 = EDGE_CURVE('',#11474,#11482,#11484,.T.);
#11482 = VERTEX_POINT('',#11483);
#11483 = CARTESIAN_POINT('',(51.429752349854,-54.6667022705,3.));
#11484 = LINE('',#11485,#11486);
#11485 = CARTESIAN_POINT('',(51.746879577637,-55.05312347412,3.));
#11486 = VECTOR('',#11487,1.);
#11487 = DIRECTION('',(-0.634392736276,0.773010903002,0.));
#11488 = ORIENTED_EDGE('',*,*,#11489,.T.);
#11489 = EDGE_CURVE('',#11482,#11490,#11492,.T.);
#11490 = VERTEX_POINT('',#11491);
#11491 = CARTESIAN_POINT('',(51.194107055664,-54.22584152221,3.));
#11492 = LINE('',#11493,#11494);
#11493 = CARTESIAN_POINT('',(51.429752349854,-54.6667022705,3.));
#11494 = VECTOR('',#11495,1.);
#11495 = DIRECTION('',(-0.471397226668,0.881921002522,0.));
#11496 = ORIENTED_EDGE('',*,*,#11497,.T.);
#11497 = EDGE_CURVE('',#11490,#11498,#11500,.T.);
#11498 = VERTEX_POINT('',#11499);
#11499 = CARTESIAN_POINT('',(51.04899597168,-53.7474784851,3.));
#11500 = LINE('',#11501,#11502);
#11501 = CARTESIAN_POINT('',(51.194107055664,-54.22584152221,3.));
#11502 = VECTOR('',#11503,1.);
#11503 = DIRECTION('',(-0.290286954493,0.956939644937,0.));
#11504 = ORIENTED_EDGE('',*,*,#11505,.T.);
#11505 = EDGE_CURVE('',#11498,#11506,#11508,.T.);
#11506 = VERTEX_POINT('',#11507);
#11507 = CARTESIAN_POINT('',(51.,-53.25,3.));
#11508 = LINE('',#11509,#11510);
#11509 = CARTESIAN_POINT('',(51.04899597168,-53.7474784851,3.));
#11510 = VECTOR('',#11511,1.);
#11511 = DIRECTION('',(-9.801440134808E-02,0.995184996435,0.));
#11512 = ORIENTED_EDGE('',*,*,#11513,.T.);
#11513 = EDGE_CURVE('',#11506,#11514,#11516,.T.);
#11514 = VERTEX_POINT('',#11515);
#11515 = CARTESIAN_POINT('',(51.04899597168,-52.75252151489,3.));
#11516 = LINE('',#11517,#11518);
#11517 = CARTESIAN_POINT('',(51.,-53.25,3.));
#11518 = VECTOR('',#11519,1.);
#11519 = DIRECTION('',(9.801440134808E-02,0.995184996435,0.));
#11520 = ORIENTED_EDGE('',*,*,#11521,.T.);
#11521 = EDGE_CURVE('',#11514,#11522,#11524,.T.);
#11522 = VERTEX_POINT('',#11523);
#11523 = CARTESIAN_POINT('',(51.194107055664,-52.27415847778,3.));
#11524 = LINE('',#11525,#11526);
#11525 = CARTESIAN_POINT('',(51.04899597168,-52.75252151489,3.));
#11526 = VECTOR('',#11527,1.);
#11527 = DIRECTION('',(0.290286954493,0.956939644937,0.));
#11528 = ORIENTED_EDGE('',*,*,#11529,.T.);
#11529 = EDGE_CURVE('',#11522,#11530,#11532,.T.);
#11530 = VERTEX_POINT('',#11531);
#11531 = CARTESIAN_POINT('',(51.429752349854,-51.83329772949,3.));
#11532 = LINE('',#11533,#11534);
#11533 = CARTESIAN_POINT('',(51.194107055664,-52.27415847778,3.));
#11534 = VECTOR('',#11535,1.);
#11535 = DIRECTION('',(0.471397226668,0.881921002522,0.));
#11536 = ORIENTED_EDGE('',*,*,#11537,.T.);
#11537 = EDGE_CURVE('',#11530,#11538,#11540,.T.);
#11538 = VERTEX_POINT('',#11539);
#11539 = CARTESIAN_POINT('',(51.746879577637,-51.44687652587,3.));
#11540 = LINE('',#11541,#11542);
#11541 = CARTESIAN_POINT('',(51.429752349854,-51.83329772949,3.));
#11542 = VECTOR('',#11543,1.);
#11543 = DIRECTION('',(0.634392736276,0.773010903002,0.));
#11544 = ORIENTED_EDGE('',*,*,#11545,.T.);
#11545 = EDGE_CURVE('',#11538,#11546,#11548,.T.);
#11546 = VERTEX_POINT('',#11547);
#11547 = CARTESIAN_POINT('',(52.133296966553,-51.12975311279,3.));
#11548 = LINE('',#11549,#11550);
#11549 = CARTESIAN_POINT('',(51.746879577637,-51.44687652587,3.));
#11550 = VECTOR('',#11551,1.);
#11551 = DIRECTION('',(0.773011574072,0.634391918573,0.));
#11552 = ORIENTED_EDGE('',*,*,#11553,.T.);
#11553 = EDGE_CURVE('',#11546,#11554,#11556,.T.);
#11554 = VERTEX_POINT('',#11555);
#11555 = CARTESIAN_POINT('',(52.574157714844,-50.8941078186,3.));
#11556 = LINE('',#11557,#11558);
#11557 = CARTESIAN_POINT('',(52.133296966553,-51.12975311279,3.));
#11558 = VECTOR('',#11559,1.);
#11559 = DIRECTION('',(0.881921002522,0.471397226668,0.));
#11560 = ORIENTED_EDGE('',*,*,#11561,.T.);
#11561 = EDGE_CURVE('',#11554,#11562,#11564,.T.);
#11562 = VERTEX_POINT('',#11563);
#11563 = CARTESIAN_POINT('',(53.052520751953,-50.74899673461,3.));
#11564 = LINE('',#11565,#11566);
#11565 = CARTESIAN_POINT('',(52.574157714844,-50.8941078186,3.));
#11566 = VECTOR('',#11567,1.);
#11567 = DIRECTION('',(0.956939644937,0.290286954493,0.));
#11568 = ORIENTED_EDGE('',*,*,#11569,.T.);
#11569 = EDGE_CURVE('',#11562,#11570,#11572,.T.);
#11570 = VERTEX_POINT('',#11571);
#11571 = CARTESIAN_POINT('',(53.549999237061,-50.70000076293,3.));
#11572 = LINE('',#11573,#11574);
#11573 = CARTESIAN_POINT('',(53.052520751953,-50.74899673461,3.));
#11574 = VECTOR('',#11575,1.);
#11575 = DIRECTION('',(0.995184996435,9.801440134808E-02,0.));
#11576 = ORIENTED_EDGE('',*,*,#11577,.T.);
#11577 = EDGE_CURVE('',#11570,#11578,#11580,.T.);
#11578 = VERTEX_POINT('',#11579);
#11579 = CARTESIAN_POINT('',(54.047481536865,-50.74899673461,3.));
#11580 = LINE('',#11581,#11582);
#11581 = CARTESIAN_POINT('',(53.549999237061,-50.70000076293,3.));
#11582 = VECTOR('',#11583,1.);
#11583 = DIRECTION('',(0.995185069745,-9.801365699323E-02,0.));
#11584 = ORIENTED_EDGE('',*,*,#11585,.T.);
#11585 = EDGE_CURVE('',#11578,#11586,#11588,.T.);
#11586 = VERTEX_POINT('',#11587);
#11587 = CARTESIAN_POINT('',(54.525844573975,-50.8941078186,3.));
#11588 = LINE('',#11589,#11590);
#11589 = CARTESIAN_POINT('',(54.047481536865,-50.74899673461,3.));
#11590 = VECTOR('',#11591,1.);
#11591 = DIRECTION('',(0.956939644937,-0.290286954493,0.));
#11592 = ORIENTED_EDGE('',*,*,#11593,.T.);
#11593 = EDGE_CURVE('',#11586,#11594,#11596,.T.);
#11594 = VERTEX_POINT('',#11595);
#11595 = CARTESIAN_POINT('',(54.966705322266,-51.12975311279,3.));
#11596 = LINE('',#11597,#11598);
#11597 = CARTESIAN_POINT('',(54.525844573975,-50.8941078186,3.));
#11598 = VECTOR('',#11599,1.);
#11599 = DIRECTION('',(0.881921002522,-0.471397226668,0.));
#11600 = ORIENTED_EDGE('',*,*,#11601,.T.);
#11601 = EDGE_CURVE('',#11594,#11352,#11602,.T.);
#11602 = LINE('',#11603,#11604);
#11603 = CARTESIAN_POINT('',(54.966705322266,-51.12975311279,3.));
#11604 = VECTOR('',#11605,1.);
#11605 = DIRECTION('',(0.773011574072,-0.634391918573,0.));
#11606 = PLANE('',#11607);
#11607 = AXIS2_PLACEMENT_3D('',#11608,#11609,#11610);
#11608 = CARTESIAN_POINT('',(30.000000091819,-48.2500004909,3.));
#11609 = DIRECTION('',(0.,0.,1.));
#11610 = DIRECTION('',(1.,0.,0.));
#11611 = ADVANCED_FACE('',(#11612),#11628,.F.);
#11612 = FACE_BOUND('',#11613,.F.);
#11613 = EDGE_LOOP('',(#11614,#11615,#11621,#11622));
#11614 = ORIENTED_EDGE('',*,*,#7879,.T.);
#11615 = ORIENTED_EDGE('',*,*,#11616,.T.);
#11616 = EDGE_CURVE('',#7872,#3840,#11617,.T.);
#11617 = LINE('',#11618,#11619);
#11618 = CARTESIAN_POINT('',(60.,-91.90000152587,3.));
#11619 = VECTOR('',#11620,1.);
#11620 = DIRECTION('',(0.,0.,-1.));
#11621 = ORIENTED_EDGE('',*,*,#3839,.T.);
#11622 = ORIENTED_EDGE('',*,*,#11623,.T.);
#11623 = EDGE_CURVE('',#3830,#7880,#11624,.T.);
#11624 = LINE('',#11625,#11626);
#11625 = CARTESIAN_POINT('',(60.,-4.599999904633,0.));
#11626 = VECTOR('',#11627,1.);
#11627 = DIRECTION('',(0.,0.,1.));
#11628 = PLANE('',#11629);
#11629 = AXIS2_PLACEMENT_3D('',#11630,#11631,#11632);
#11630 = CARTESIAN_POINT('',(60.,-48.25000071525,1.5));
#11631 = DIRECTION('',(1.,0.,0.));
#11632 = DIRECTION('',(0.,0.,1.));
#11633 = ADVANCED_FACE('',(#11634),#11650,.F.);
#11634 = FACE_BOUND('',#11635,.F.);
#11635 = EDGE_LOOP('',(#11636,#11642,#11643,#11649));
#11636 = ORIENTED_EDGE('',*,*,#11637,.T.);
#11637 = EDGE_CURVE('',#7944,#4056,#11638,.T.);
#11638 = LINE('',#11639,#11640);
#11639 = CARTESIAN_POINT('',(55.400001525879,-1.06581410364E-14,3.));
#11640 = VECTOR('',#11641,1.);
#11641 = DIRECTION('',(0.,3.552713678801E-15,-1.));
#11642 = ORIENTED_EDGE('',*,*,#4055,.T.);
#11643 = ORIENTED_EDGE('',*,*,#11644,.T.);
#11644 = EDGE_CURVE('',#4048,#7952,#11645,.T.);
#11645 = LINE('',#11646,#11647);
#11646 = CARTESIAN_POINT('',(4.599999904633,0.,0.));
#11647 = VECTOR('',#11648,1.);
#11648 = DIRECTION('',(0.,0.,1.));
#11649 = ORIENTED_EDGE('',*,*,#7951,.T.);
#11650 = PLANE('',#11651);
#11651 = AXIS2_PLACEMENT_3D('',#11652,#11653,#11654);
#11652 = CARTESIAN_POINT('',(30.000000715256,-2.6645352591E-15,1.5));
#11653 = DIRECTION('',(0.,1.,1.7763568394E-15));
#11654 = DIRECTION('',(0.,-1.7763568394E-15,1.));
#11655 = ADVANCED_FACE('',(#11656),#11686,.F.);
#11656 = FACE_BOUND('',#11657,.F.);
#11657 = EDGE_LOOP('',(#11658,#11666,#11672,#11680));
#11658 = ORIENTED_EDGE('',*,*,#11659,.T.);
#11659 = EDGE_CURVE('',#11660,#5338,#11662,.T.);
#11660 = VERTEX_POINT('',#11661);
#11661 = CARTESIAN_POINT('',(7.536889076233,-89.10998535156,0.));
#11662 = LINE('',#11663,#11664);
#11663 = CARTESIAN_POINT('',(7.536889076233,-89.10998535156,0.));
#11664 = VECTOR('',#11665,1.);
#11665 = DIRECTION('',(-0.130526406761,0.991444833129,0.));
#11666 = ORIENTED_EDGE('',*,*,#11667,.T.);
#11667 = EDGE_CURVE('',#5338,#9242,#11668,.T.);
#11668 = LINE('',#11669,#11670);
#11669 = CARTESIAN_POINT('',(7.449999809265,-88.44999694824,0.));
#11670 = VECTOR('',#11671,1.);
#11671 = DIRECTION('',(0.,0.,1.));
#11672 = ORIENTED_EDGE('',*,*,#11673,.T.);
#11673 = EDGE_CURVE('',#9242,#11674,#11676,.T.);
#11674 = VERTEX_POINT('',#11675);
#11675 = CARTESIAN_POINT('',(7.536889076233,-89.10998535156,3.));
#11676 = LINE('',#11677,#11678);
#11677 = CARTESIAN_POINT('',(7.449999809265,-88.44999694824,3.));
#11678 = VECTOR('',#11679,1.);
#11679 = DIRECTION('',(0.130526406761,-0.991444833129,0.));
#11680 = ORIENTED_EDGE('',*,*,#11681,.T.);
#11681 = EDGE_CURVE('',#11674,#11660,#11682,.T.);
#11682 = LINE('',#11683,#11684);
#11683 = CARTESIAN_POINT('',(7.536889076233,-89.10998535156,3.));
#11684 = VECTOR('',#11685,1.);
#11685 = DIRECTION('',(0.,0.,-1.));
#11686 = PLANE('',#11687);
#11687 = AXIS2_PLACEMENT_3D('',#11688,#11689,#11690);
#11688 = CARTESIAN_POINT('',(7.493444442749,-88.7799911499,1.5));
#11689 = DIRECTION('',(0.991444833129,0.130526406761,0.));
#11690 = DIRECTION('',(-0.130526406761,0.991444833129,0.));
#11691 = ADVANCED_FACE('',(#11692),#11717,.F.);
#11692 = FACE_BOUND('',#11693,.F.);
#11693 = EDGE_LOOP('',(#11694,#11702,#11703,#11711));
#11694 = ORIENTED_EDGE('',*,*,#11695,.T.);
#11695 = EDGE_CURVE('',#11696,#11660,#11698,.T.);
#11696 = VERTEX_POINT('',#11697);
#11697 = CARTESIAN_POINT('',(7.791635036469,-89.72499847412,0.));
#11698 = LINE('',#11699,#11700);
#11699 = CARTESIAN_POINT('',(7.791635036469,-89.72499847412,0.));
#11700 = VECTOR('',#11701,1.);
#11701 = DIRECTION('',(-0.382682385863,0.923879965986,0.));
#11702 = ORIENTED_EDGE('',*,*,#11681,.F.);
#11703 = ORIENTED_EDGE('',*,*,#11704,.T.);
#11704 = EDGE_CURVE('',#11674,#11705,#11707,.T.);
#11705 = VERTEX_POINT('',#11706);
#11706 = CARTESIAN_POINT('',(7.791635036469,-89.72499847412,3.));
#11707 = LINE('',#11708,#11709);
#11708 = CARTESIAN_POINT('',(7.536889076233,-89.10998535156,3.));
#11709 = VECTOR('',#11710,1.);
#11710 = DIRECTION('',(0.382682385863,-0.923879965986,0.));
#11711 = ORIENTED_EDGE('',*,*,#11712,.T.);
#11712 = EDGE_CURVE('',#11705,#11696,#11713,.T.);
#11713 = LINE('',#11714,#11715);
#11714 = CARTESIAN_POINT('',(7.791635036469,-89.72499847412,3.));
#11715 = VECTOR('',#11716,1.);
#11716 = DIRECTION('',(0.,0.,-1.));
#11717 = PLANE('',#11718);
#11718 = AXIS2_PLACEMENT_3D('',#11719,#11720,#11721);
#11719 = CARTESIAN_POINT('',(7.664262056351,-89.41749191284,1.5));
#11720 = DIRECTION('',(0.923879965986,0.382682385863,0.));
#11721 = DIRECTION('',(-0.382682385863,0.923879965986,0.));
#11722 = ADVANCED_FACE('',(#11723),#11744,.F.);
#11723 = FACE_BOUND('',#11724,.F.);
#11724 = EDGE_LOOP('',(#11725,#11731,#11732,#11738));
#11725 = ORIENTED_EDGE('',*,*,#11726,.T.);
#11726 = EDGE_CURVE('',#5370,#11696,#11727,.T.);
#11727 = LINE('',#11728,#11729);
#11728 = CARTESIAN_POINT('',(8.196877479553,-90.25312042236,0.));
#11729 = VECTOR('',#11730,1.);
#11730 = DIRECTION('',(-0.608761636316,0.793353181219,0.));
#11731 = ORIENTED_EDGE('',*,*,#11712,.F.);
#11732 = ORIENTED_EDGE('',*,*,#11733,.T.);
#11733 = EDGE_CURVE('',#11705,#9459,#11734,.T.);
#11734 = LINE('',#11735,#11736);
#11735 = CARTESIAN_POINT('',(7.791635036469,-89.72499847412,3.));
#11736 = VECTOR('',#11737,1.);
#11737 = DIRECTION('',(0.608761636316,-0.793353181219,0.));
#11738 = ORIENTED_EDGE('',*,*,#11739,.T.);
#11739 = EDGE_CURVE('',#9459,#5370,#11740,.T.);
#11740 = LINE('',#11741,#11742);
#11741 = CARTESIAN_POINT('',(8.196877479553,-90.25312042236,3.));
#11742 = VECTOR('',#11743,1.);
#11743 = DIRECTION('',(0.,0.,-1.));
#11744 = PLANE('',#11745);
#11745 = AXIS2_PLACEMENT_3D('',#11746,#11747,#11748);
#11746 = CARTESIAN_POINT('',(7.994256258011,-89.98905944824,1.5));
#11747 = DIRECTION('',(0.793353181219,0.608761636316,0.));
#11748 = DIRECTION('',(-0.608761636316,0.793353181219,0.));
#11749 = ADVANCED_FACE('',(#11750),#11775,.F.);
#11750 = FACE_BOUND('',#11751,.F.);
#11751 = EDGE_LOOP('',(#11752,#11760,#11761,#11769));
#11752 = ORIENTED_EDGE('',*,*,#11753,.T.);
#11753 = EDGE_CURVE('',#11754,#5370,#11756,.T.);
#11754 = VERTEX_POINT('',#11755);
#11755 = CARTESIAN_POINT('',(8.72500038147,-90.65836334228,0.));
#11756 = LINE('',#11757,#11758);
#11757 = CARTESIAN_POINT('',(8.72500038147,-90.65836334228,0.));
#11758 = VECTOR('',#11759,1.);
#11759 = DIRECTION('',(-0.793353366184,0.608761395265,0.));
#11760 = ORIENTED_EDGE('',*,*,#11739,.F.);
#11761 = ORIENTED_EDGE('',*,*,#11762,.T.);
#11762 = EDGE_CURVE('',#9459,#11763,#11765,.T.);
#11763 = VERTEX_POINT('',#11764);
#11764 = CARTESIAN_POINT('',(8.72500038147,-90.65836334228,3.));
#11765 = LINE('',#11766,#11767);
#11766 = CARTESIAN_POINT('',(8.196877479553,-90.25312042236,3.));
#11767 = VECTOR('',#11768,1.);
#11768 = DIRECTION('',(0.793353366184,-0.608761395265,0.));
#11769 = ORIENTED_EDGE('',*,*,#11770,.T.);
#11770 = EDGE_CURVE('',#11763,#11754,#11771,.T.);
#11771 = LINE('',#11772,#11773);
#11772 = CARTESIAN_POINT('',(8.72500038147,-90.65836334228,3.));
#11773 = VECTOR('',#11774,1.);
#11774 = DIRECTION('',(0.,0.,-1.));
#11775 = PLANE('',#11776);
#11776 = AXIS2_PLACEMENT_3D('',#11777,#11778,#11779);
#11777 = CARTESIAN_POINT('',(8.460938930511,-90.45574188232,1.5));
#11778 = DIRECTION('',(0.608761395265,0.793353366184,0.));
#11779 = DIRECTION('',(0.793353366184,-0.608761395265,0.));
#11780 = ADVANCED_FACE('',(#11781),#11806,.F.);
#11781 = FACE_BOUND('',#11782,.F.);
#11782 = EDGE_LOOP('',(#11783,#11791,#11792,#11800));
#11783 = ORIENTED_EDGE('',*,*,#11784,.T.);
#11784 = EDGE_CURVE('',#11785,#11754,#11787,.T.);
#11785 = VERTEX_POINT('',#11786);
#11786 = CARTESIAN_POINT('',(9.34001159668,-90.91310882568,0.));
#11787 = LINE('',#11788,#11789);
#11788 = CARTESIAN_POINT('',(9.34001159668,-90.91310882568,0.));
#11789 = VECTOR('',#11790,1.);
#11790 = DIRECTION('',(-0.923879799636,0.382682787468,0.));
#11791 = ORIENTED_EDGE('',*,*,#11770,.F.);
#11792 = ORIENTED_EDGE('',*,*,#11793,.T.);
#11793 = EDGE_CURVE('',#11763,#11794,#11796,.T.);
#11794 = VERTEX_POINT('',#11795);
#11795 = CARTESIAN_POINT('',(9.34001159668,-90.91310882568,3.));
#11796 = LINE('',#11797,#11798);
#11797 = CARTESIAN_POINT('',(8.72500038147,-90.65836334228,3.));
#11798 = VECTOR('',#11799,1.);
#11799 = DIRECTION('',(0.923879799636,-0.382682787468,0.));
#11800 = ORIENTED_EDGE('',*,*,#11801,.T.);
#11801 = EDGE_CURVE('',#11794,#11785,#11802,.T.);
#11802 = LINE('',#11803,#11804);
#11803 = CARTESIAN_POINT('',(9.34001159668,-90.91310882568,3.));
#11804 = VECTOR('',#11805,1.);
#11805 = DIRECTION('',(0.,0.,-1.));
#11806 = PLANE('',#11807);
#11807 = AXIS2_PLACEMENT_3D('',#11808,#11809,#11810);
#11808 = CARTESIAN_POINT('',(9.032505989075,-90.78573608398,1.5));
#11809 = DIRECTION('',(0.382682787468,0.923879799636,0.));
#11810 = DIRECTION('',(0.923879799636,-0.382682787468,0.));
#11811 = ADVANCED_FACE('',(#11812),#11833,.F.);
#11812 = FACE_BOUND('',#11813,.F.);
#11813 = EDGE_LOOP('',(#11814,#11820,#11821,#11827));
#11814 = ORIENTED_EDGE('',*,*,#11815,.T.);
#11815 = EDGE_CURVE('',#5402,#11785,#11816,.T.);
#11816 = LINE('',#11817,#11818);
#11817 = CARTESIAN_POINT('',(10.,-91.,0.));
#11818 = VECTOR('',#11819,1.);
#11819 = DIRECTION('',(-0.991444462334,0.130529223193,0.));
#11820 = ORIENTED_EDGE('',*,*,#11801,.F.);
#11821 = ORIENTED_EDGE('',*,*,#11822,.T.);
#11822 = EDGE_CURVE('',#11794,#9427,#11823,.T.);
#11823 = LINE('',#11824,#11825);
#11824 = CARTESIAN_POINT('',(9.34001159668,-90.91310882568,3.));
#11825 = VECTOR('',#11826,1.);
#11826 = DIRECTION('',(0.991444462334,-0.130529223193,0.));
#11827 = ORIENTED_EDGE('',*,*,#11828,.T.);
#11828 = EDGE_CURVE('',#9427,#5402,#11829,.T.);
#11829 = LINE('',#11830,#11831);
#11830 = CARTESIAN_POINT('',(10.,-91.,3.));
#11831 = VECTOR('',#11832,1.);
#11832 = DIRECTION('',(0.,0.,-1.));
#11833 = PLANE('',#11834);
#11834 = AXIS2_PLACEMENT_3D('',#11835,#11836,#11837);
#11835 = CARTESIAN_POINT('',(9.67000579834,-90.95655441284,1.5));
#11836 = DIRECTION('',(0.130529223193,0.991444462334,0.));
#11837 = DIRECTION('',(0.991444462334,-0.130529223193,0.));
#11838 = ADVANCED_FACE('',(#11839),#11864,.F.);
#11839 = FACE_BOUND('',#11840,.F.);
#11840 = EDGE_LOOP('',(#11841,#11849,#11850,#11858));
#11841 = ORIENTED_EDGE('',*,*,#11842,.T.);
#11842 = EDGE_CURVE('',#11843,#5402,#11845,.T.);
#11843 = VERTEX_POINT('',#11844);
#11844 = CARTESIAN_POINT('',(10.65998840332,-90.91310882568,0.));
#11845 = LINE('',#11846,#11847);
#11846 = CARTESIAN_POINT('',(10.65998840332,-90.91310882568,0.));
#11847 = VECTOR('',#11848,1.);
#11848 = DIRECTION('',(-0.991444462334,-0.130529223193,0.));
#11849 = ORIENTED_EDGE('',*,*,#11828,.F.);
#11850 = ORIENTED_EDGE('',*,*,#11851,.T.);
#11851 = EDGE_CURVE('',#9427,#11852,#11854,.T.);
#11852 = VERTEX_POINT('',#11853);
#11853 = CARTESIAN_POINT('',(10.65998840332,-90.91310882568,3.));
#11854 = LINE('',#11855,#11856);
#11855 = CARTESIAN_POINT('',(10.,-91.,3.));
#11856 = VECTOR('',#11857,1.);
#11857 = DIRECTION('',(0.991444462334,0.130529223193,0.));
#11858 = ORIENTED_EDGE('',*,*,#11859,.T.);
#11859 = EDGE_CURVE('',#11852,#11843,#11860,.T.);
#11860 = LINE('',#11861,#11862);
#11861 = CARTESIAN_POINT('',(10.65998840332,-90.91310882568,3.));
#11862 = VECTOR('',#11863,1.);
#11863 = DIRECTION('',(0.,0.,-1.));
#11864 = PLANE('',#11865);
#11865 = AXIS2_PLACEMENT_3D('',#11866,#11867,#11868);
#11866 = CARTESIAN_POINT('',(10.32999420166,-90.95655441284,1.5));
#11867 = DIRECTION('',(-0.130529223193,0.991444462334,0.));
#11868 = DIRECTION('',(0.991444462334,0.130529223193,0.));
#11869 = ADVANCED_FACE('',(#11870),#11895,.F.);
#11870 = FACE_BOUND('',#11871,.F.);
#11871 = EDGE_LOOP('',(#11872,#11880,#11881,#11889));
#11872 = ORIENTED_EDGE('',*,*,#11873,.T.);
#11873 = EDGE_CURVE('',#11874,#11843,#11876,.T.);
#11874 = VERTEX_POINT('',#11875);
#11875 = CARTESIAN_POINT('',(11.27499961853,-90.65836334228,0.));
#11876 = LINE('',#11877,#11878);
#11877 = CARTESIAN_POINT('',(11.27499961853,-90.65836334228,0.));
#11878 = VECTOR('',#11879,1.);
#11879 = DIRECTION('',(-0.923879799636,-0.382682787468,0.));
#11880 = ORIENTED_EDGE('',*,*,#11859,.F.);
#11881 = ORIENTED_EDGE('',*,*,#11882,.T.);
#11882 = EDGE_CURVE('',#11852,#11883,#11885,.T.);
#11883 = VERTEX_POINT('',#11884);
#11884 = CARTESIAN_POINT('',(11.27499961853,-90.65836334228,3.));
#11885 = LINE('',#11886,#11887);
#11886 = CARTESIAN_POINT('',(10.65998840332,-90.91310882568,3.));
#11887 = VECTOR('',#11888,1.);
#11888 = DIRECTION('',(0.923879799636,0.382682787468,0.));
#11889 = ORIENTED_EDGE('',*,*,#11890,.T.);
#11890 = EDGE_CURVE('',#11883,#11874,#11891,.T.);
#11891 = LINE('',#11892,#11893);
#11892 = CARTESIAN_POINT('',(11.27499961853,-90.65836334228,3.));
#11893 = VECTOR('',#11894,1.);
#11894 = DIRECTION('',(0.,0.,-1.));
#11895 = PLANE('',#11896);
#11896 = AXIS2_PLACEMENT_3D('',#11897,#11898,#11899);
#11897 = CARTESIAN_POINT('',(10.967494010925,-90.78573608398,1.5));
#11898 = DIRECTION('',(-0.382682787468,0.923879799636,0.));
#11899 = DIRECTION('',(0.923879799636,0.382682787468,0.));
#11900 = ADVANCED_FACE('',(#11901),#11922,.F.);
#11901 = FACE_BOUND('',#11902,.F.);
#11902 = EDGE_LOOP('',(#11903,#11909,#11910,#11916));
#11903 = ORIENTED_EDGE('',*,*,#11904,.T.);
#11904 = EDGE_CURVE('',#5434,#11874,#11905,.T.);
#11905 = LINE('',#11906,#11907);
#11906 = CARTESIAN_POINT('',(11.803122520447,-90.25312042236,0.));
#11907 = VECTOR('',#11908,1.);
#11908 = DIRECTION('',(-0.793353366184,-0.608761395265,0.));
#11909 = ORIENTED_EDGE('',*,*,#11890,.F.);
#11910 = ORIENTED_EDGE('',*,*,#11911,.T.);
#11911 = EDGE_CURVE('',#11883,#9395,#11912,.T.);
#11912 = LINE('',#11913,#11914);
#11913 = CARTESIAN_POINT('',(11.27499961853,-90.65836334228,3.));
#11914 = VECTOR('',#11915,1.);
#11915 = DIRECTION('',(0.793353366184,0.608761395265,0.));
#11916 = ORIENTED_EDGE('',*,*,#11917,.F.);
#11917 = EDGE_CURVE('',#5434,#9395,#11918,.T.);
#11918 = LINE('',#11919,#11920);
#11919 = CARTESIAN_POINT('',(11.803122520447,-90.25312042236,0.));
#11920 = VECTOR('',#11921,1.);
#11921 = DIRECTION('',(0.,0.,1.));
#11922 = PLANE('',#11923);
#11923 = AXIS2_PLACEMENT_3D('',#11924,#11925,#11926);
#11924 = CARTESIAN_POINT('',(11.539061069489,-90.45574188232,1.5));
#11925 = DIRECTION('',(-0.608761395265,0.793353366184,0.));
#11926 = DIRECTION('',(0.793353366184,0.608761395265,0.));
#11927 = ADVANCED_FACE('',(#11928),#11953,.F.);
#11928 = FACE_BOUND('',#11929,.F.);
#11929 = EDGE_LOOP('',(#11930,#11931,#11939,#11947));
#11930 = ORIENTED_EDGE('',*,*,#11917,.T.);
#11931 = ORIENTED_EDGE('',*,*,#11932,.T.);
#11932 = EDGE_CURVE('',#9395,#11933,#11935,.T.);
#11933 = VERTEX_POINT('',#11934);
#11934 = CARTESIAN_POINT('',(12.208364486694,-89.72499847412,3.));
#11935 = LINE('',#11936,#11937);
#11936 = CARTESIAN_POINT('',(11.803122520447,-90.25312042236,3.));
#11937 = VECTOR('',#11938,1.);
#11938 = DIRECTION('',(0.608761185462,0.793353527171,0.));
#11939 = ORIENTED_EDGE('',*,*,#11940,.T.);
#11940 = EDGE_CURVE('',#11933,#11941,#11943,.T.);
#11941 = VERTEX_POINT('',#11942);
#11942 = CARTESIAN_POINT('',(12.208364486694,-89.72499847412,0.));
#11943 = LINE('',#11944,#11945);
#11944 = CARTESIAN_POINT('',(12.208364486694,-89.72499847412,3.));
#11945 = VECTOR('',#11946,1.);
#11946 = DIRECTION('',(0.,0.,-1.));
#11947 = ORIENTED_EDGE('',*,*,#11948,.T.);
#11948 = EDGE_CURVE('',#11941,#5434,#11949,.T.);
#11949 = LINE('',#11950,#11951);
#11950 = CARTESIAN_POINT('',(12.208364486694,-89.72499847412,0.));
#11951 = VECTOR('',#11952,1.);
#11952 = DIRECTION('',(-0.608761185462,-0.793353527171,0.));
#11953 = PLANE('',#11954);
#11954 = AXIS2_PLACEMENT_3D('',#11955,#11956,#11957);
#11955 = CARTESIAN_POINT('',(12.005743503571,-89.98905944824,1.5));
#11956 = DIRECTION('',(-0.793353527171,0.608761185462,0.));
#11957 = DIRECTION('',(-0.608761185462,-0.793353527171,0.));
#11958 = ADVANCED_FACE('',(#11959),#11984,.F.);
#11959 = FACE_BOUND('',#11960,.F.);
#11960 = EDGE_LOOP('',(#11961,#11969,#11970,#11978));
#11961 = ORIENTED_EDGE('',*,*,#11962,.T.);
#11962 = EDGE_CURVE('',#11963,#11941,#11965,.T.);
#11963 = VERTEX_POINT('',#11964);
#11964 = CARTESIAN_POINT('',(12.463110923767,-89.10998535156,0.));
#11965 = LINE('',#11966,#11967);
#11966 = CARTESIAN_POINT('',(12.463110923767,-89.10998535156,0.));
#11967 = VECTOR('',#11968,1.);
#11968 = DIRECTION('',(-0.382682997272,-0.923879712733,0.));
#11969 = ORIENTED_EDGE('',*,*,#11940,.F.);
#11970 = ORIENTED_EDGE('',*,*,#11971,.T.);
#11971 = EDGE_CURVE('',#11933,#11972,#11974,.T.);
#11972 = VERTEX_POINT('',#11973);
#11973 = CARTESIAN_POINT('',(12.463110923767,-89.10998535156,3.));
#11974 = LINE('',#11975,#11976);
#11975 = CARTESIAN_POINT('',(12.208364486694,-89.72499847412,3.));
#11976 = VECTOR('',#11977,1.);
#11977 = DIRECTION('',(0.382682997272,0.923879712733,0.));
#11978 = ORIENTED_EDGE('',*,*,#11979,.T.);
#11979 = EDGE_CURVE('',#11972,#11963,#11980,.T.);
#11980 = LINE('',#11981,#11982);
#11981 = CARTESIAN_POINT('',(12.463110923767,-89.10998535156,3.));
#11982 = VECTOR('',#11983,1.);
#11983 = DIRECTION('',(0.,0.,-1.));
#11984 = PLANE('',#11985);
#11985 = AXIS2_PLACEMENT_3D('',#11986,#11987,#11988);
#11986 = CARTESIAN_POINT('',(12.335737705231,-89.41749191284,1.5));
#11987 = DIRECTION('',(-0.923879712733,0.382682997272,0.));
#11988 = DIRECTION('',(-0.382682997272,-0.923879712733,0.));
#11989 = ADVANCED_FACE('',(#11990),#12006,.F.);
#11990 = FACE_BOUND('',#11991,.F.);
#11991 = EDGE_LOOP('',(#11992,#11998,#11999,#12005));
#11992 = ORIENTED_EDGE('',*,*,#11993,.T.);
#11993 = EDGE_CURVE('',#3800,#11963,#11994,.T.);
#11994 = LINE('',#11995,#11996);
#11995 = CARTESIAN_POINT('',(12.550000190735,-88.44999694824,0.));
#11996 = VECTOR('',#11997,1.);
#11997 = DIRECTION('',(-0.130526406761,-0.991444833129,0.));
#11998 = ORIENTED_EDGE('',*,*,#11979,.F.);
#11999 = ORIENTED_EDGE('',*,*,#12000,.T.);
#12000 = EDGE_CURVE('',#11972,#3808,#12001,.T.);
#12001 = LINE('',#12002,#12003);
#12002 = CARTESIAN_POINT('',(12.463110923767,-89.10998535156,3.));
#12003 = VECTOR('',#12004,1.);
#12004 = DIRECTION('',(0.130526406761,0.991444833129,0.));
#12005 = ORIENTED_EDGE('',*,*,#3807,.F.);
#12006 = PLANE('',#12007);
#12007 = AXIS2_PLACEMENT_3D('',#12008,#12009,#12010);
#12008 = CARTESIAN_POINT('',(12.506555557251,-88.7799911499,1.5));
#12009 = DIRECTION('',(-0.991444833129,0.130526406761,0.));
#12010 = DIRECTION('',(-0.130526406761,-0.991444833129,0.));
#12011 = ADVANCED_FACE('',(#12012),#12018,.F.);
#12012 = FACE_BOUND('',#12013,.F.);
#12013 = EDGE_LOOP('',(#12014,#12015,#12016,#12017));
#12014 = ORIENTED_EDGE('',*,*,#11667,.F.);
#12015 = ORIENTED_EDGE('',*,*,#5337,.F.);
#12016 = ORIENTED_EDGE('',*,*,#3784,.F.);
#12017 = ORIENTED_EDGE('',*,*,#9241,.F.);
#12018 = PLANE('',#12019);
#12019 = AXIS2_PLACEMENT_3D('',#12020,#12021,#12022);
#12020 = CARTESIAN_POINT('',(7.449999809265,-77.69999694824,1.5));
#12021 = DIRECTION('',(1.,0.,0.));
#12022 = DIRECTION('',(0.,0.,1.));
#12023 = ADVANCED_FACE('',(#12024),#12040,.F.);
#12024 = FACE_BOUND('',#12025,.F.);
#12025 = EDGE_LOOP('',(#12026,#12027,#12033,#12034));
#12026 = ORIENTED_EDGE('',*,*,#9548,.T.);
#12027 = ORIENTED_EDGE('',*,*,#12028,.F.);
#12028 = EDGE_CURVE('',#5821,#9541,#12029,.T.);
#12029 = LINE('',#12030,#12031);
#12030 = CARTESIAN_POINT('',(17.450000762939,-88.44999694824,0.));
#12031 = VECTOR('',#12032,1.);
#12032 = DIRECTION('',(0.,0.,1.));
#12033 = ORIENTED_EDGE('',*,*,#5820,.T.);
#12034 = ORIENTED_EDGE('',*,*,#12035,.T.);
#12035 = EDGE_CURVE('',#5813,#9549,#12036,.T.);
#12036 = LINE('',#12037,#12038);
#12037 = CARTESIAN_POINT('',(17.450000762939,-66.94999694824,0.));
#12038 = VECTOR('',#12039,1.);
#12039 = DIRECTION('',(0.,0.,1.));
#12040 = PLANE('',#12041);
#12041 = AXIS2_PLACEMENT_3D('',#12042,#12043,#12044);
#12042 = CARTESIAN_POINT('',(17.450000762939,-77.69999694824,1.5));
#12043 = DIRECTION('',(1.,0.,0.));
#12044 = DIRECTION('',(0.,0.,1.));
#12045 = ADVANCED_FACE('',(#12046),#12071,.F.);
#12046 = FACE_BOUND('',#12047,.F.);
#12047 = EDGE_LOOP('',(#12048,#12056,#12057,#12065));
#12048 = ORIENTED_EDGE('',*,*,#12049,.T.);
#12049 = EDGE_CURVE('',#12050,#5821,#12052,.T.);
#12050 = VERTEX_POINT('',#12051);
#12051 = CARTESIAN_POINT('',(17.536890029907,-89.10998535156,0.));
#12052 = LINE('',#12053,#12054);
#12053 = CARTESIAN_POINT('',(17.536890029907,-89.10998535156,0.));
#12054 = VECTOR('',#12055,1.);
#12055 = DIRECTION('',(-0.130526406761,0.991444833129,0.));
#12056 = ORIENTED_EDGE('',*,*,#12028,.T.);
#12057 = ORIENTED_EDGE('',*,*,#12058,.T.);
#12058 = EDGE_CURVE('',#9541,#12059,#12061,.T.);
#12059 = VERTEX_POINT('',#12060);
#12060 = CARTESIAN_POINT('',(17.536890029907,-89.10998535156,3.));
#12061 = LINE('',#12062,#12063);
#12062 = CARTESIAN_POINT('',(17.450000762939,-88.44999694824,3.));
#12063 = VECTOR('',#12064,1.);
#12064 = DIRECTION('',(0.130526406761,-0.991444833129,0.));
#12065 = ORIENTED_EDGE('',*,*,#12066,.T.);
#12066 = EDGE_CURVE('',#12059,#12050,#12067,.T.);
#12067 = LINE('',#12068,#12069);
#12068 = CARTESIAN_POINT('',(17.536890029907,-89.10998535156,3.));
#12069 = VECTOR('',#12070,1.);
#12070 = DIRECTION('',(0.,0.,-1.));
#12071 = PLANE('',#12072);
#12072 = AXIS2_PLACEMENT_3D('',#12073,#12074,#12075);
#12073 = CARTESIAN_POINT('',(17.493445396423,-88.7799911499,1.5));
#12074 = DIRECTION('',(0.991444833129,0.130526406761,0.));
#12075 = DIRECTION('',(-0.130526406761,0.991444833129,0.));
#12076 = ADVANCED_FACE('',(#12077),#12102,.F.);
#12077 = FACE_BOUND('',#12078,.F.);
#12078 = EDGE_LOOP('',(#12079,#12087,#12088,#12096));
#12079 = ORIENTED_EDGE('',*,*,#12080,.T.);
#12080 = EDGE_CURVE('',#12081,#12050,#12083,.T.);
#12081 = VERTEX_POINT('',#12082);
#12082 = CARTESIAN_POINT('',(17.791635513306,-89.72499847412,0.));
#12083 = LINE('',#12084,#12085);
#12084 = CARTESIAN_POINT('',(17.791635513306,-89.72499847412,0.));
#12085 = VECTOR('',#12086,1.);
#12086 = DIRECTION('',(-0.382681774453,0.923880219239,0.));
#12087 = ORIENTED_EDGE('',*,*,#12066,.F.);
#12088 = ORIENTED_EDGE('',*,*,#12089,.T.);
#12089 = EDGE_CURVE('',#12059,#12090,#12092,.T.);
#12090 = VERTEX_POINT('',#12091);
#12091 = CARTESIAN_POINT('',(17.791635513306,-89.72499847412,3.));
#12092 = LINE('',#12093,#12094);
#12093 = CARTESIAN_POINT('',(17.536890029907,-89.10998535156,3.));
#12094 = VECTOR('',#12095,1.);
#12095 = DIRECTION('',(0.382681774453,-0.923880219239,0.));
#12096 = ORIENTED_EDGE('',*,*,#12097,.T.);
#12097 = EDGE_CURVE('',#12090,#12081,#12098,.T.);
#12098 = LINE('',#12099,#12100);
#12099 = CARTESIAN_POINT('',(17.791635513306,-89.72499847412,3.));
#12100 = VECTOR('',#12101,1.);
#12101 = DIRECTION('',(0.,0.,-1.));
#12102 = PLANE('',#12103);
#12103 = AXIS2_PLACEMENT_3D('',#12104,#12105,#12106);
#12104 = CARTESIAN_POINT('',(17.664262771606,-89.41749191284,1.5));
#12105 = DIRECTION('',(0.923880219239,0.382681774453,0.));
#12106 = DIRECTION('',(-0.382681774453,0.923880219239,0.));
#12107 = ADVANCED_FACE('',(#12108),#12129,.F.);
#12108 = FACE_BOUND('',#12109,.F.);
#12109 = EDGE_LOOP('',(#12110,#12116,#12117,#12123));
#12110 = ORIENTED_EDGE('',*,*,#12111,.T.);
#12111 = EDGE_CURVE('',#5853,#12081,#12112,.T.);
#12112 = LINE('',#12113,#12114);
#12113 = CARTESIAN_POINT('',(18.196878433228,-90.25312042236,0.));
#12114 = VECTOR('',#12115,1.);
#12115 = DIRECTION('',(-0.608762087169,0.793352835267,0.));
#12116 = ORIENTED_EDGE('',*,*,#12097,.F.);
#12117 = ORIENTED_EDGE('',*,*,#12118,.T.);
#12118 = EDGE_CURVE('',#12090,#9509,#12119,.T.);
#12119 = LINE('',#12120,#12121);
#12120 = CARTESIAN_POINT('',(17.791635513306,-89.72499847412,3.));
#12121 = VECTOR('',#12122,1.);
#12122 = DIRECTION('',(0.608762087169,-0.793352835267,0.));
#12123 = ORIENTED_EDGE('',*,*,#12124,.T.);
#12124 = EDGE_CURVE('',#9509,#5853,#12125,.T.);
#12125 = LINE('',#12126,#12127);
#12126 = CARTESIAN_POINT('',(18.196878433228,-90.25312042236,3.));
#12127 = VECTOR('',#12128,1.);
#12128 = DIRECTION('',(0.,0.,-1.));
#12129 = PLANE('',#12130);
#12130 = AXIS2_PLACEMENT_3D('',#12131,#12132,#12133);
#12131 = CARTESIAN_POINT('',(17.994256973267,-89.98905944824,1.5));
#12132 = DIRECTION('',(0.793352835267,0.608762087169,0.));
#12133 = DIRECTION('',(-0.608762087169,0.793352835267,0.));
#12134 = ADVANCED_FACE('',(#12135),#12160,.F.);
#12135 = FACE_BOUND('',#12136,.F.);
#12136 = EDGE_LOOP('',(#12137,#12145,#12146,#12154));
#12137 = ORIENTED_EDGE('',*,*,#12138,.T.);
#12138 = EDGE_CURVE('',#12139,#5853,#12141,.T.);
#12139 = VERTEX_POINT('',#12140);
#12140 = CARTESIAN_POINT('',(18.72500038147,-90.65836334228,0.));
#12141 = LINE('',#12142,#12143);
#12142 = CARTESIAN_POINT('',(18.72500038147,-90.65836334228,0.));
#12143 = VECTOR('',#12144,1.);
#12144 = DIRECTION('',(-0.793352835267,0.608762087169,0.));
#12145 = ORIENTED_EDGE('',*,*,#12124,.F.);
#12146 = ORIENTED_EDGE('',*,*,#12147,.T.);
#12147 = EDGE_CURVE('',#9509,#12148,#12150,.T.);
#12148 = VERTEX_POINT('',#12149);
#12149 = CARTESIAN_POINT('',(18.72500038147,-90.65836334228,3.));
#12150 = LINE('',#12151,#12152);
#12151 = CARTESIAN_POINT('',(18.196878433228,-90.25312042236,3.));
#12152 = VECTOR('',#12153,1.);
#12153 = DIRECTION('',(0.793352835267,-0.608762087169,0.));
#12154 = ORIENTED_EDGE('',*,*,#12155,.F.);
#12155 = EDGE_CURVE('',#12139,#12148,#12156,.T.);
#12156 = LINE('',#12157,#12158);
#12157 = CARTESIAN_POINT('',(18.72500038147,-90.65836334228,0.));
#12158 = VECTOR('',#12159,1.);
#12159 = DIRECTION('',(0.,0.,1.));
#12160 = PLANE('',#12161);
#12161 = AXIS2_PLACEMENT_3D('',#12162,#12163,#12164);
#12162 = CARTESIAN_POINT('',(18.460939407349,-90.45574188232,1.5));
#12163 = DIRECTION('',(0.608762087169,0.793352835267,0.));
#12164 = DIRECTION('',(0.793352835267,-0.608762087169,0.));
#12165 = ADVANCED_FACE('',(#12166),#12191,.F.);
#12166 = FACE_BOUND('',#12167,.F.);
#12167 = EDGE_LOOP('',(#12168,#12169,#12177,#12185));
#12168 = ORIENTED_EDGE('',*,*,#12155,.T.);
#12169 = ORIENTED_EDGE('',*,*,#12170,.T.);
#12170 = EDGE_CURVE('',#12148,#12171,#12173,.T.);
#12171 = VERTEX_POINT('',#12172);
#12172 = CARTESIAN_POINT('',(19.34001159668,-90.91310882568,3.));
#12173 = LINE('',#12174,#12175);
#12174 = CARTESIAN_POINT('',(18.72500038147,-90.65836334228,3.));
#12175 = VECTOR('',#12176,1.);
#12176 = DIRECTION('',(0.923879799636,-0.382682787468,0.));
#12177 = ORIENTED_EDGE('',*,*,#12178,.T.);
#12178 = EDGE_CURVE('',#12171,#12179,#12181,.T.);
#12179 = VERTEX_POINT('',#12180);
#12180 = CARTESIAN_POINT('',(19.34001159668,-90.91310882568,0.));
#12181 = LINE('',#12182,#12183);
#12182 = CARTESIAN_POINT('',(19.34001159668,-90.91310882568,3.));
#12183 = VECTOR('',#12184,1.);
#12184 = DIRECTION('',(0.,0.,-1.));
#12185 = ORIENTED_EDGE('',*,*,#12186,.T.);
#12186 = EDGE_CURVE('',#12179,#12139,#12187,.T.);
#12187 = LINE('',#12188,#12189);
#12188 = CARTESIAN_POINT('',(19.34001159668,-90.91310882568,0.));
#12189 = VECTOR('',#12190,1.);
#12190 = DIRECTION('',(-0.923879799636,0.382682787468,0.));
#12191 = PLANE('',#12192);
#12192 = AXIS2_PLACEMENT_3D('',#12193,#12194,#12195);
#12193 = CARTESIAN_POINT('',(19.032505989075,-90.78573608398,1.5));
#12194 = DIRECTION('',(0.382682787468,0.923879799636,0.));
#12195 = DIRECTION('',(0.923879799636,-0.382682787468,0.));
#12196 = ADVANCED_FACE('',(#12197),#12218,.F.);
#12197 = FACE_BOUND('',#12198,.F.);
#12198 = EDGE_LOOP('',(#12199,#12205,#12206,#12212));
#12199 = ORIENTED_EDGE('',*,*,#12200,.T.);
#12200 = EDGE_CURVE('',#5613,#12179,#12201,.T.);
#12201 = LINE('',#12202,#12203);
#12202 = CARTESIAN_POINT('',(20.,-91.,0.));
#12203 = VECTOR('',#12204,1.);
#12204 = DIRECTION('',(-0.991444462334,0.130529223193,0.));
#12205 = ORIENTED_EDGE('',*,*,#12178,.F.);
#12206 = ORIENTED_EDGE('',*,*,#12207,.T.);
#12207 = EDGE_CURVE('',#12171,#9749,#12208,.T.);
#12208 = LINE('',#12209,#12210);
#12209 = CARTESIAN_POINT('',(19.34001159668,-90.91310882568,3.));
#12210 = VECTOR('',#12211,1.);
#12211 = DIRECTION('',(0.991444462334,-0.130529223193,0.));
#12212 = ORIENTED_EDGE('',*,*,#12213,.T.);
#12213 = EDGE_CURVE('',#9749,#5613,#12214,.T.);
#12214 = LINE('',#12215,#12216);
#12215 = CARTESIAN_POINT('',(20.,-91.,3.));
#12216 = VECTOR('',#12217,1.);
#12217 = DIRECTION('',(0.,0.,-1.));
#12218 = PLANE('',#12219);
#12219 = AXIS2_PLACEMENT_3D('',#12220,#12221,#12222);
#12220 = CARTESIAN_POINT('',(19.67000579834,-90.95655441284,1.5));
#12221 = DIRECTION('',(0.130529223193,0.991444462334,0.));
#12222 = DIRECTION('',(0.991444462334,-0.130529223193,0.));
#12223 = ADVANCED_FACE('',(#12224),#12249,.F.);
#12224 = FACE_BOUND('',#12225,.F.);
#12225 = EDGE_LOOP('',(#12226,#12234,#12235,#12243));
#12226 = ORIENTED_EDGE('',*,*,#12227,.T.);
#12227 = EDGE_CURVE('',#12228,#5613,#12230,.T.);
#12228 = VERTEX_POINT('',#12229);
#12229 = CARTESIAN_POINT('',(20.65998840332,-90.91310882568,0.));
#12230 = LINE('',#12231,#12232);
#12231 = CARTESIAN_POINT('',(20.65998840332,-90.91310882568,0.));
#12232 = VECTOR('',#12233,1.);
#12233 = DIRECTION('',(-0.991444462334,-0.130529223193,0.));
#12234 = ORIENTED_EDGE('',*,*,#12213,.F.);
#12235 = ORIENTED_EDGE('',*,*,#12236,.T.);
#12236 = EDGE_CURVE('',#9749,#12237,#12239,.T.);
#12237 = VERTEX_POINT('',#12238);
#12238 = CARTESIAN_POINT('',(20.65998840332,-90.91310882568,3.));
#12239 = LINE('',#12240,#12241);
#12240 = CARTESIAN_POINT('',(20.,-91.,3.));
#12241 = VECTOR('',#12242,1.);
#12242 = DIRECTION('',(0.991444462334,0.130529223193,0.));
#12243 = ORIENTED_EDGE('',*,*,#12244,.T.);
#12244 = EDGE_CURVE('',#12237,#12228,#12245,.T.);
#12245 = LINE('',#12246,#12247);
#12246 = CARTESIAN_POINT('',(20.65998840332,-90.91310882568,3.));
#12247 = VECTOR('',#12248,1.);
#12248 = DIRECTION('',(0.,0.,-1.));
#12249 = PLANE('',#12250);
#12250 = AXIS2_PLACEMENT_3D('',#12251,#12252,#12253);
#12251 = CARTESIAN_POINT('',(20.32999420166,-90.95655441284,1.5));
#12252 = DIRECTION('',(-0.130529223193,0.991444462334,0.));
#12253 = DIRECTION('',(0.991444462334,0.130529223193,0.));
#12254 = ADVANCED_FACE('',(#12255),#12280,.F.);
#12255 = FACE_BOUND('',#12256,.F.);
#12256 = EDGE_LOOP('',(#12257,#12265,#12266,#12274));
#12257 = ORIENTED_EDGE('',*,*,#12258,.T.);
#12258 = EDGE_CURVE('',#12259,#12228,#12261,.T.);
#12259 = VERTEX_POINT('',#12260);
#12260 = CARTESIAN_POINT('',(21.27499961853,-90.65836334228,0.));
#12261 = LINE('',#12262,#12263);
#12262 = CARTESIAN_POINT('',(21.27499961853,-90.65836334228,0.));
#12263 = VECTOR('',#12264,1.);
#12264 = DIRECTION('',(-0.923879799636,-0.382682787468,0.));
#12265 = ORIENTED_EDGE('',*,*,#12244,.F.);
#12266 = ORIENTED_EDGE('',*,*,#12267,.T.);
#12267 = EDGE_CURVE('',#12237,#12268,#12270,.T.);
#12268 = VERTEX_POINT('',#12269);
#12269 = CARTESIAN_POINT('',(21.27499961853,-90.65836334228,3.));
#12270 = LINE('',#12271,#12272);
#12271 = CARTESIAN_POINT('',(20.65998840332,-90.91310882568,3.));
#12272 = VECTOR('',#12273,1.);
#12273 = DIRECTION('',(0.923879799636,0.382682787468,0.));
#12274 = ORIENTED_EDGE('',*,*,#12275,.T.);
#12275 = EDGE_CURVE('',#12268,#12259,#12276,.T.);
#12276 = LINE('',#12277,#12278);
#12277 = CARTESIAN_POINT('',(21.27499961853,-90.65836334228,3.));
#12278 = VECTOR('',#12279,1.);
#12279 = DIRECTION('',(0.,0.,-1.));
#12280 = PLANE('',#12281);
#12281 = AXIS2_PLACEMENT_3D('',#12282,#12283,#12284);
#12282 = CARTESIAN_POINT('',(20.967494010925,-90.78573608398,1.5));
#12283 = DIRECTION('',(-0.382682787468,0.923879799636,0.));
#12284 = DIRECTION('',(0.923879799636,0.382682787468,0.));
#12285 = ADVANCED_FACE('',(#12286),#12307,.F.);
#12286 = FACE_BOUND('',#12287,.F.);
#12287 = EDGE_LOOP('',(#12288,#12294,#12295,#12301));
#12288 = ORIENTED_EDGE('',*,*,#12289,.T.);
#12289 = EDGE_CURVE('',#5645,#12259,#12290,.T.);
#12290 = LINE('',#12291,#12292);
#12291 = CARTESIAN_POINT('',(21.803121566772,-90.25312042236,0.));
#12292 = VECTOR('',#12293,1.);
#12293 = DIRECTION('',(-0.793352835267,-0.608762087169,0.));
#12294 = ORIENTED_EDGE('',*,*,#12275,.F.);
#12295 = ORIENTED_EDGE('',*,*,#12296,.T.);
#12296 = EDGE_CURVE('',#12268,#9717,#12297,.T.);
#12297 = LINE('',#12298,#12299);
#12298 = CARTESIAN_POINT('',(21.27499961853,-90.65836334228,3.));
#12299 = VECTOR('',#12300,1.);
#12300 = DIRECTION('',(0.793352835267,0.608762087169,0.));
#12301 = ORIENTED_EDGE('',*,*,#12302,.T.);
#12302 = EDGE_CURVE('',#9717,#5645,#12303,.T.);
#12303 = LINE('',#12304,#12305);
#12304 = CARTESIAN_POINT('',(21.803121566772,-90.25312042236,3.));
#12305 = VECTOR('',#12306,1.);
#12306 = DIRECTION('',(0.,0.,-1.));
#12307 = PLANE('',#12308);
#12308 = AXIS2_PLACEMENT_3D('',#12309,#12310,#12311);
#12309 = CARTESIAN_POINT('',(21.539060592651,-90.45574188232,1.5));
#12310 = DIRECTION('',(-0.608762087169,0.793352835267,0.));
#12311 = DIRECTION('',(0.793352835267,0.608762087169,0.));
#12312 = ADVANCED_FACE('',(#12313),#12338,.F.);
#12313 = FACE_BOUND('',#12314,.F.);
#12314 = EDGE_LOOP('',(#12315,#12323,#12324,#12332));
#12315 = ORIENTED_EDGE('',*,*,#12316,.T.);
#12316 = EDGE_CURVE('',#12317,#5645,#12319,.T.);
#12317 = VERTEX_POINT('',#12318);
#12318 = CARTESIAN_POINT('',(22.208364486694,-89.72499847412,0.));
#12319 = LINE('',#12320,#12321);
#12320 = CARTESIAN_POINT('',(22.208364486694,-89.72499847412,0.));
#12321 = VECTOR('',#12322,1.);
#12322 = DIRECTION('',(-0.608762087169,-0.793352835267,0.));
#12323 = ORIENTED_EDGE('',*,*,#12302,.F.);
#12324 = ORIENTED_EDGE('',*,*,#12325,.T.);
#12325 = EDGE_CURVE('',#9717,#12326,#12328,.T.);
#12326 = VERTEX_POINT('',#12327);
#12327 = CARTESIAN_POINT('',(22.208364486694,-89.72499847412,3.));
#12328 = LINE('',#12329,#12330);
#12329 = CARTESIAN_POINT('',(21.803121566772,-90.25312042236,3.));
#12330 = VECTOR('',#12331,1.);
#12331 = DIRECTION('',(0.608762087169,0.793352835267,0.));
#12332 = ORIENTED_EDGE('',*,*,#12333,.T.);
#12333 = EDGE_CURVE('',#12326,#12317,#12334,.T.);
#12334 = LINE('',#12335,#12336);
#12335 = CARTESIAN_POINT('',(22.208364486694,-89.72499847412,3.));
#12336 = VECTOR('',#12337,1.);
#12337 = DIRECTION('',(0.,0.,-1.));
#12338 = PLANE('',#12339);
#12339 = AXIS2_PLACEMENT_3D('',#12340,#12341,#12342);
#12340 = CARTESIAN_POINT('',(22.005743026733,-89.98905944824,1.5));
#12341 = DIRECTION('',(-0.793352835267,0.608762087169,0.));
#12342 = DIRECTION('',(-0.608762087169,-0.793352835267,0.));
#12343 = ADVANCED_FACE('',(#12344),#12369,.F.);
#12344 = FACE_BOUND('',#12345,.F.);
#12345 = EDGE_LOOP('',(#12346,#12354,#12355,#12363));
#12346 = ORIENTED_EDGE('',*,*,#12347,.T.);
#12347 = EDGE_CURVE('',#12348,#12317,#12350,.T.);
#12348 = VERTEX_POINT('',#12349);
#12349 = CARTESIAN_POINT('',(22.463109970093,-89.10998535156,0.));
#12350 = LINE('',#12351,#12352);
#12351 = CARTESIAN_POINT('',(22.463109970093,-89.10998535156,0.));
#12352 = VECTOR('',#12353,1.);
#12353 = DIRECTION('',(-0.382681774453,-0.923880219239,0.));
#12354 = ORIENTED_EDGE('',*,*,#12333,.F.);
#12355 = ORIENTED_EDGE('',*,*,#12356,.T.);
#12356 = EDGE_CURVE('',#12326,#12357,#12359,.T.);
#12357 = VERTEX_POINT('',#12358);
#12358 = CARTESIAN_POINT('',(22.463109970093,-89.10998535156,3.));
#12359 = LINE('',#12360,#12361);
#12360 = CARTESIAN_POINT('',(22.208364486694,-89.72499847412,3.));
#12361 = VECTOR('',#12362,1.);
#12362 = DIRECTION('',(0.382681774453,0.923880219239,0.));
#12363 = ORIENTED_EDGE('',*,*,#12364,.T.);
#12364 = EDGE_CURVE('',#12357,#12348,#12365,.T.);
#12365 = LINE('',#12366,#12367);
#12366 = CARTESIAN_POINT('',(22.463109970093,-89.10998535156,3.));
#12367 = VECTOR('',#12368,1.);
#12368 = DIRECTION('',(0.,0.,-1.));
#12369 = PLANE('',#12370);
#12370 = AXIS2_PLACEMENT_3D('',#12371,#12372,#12373);
#12371 = CARTESIAN_POINT('',(22.335737228394,-89.41749191284,1.5));
#12372 = DIRECTION('',(-0.923880219239,0.382681774453,0.));
#12373 = DIRECTION('',(-0.382681774453,-0.923880219239,0.));
#12374 = ADVANCED_FACE('',(#12375),#12396,.F.);
#12375 = FACE_BOUND('',#12376,.F.);
#12376 = EDGE_LOOP('',(#12377,#12383,#12384,#12390));
#12377 = ORIENTED_EDGE('',*,*,#12378,.T.);
#12378 = EDGE_CURVE('',#5677,#12348,#12379,.T.);
#12379 = LINE('',#12380,#12381);
#12380 = CARTESIAN_POINT('',(22.549999237061,-88.44999694824,0.));
#12381 = VECTOR('',#12382,1.);
#12382 = DIRECTION('',(-0.130526406761,-0.991444833129,0.));
#12383 = ORIENTED_EDGE('',*,*,#12364,.F.);
#12384 = ORIENTED_EDGE('',*,*,#12385,.T.);
#12385 = EDGE_CURVE('',#12357,#9685,#12386,.T.);
#12386 = LINE('',#12387,#12388);
#12387 = CARTESIAN_POINT('',(22.463109970093,-89.10998535156,3.));
#12388 = VECTOR('',#12389,1.);
#12389 = DIRECTION('',(0.130526406761,0.991444833129,0.));
#12390 = ORIENTED_EDGE('',*,*,#12391,.T.);
#12391 = EDGE_CURVE('',#9685,#5677,#12392,.T.);
#12392 = LINE('',#12393,#12394);
#12393 = CARTESIAN_POINT('',(22.549999237061,-88.44999694824,3.));
#12394 = VECTOR('',#12395,1.);
#12395 = DIRECTION('',(0.,0.,-1.));
#12396 = PLANE('',#12397);
#12397 = AXIS2_PLACEMENT_3D('',#12398,#12399,#12400);
#12398 = CARTESIAN_POINT('',(22.506554603577,-88.7799911499,1.5));
#12399 = DIRECTION('',(-0.991444833129,0.130526406761,0.));
#12400 = DIRECTION('',(-0.130526406761,-0.991444833129,0.));
#12401 = ADVANCED_FACE('',(#12402),#12432,.F.);
#12402 = FACE_BOUND('',#12403,.F.);
#12403 = EDGE_LOOP('',(#12404,#12412,#12418,#12426));
#12404 = ORIENTED_EDGE('',*,*,#12405,.T.);
#12405 = EDGE_CURVE('',#12406,#5685,#12408,.T.);
#12406 = VERTEX_POINT('',#12407);
#12407 = CARTESIAN_POINT('',(22.463109970093,-66.29000854492,0.));
#12408 = LINE('',#12409,#12410);
#12409 = CARTESIAN_POINT('',(22.463109970093,-66.29000854492,0.));
#12410 = VECTOR('',#12411,1.);
#12411 = DIRECTION('',(0.130526406761,-0.991444833129,0.));
#12412 = ORIENTED_EDGE('',*,*,#12413,.T.);
#12413 = EDGE_CURVE('',#5685,#9677,#12414,.T.);
#12414 = LINE('',#12415,#12416);
#12415 = CARTESIAN_POINT('',(22.549999237061,-66.94999694824,0.));
#12416 = VECTOR('',#12417,1.);
#12417 = DIRECTION('',(0.,0.,1.));
#12418 = ORIENTED_EDGE('',*,*,#12419,.T.);
#12419 = EDGE_CURVE('',#9677,#12420,#12422,.T.);
#12420 = VERTEX_POINT('',#12421);
#12421 = CARTESIAN_POINT('',(22.463109970093,-66.29000854492,3.));
#12422 = LINE('',#12423,#12424);
#12423 = CARTESIAN_POINT('',(22.549999237061,-66.94999694824,3.));
#12424 = VECTOR('',#12425,1.);
#12425 = DIRECTION('',(-0.130526406761,0.991444833129,0.));
#12426 = ORIENTED_EDGE('',*,*,#12427,.T.);
#12427 = EDGE_CURVE('',#12420,#12406,#12428,.T.);
#12428 = LINE('',#12429,#12430);
#12429 = CARTESIAN_POINT('',(22.463109970093,-66.29000854492,3.));
#12430 = VECTOR('',#12431,1.);
#12431 = DIRECTION('',(0.,0.,-1.));
#12432 = PLANE('',#12433);
#12433 = AXIS2_PLACEMENT_3D('',#12434,#12435,#12436);
#12434 = CARTESIAN_POINT('',(22.506554603577,-66.62000274658,1.5));
#12435 = DIRECTION('',(-0.991444833129,-0.130526406761,-0.));
#12436 = DIRECTION('',(0.130526406761,-0.991444833129,0.));
#12437 = ADVANCED_FACE('',(#12438),#12463,.F.);
#12438 = FACE_BOUND('',#12439,.F.);
#12439 = EDGE_LOOP('',(#12440,#12448,#12449,#12457));
#12440 = ORIENTED_EDGE('',*,*,#12441,.T.);
#12441 = EDGE_CURVE('',#12442,#12406,#12444,.T.);
#12442 = VERTEX_POINT('',#12443);
#12443 = CARTESIAN_POINT('',(22.208364486694,-65.67500305175,0.));
#12444 = LINE('',#12445,#12446);
#12445 = CARTESIAN_POINT('',(22.208364486694,-65.67500305175,0.));
#12446 = VECTOR('',#12447,1.);
#12447 = DIRECTION('',(0.382685826542,-0.923878540807,0.));
#12448 = ORIENTED_EDGE('',*,*,#12427,.F.);
#12449 = ORIENTED_EDGE('',*,*,#12450,.T.);
#12450 = EDGE_CURVE('',#12420,#12451,#12453,.T.);
#12451 = VERTEX_POINT('',#12452);
#12452 = CARTESIAN_POINT('',(22.208364486694,-65.67500305175,3.));
#12453 = LINE('',#12454,#12455);
#12454 = CARTESIAN_POINT('',(22.463109970093,-66.29000854492,3.));
#12455 = VECTOR('',#12456,1.);
#12456 = DIRECTION('',(-0.382685826542,0.923878540807,0.));
#12457 = ORIENTED_EDGE('',*,*,#12458,.T.);
#12458 = EDGE_CURVE('',#12451,#12442,#12459,.T.);
#12459 = LINE('',#12460,#12461);
#12460 = CARTESIAN_POINT('',(22.208364486694,-65.67500305175,3.));
#12461 = VECTOR('',#12462,1.);
#12462 = DIRECTION('',(0.,0.,-1.));
#12463 = PLANE('',#12464);
#12464 = AXIS2_PLACEMENT_3D('',#12465,#12466,#12467);
#12465 = CARTESIAN_POINT('',(22.335737228394,-65.98250579834,1.5));
#12466 = DIRECTION('',(-0.923878540807,-0.382685826542,-0.));
#12467 = DIRECTION('',(0.382685826542,-0.923878540807,0.));
#12468 = ADVANCED_FACE('',(#12469),#12490,.F.);
#12469 = FACE_BOUND('',#12470,.F.);
#12470 = EDGE_LOOP('',(#12471,#12477,#12478,#12484));
#12471 = ORIENTED_EDGE('',*,*,#12472,.T.);
#12472 = EDGE_CURVE('',#5717,#12442,#12473,.T.);
#12473 = LINE('',#12474,#12475);
#12474 = CARTESIAN_POINT('',(21.803121566772,-65.14688110351,0.));
#12475 = VECTOR('',#12476,1.);
#12476 = DIRECTION('',(0.608762087169,-0.793352835267,0.));
#12477 = ORIENTED_EDGE('',*,*,#12458,.F.);
#12478 = ORIENTED_EDGE('',*,*,#12479,.T.);
#12479 = EDGE_CURVE('',#12451,#9645,#12480,.T.);
#12480 = LINE('',#12481,#12482);
#12481 = CARTESIAN_POINT('',(22.208364486694,-65.67500305175,3.));
#12482 = VECTOR('',#12483,1.);
#12483 = DIRECTION('',(-0.608762087169,0.793352835267,0.));
#12484 = ORIENTED_EDGE('',*,*,#12485,.T.);
#12485 = EDGE_CURVE('',#9645,#5717,#12486,.T.);
#12486 = LINE('',#12487,#12488);
#12487 = CARTESIAN_POINT('',(21.803121566772,-65.14688110351,3.));
#12488 = VECTOR('',#12489,1.);
#12489 = DIRECTION('',(0.,0.,-1.));
#12490 = PLANE('',#12491);
#12491 = AXIS2_PLACEMENT_3D('',#12492,#12493,#12494);
#12492 = CARTESIAN_POINT('',(22.005743026733,-65.41094207763,1.5));
#12493 = DIRECTION('',(-0.793352835267,-0.608762087169,-0.));
#12494 = DIRECTION('',(0.608762087169,-0.793352835267,0.));
#12495 = ADVANCED_FACE('',(#12496),#12521,.F.);
#12496 = FACE_BOUND('',#12497,.F.);
#12497 = EDGE_LOOP('',(#12498,#12506,#12507,#12515));
#12498 = ORIENTED_EDGE('',*,*,#12499,.T.);
#12499 = EDGE_CURVE('',#12500,#5717,#12502,.T.);
#12500 = VERTEX_POINT('',#12501);
#12501 = CARTESIAN_POINT('',(21.27499961853,-64.74163818359,0.));
#12502 = LINE('',#12503,#12504);
#12503 = CARTESIAN_POINT('',(21.27499961853,-64.74163818359,0.));
#12504 = VECTOR('',#12505,1.);
#12505 = DIRECTION('',(0.793352835267,-0.608762087169,0.));
#12506 = ORIENTED_EDGE('',*,*,#12485,.F.);
#12507 = ORIENTED_EDGE('',*,*,#12508,.T.);
#12508 = EDGE_CURVE('',#9645,#12509,#12511,.T.);
#12509 = VERTEX_POINT('',#12510);
#12510 = CARTESIAN_POINT('',(21.27499961853,-64.74163818359,3.));
#12511 = LINE('',#12512,#12513);
#12512 = CARTESIAN_POINT('',(21.803121566772,-65.14688110351,3.));
#12513 = VECTOR('',#12514,1.);
#12514 = DIRECTION('',(-0.793352835267,0.608762087169,0.));
#12515 = ORIENTED_EDGE('',*,*,#12516,.T.);
#12516 = EDGE_CURVE('',#12509,#12500,#12517,.T.);
#12517 = LINE('',#12518,#12519);
#12518 = CARTESIAN_POINT('',(21.27499961853,-64.74163818359,3.));
#12519 = VECTOR('',#12520,1.);
#12520 = DIRECTION('',(0.,0.,-1.));
#12521 = PLANE('',#12522);
#12522 = AXIS2_PLACEMENT_3D('',#12523,#12524,#12525);
#12523 = CARTESIAN_POINT('',(21.539060592651,-64.94425964355,1.5));
#12524 = DIRECTION('',(-0.608762087169,-0.793352835267,-0.));
#12525 = DIRECTION('',(-0.793352835267,0.608762087169,0.));
#12526 = ADVANCED_FACE('',(#12527),#12552,.F.);
#12527 = FACE_BOUND('',#12528,.F.);
#12528 = EDGE_LOOP('',(#12529,#12537,#12538,#12546));
#12529 = ORIENTED_EDGE('',*,*,#12530,.T.);
#12530 = EDGE_CURVE('',#12531,#12500,#12533,.T.);
#12531 = VERTEX_POINT('',#12532);
#12532 = CARTESIAN_POINT('',(20.65998840332,-64.48689270019,0.));
#12533 = LINE('',#12534,#12535);
#12534 = CARTESIAN_POINT('',(20.65998840332,-64.48689270019,0.));
#12535 = VECTOR('',#12536,1.);
#12536 = DIRECTION('',(0.923879799636,-0.382682787468,0.));
#12537 = ORIENTED_EDGE('',*,*,#12516,.F.);
#12538 = ORIENTED_EDGE('',*,*,#12539,.T.);
#12539 = EDGE_CURVE('',#12509,#12540,#12542,.T.);
#12540 = VERTEX_POINT('',#12541);
#12541 = CARTESIAN_POINT('',(20.65998840332,-64.48689270019,3.));
#12542 = LINE('',#12543,#12544);
#12543 = CARTESIAN_POINT('',(21.27499961853,-64.74163818359,3.));
#12544 = VECTOR('',#12545,1.);
#12545 = DIRECTION('',(-0.923879799636,0.382682787468,0.));
#12546 = ORIENTED_EDGE('',*,*,#12547,.T.);
#12547 = EDGE_CURVE('',#12540,#12531,#12548,.T.);
#12548 = LINE('',#12549,#12550);
#12549 = CARTESIAN_POINT('',(20.65998840332,-64.48689270019,3.));
#12550 = VECTOR('',#12551,1.);
#12551 = DIRECTION('',(0.,0.,-1.));
#12552 = PLANE('',#12553);
#12553 = AXIS2_PLACEMENT_3D('',#12554,#12555,#12556);
#12554 = CARTESIAN_POINT('',(20.967494010925,-64.61426544189,1.5));
#12555 = DIRECTION('',(-0.382682787468,-0.923879799636,-0.));
#12556 = DIRECTION('',(-0.923879799636,0.382682787468,0.));
#12557 = ADVANCED_FACE('',(#12558),#12579,.F.);
#12558 = FACE_BOUND('',#12559,.F.);
#12559 = EDGE_LOOP('',(#12560,#12566,#12567,#12573));
#12560 = ORIENTED_EDGE('',*,*,#12561,.T.);
#12561 = EDGE_CURVE('',#5749,#12531,#12562,.T.);
#12562 = LINE('',#12563,#12564);
#12563 = CARTESIAN_POINT('',(20.,-64.40000152587,0.));
#12564 = VECTOR('',#12565,1.);
#12565 = DIRECTION('',(0.991444462334,-0.130529223193,0.));
#12566 = ORIENTED_EDGE('',*,*,#12547,.F.);
#12567 = ORIENTED_EDGE('',*,*,#12568,.T.);
#12568 = EDGE_CURVE('',#12540,#9613,#12569,.T.);
#12569 = LINE('',#12570,#12571);
#12570 = CARTESIAN_POINT('',(20.65998840332,-64.48689270019,3.));
#12571 = VECTOR('',#12572,1.);
#12572 = DIRECTION('',(-0.991444462334,0.130529223193,0.));
#12573 = ORIENTED_EDGE('',*,*,#12574,.T.);
#12574 = EDGE_CURVE('',#9613,#5749,#12575,.T.);
#12575 = LINE('',#12576,#12577);
#12576 = CARTESIAN_POINT('',(20.,-64.40000152587,3.));
#12577 = VECTOR('',#12578,1.);
#12578 = DIRECTION('',(0.,0.,-1.));
#12579 = PLANE('',#12580);
#12580 = AXIS2_PLACEMENT_3D('',#12581,#12582,#12583);
#12581 = CARTESIAN_POINT('',(20.32999420166,-64.44344711303,1.5));
#12582 = DIRECTION('',(-0.130529223193,-0.991444462334,-0.));
#12583 = DIRECTION('',(-0.991444462334,0.130529223193,0.));
#12584 = ADVANCED_FACE('',(#12585),#12610,.F.);
#12585 = FACE_BOUND('',#12586,.F.);
#12586 = EDGE_LOOP('',(#12587,#12595,#12596,#12604));
#12587 = ORIENTED_EDGE('',*,*,#12588,.T.);
#12588 = EDGE_CURVE('',#12589,#5749,#12591,.T.);
#12589 = VERTEX_POINT('',#12590);
#12590 = CARTESIAN_POINT('',(19.34001159668,-64.48689270019,0.));
#12591 = LINE('',#12592,#12593);
#12592 = CARTESIAN_POINT('',(19.34001159668,-64.48689270019,0.));
#12593 = VECTOR('',#12594,1.);
#12594 = DIRECTION('',(0.991444462334,0.130529223193,0.));
#12595 = ORIENTED_EDGE('',*,*,#12574,.F.);
#12596 = ORIENTED_EDGE('',*,*,#12597,.T.);
#12597 = EDGE_CURVE('',#9613,#12598,#12600,.T.);
#12598 = VERTEX_POINT('',#12599);
#12599 = CARTESIAN_POINT('',(19.34001159668,-64.48689270019,3.));
#12600 = LINE('',#12601,#12602);
#12601 = CARTESIAN_POINT('',(20.,-64.40000152587,3.));
#12602 = VECTOR('',#12603,1.);
#12603 = DIRECTION('',(-0.991444462334,-0.130529223193,0.));
#12604 = ORIENTED_EDGE('',*,*,#12605,.T.);
#12605 = EDGE_CURVE('',#12598,#12589,#12606,.T.);
#12606 = LINE('',#12607,#12608);
#12607 = CARTESIAN_POINT('',(19.34001159668,-64.48689270019,3.));
#12608 = VECTOR('',#12609,1.);
#12609 = DIRECTION('',(0.,0.,-1.));
#12610 = PLANE('',#12611);
#12611 = AXIS2_PLACEMENT_3D('',#12612,#12613,#12614);
#12612 = CARTESIAN_POINT('',(19.67000579834,-64.44344711303,1.5));
#12613 = DIRECTION('',(0.130529223193,-0.991444462334,0.));
#12614 = DIRECTION('',(-0.991444462334,-0.130529223193,0.));
#12615 = ADVANCED_FACE('',(#12616),#12641,.F.);
#12616 = FACE_BOUND('',#12617,.F.);
#12617 = EDGE_LOOP('',(#12618,#12626,#12627,#12635));
#12618 = ORIENTED_EDGE('',*,*,#12619,.T.);
#12619 = EDGE_CURVE('',#12620,#12589,#12622,.T.);
#12620 = VERTEX_POINT('',#12621);
#12621 = CARTESIAN_POINT('',(18.72500038147,-64.74163818359,0.));
#12622 = LINE('',#12623,#12624);
#12623 = CARTESIAN_POINT('',(18.72500038147,-64.74163818359,0.));
#12624 = VECTOR('',#12625,1.);
#12625 = DIRECTION('',(0.923879799636,0.382682787468,0.));
#12626 = ORIENTED_EDGE('',*,*,#12605,.F.);
#12627 = ORIENTED_EDGE('',*,*,#12628,.T.);
#12628 = EDGE_CURVE('',#12598,#12629,#12631,.T.);
#12629 = VERTEX_POINT('',#12630);
#12630 = CARTESIAN_POINT('',(18.72500038147,-64.74163818359,3.));
#12631 = LINE('',#12632,#12633);
#12632 = CARTESIAN_POINT('',(19.34001159668,-64.48689270019,3.));
#12633 = VECTOR('',#12634,1.);
#12634 = DIRECTION('',(-0.923879799636,-0.382682787468,0.));
#12635 = ORIENTED_EDGE('',*,*,#12636,.F.);
#12636 = EDGE_CURVE('',#12620,#12629,#12637,.T.);
#12637 = LINE('',#12638,#12639);
#12638 = CARTESIAN_POINT('',(18.72500038147,-64.74163818359,0.));
#12639 = VECTOR('',#12640,1.);
#12640 = DIRECTION('',(0.,0.,1.));
#12641 = PLANE('',#12642);
#12642 = AXIS2_PLACEMENT_3D('',#12643,#12644,#12645);
#12643 = CARTESIAN_POINT('',(19.032505989075,-64.61426544189,1.5));
#12644 = DIRECTION('',(0.382682787468,-0.923879799636,0.));
#12645 = DIRECTION('',(-0.923879799636,-0.382682787468,0.));
#12646 = ADVANCED_FACE('',(#12647),#12668,.F.);
#12647 = FACE_BOUND('',#12648,.F.);
#12648 = EDGE_LOOP('',(#12649,#12650,#12656,#12662));
#12649 = ORIENTED_EDGE('',*,*,#12636,.T.);
#12650 = ORIENTED_EDGE('',*,*,#12651,.T.);
#12651 = EDGE_CURVE('',#12629,#9581,#12652,.T.);
#12652 = LINE('',#12653,#12654);
#12653 = CARTESIAN_POINT('',(18.72500038147,-64.74163818359,3.));
#12654 = VECTOR('',#12655,1.);
#12655 = DIRECTION('',(-0.793352835267,-0.608762087169,0.));
#12656 = ORIENTED_EDGE('',*,*,#12657,.T.);
#12657 = EDGE_CURVE('',#9581,#5781,#12658,.T.);
#12658 = LINE('',#12659,#12660);
#12659 = CARTESIAN_POINT('',(18.196878433228,-65.14688110351,3.));
#12660 = VECTOR('',#12661,1.);
#12661 = DIRECTION('',(0.,0.,-1.));
#12662 = ORIENTED_EDGE('',*,*,#12663,.T.);
#12663 = EDGE_CURVE('',#5781,#12620,#12664,.T.);
#12664 = LINE('',#12665,#12666);
#12665 = CARTESIAN_POINT('',(18.196878433228,-65.14688110351,0.));
#12666 = VECTOR('',#12667,1.);
#12667 = DIRECTION('',(0.793352835267,0.608762087169,0.));
#12668 = PLANE('',#12669);
#12669 = AXIS2_PLACEMENT_3D('',#12670,#12671,#12672);
#12670 = CARTESIAN_POINT('',(18.460939407349,-64.94425964355,1.5));
#12671 = DIRECTION('',(0.608762087169,-0.793352835267,0.));
#12672 = DIRECTION('',(-0.793352835267,-0.608762087169,0.));
#12673 = ADVANCED_FACE('',(#12674),#12699,.F.);
#12674 = FACE_BOUND('',#12675,.F.);
#12675 = EDGE_LOOP('',(#12676,#12684,#12685,#12693));
#12676 = ORIENTED_EDGE('',*,*,#12677,.T.);
#12677 = EDGE_CURVE('',#12678,#5781,#12680,.T.);
#12678 = VERTEX_POINT('',#12679);
#12679 = CARTESIAN_POINT('',(17.791635513306,-65.67500305175,0.));
#12680 = LINE('',#12681,#12682);
#12681 = CARTESIAN_POINT('',(17.791635513306,-65.67500305175,0.));
#12682 = VECTOR('',#12683,1.);
#12683 = DIRECTION('',(0.608762087169,0.793352835267,0.));
#12684 = ORIENTED_EDGE('',*,*,#12657,.F.);
#12685 = ORIENTED_EDGE('',*,*,#12686,.T.);
#12686 = EDGE_CURVE('',#9581,#12687,#12689,.T.);
#12687 = VERTEX_POINT('',#12688);
#12688 = CARTESIAN_POINT('',(17.791635513306,-65.67500305175,3.));
#12689 = LINE('',#12690,#12691);
#12690 = CARTESIAN_POINT('',(18.196878433228,-65.14688110351,3.));
#12691 = VECTOR('',#12692,1.);
#12692 = DIRECTION('',(-0.608762087169,-0.793352835267,0.));
#12693 = ORIENTED_EDGE('',*,*,#12694,.T.);
#12694 = EDGE_CURVE('',#12687,#12678,#12695,.T.);
#12695 = LINE('',#12696,#12697);
#12696 = CARTESIAN_POINT('',(17.791635513306,-65.67500305175,3.));
#12697 = VECTOR('',#12698,1.);
#12698 = DIRECTION('',(0.,0.,-1.));
#12699 = PLANE('',#12700);
#12700 = AXIS2_PLACEMENT_3D('',#12701,#12702,#12703);
#12701 = CARTESIAN_POINT('',(17.994256973267,-65.41094207763,1.5));
#12702 = DIRECTION('',(0.793352835267,-0.608762087169,0.));
#12703 = DIRECTION('',(0.608762087169,0.793352835267,0.));
#12704 = ADVANCED_FACE('',(#12705),#12730,.F.);
#12705 = FACE_BOUND('',#12706,.F.);
#12706 = EDGE_LOOP('',(#12707,#12715,#12716,#12724));
#12707 = ORIENTED_EDGE('',*,*,#12708,.T.);
#12708 = EDGE_CURVE('',#12709,#12678,#12711,.T.);
#12709 = VERTEX_POINT('',#12710);
#12710 = CARTESIAN_POINT('',(17.536890029907,-66.29000854492,0.));
#12711 = LINE('',#12712,#12713);
#12712 = CARTESIAN_POINT('',(17.536890029907,-66.29000854492,0.));
#12713 = VECTOR('',#12714,1.);
#12714 = DIRECTION('',(0.382685826542,0.923878540807,0.));
#12715 = ORIENTED_EDGE('',*,*,#12694,.F.);
#12716 = ORIENTED_EDGE('',*,*,#12717,.T.);
#12717 = EDGE_CURVE('',#12687,#12718,#12720,.T.);
#12718 = VERTEX_POINT('',#12719);
#12719 = CARTESIAN_POINT('',(17.536890029907,-66.29000854492,3.));
#12720 = LINE('',#12721,#12722);
#12721 = CARTESIAN_POINT('',(17.791635513306,-65.67500305175,3.));
#12722 = VECTOR('',#12723,1.);
#12723 = DIRECTION('',(-0.382685826542,-0.923878540807,0.));
#12724 = ORIENTED_EDGE('',*,*,#12725,.T.);
#12725 = EDGE_CURVE('',#12718,#12709,#12726,.T.);
#12726 = LINE('',#12727,#12728);
#12727 = CARTESIAN_POINT('',(17.536890029907,-66.29000854492,3.));
#12728 = VECTOR('',#12729,1.);
#12729 = DIRECTION('',(0.,0.,-1.));
#12730 = PLANE('',#12731);
#12731 = AXIS2_PLACEMENT_3D('',#12732,#12733,#12734);
#12732 = CARTESIAN_POINT('',(17.664262771606,-65.98250579834,1.5));
#12733 = DIRECTION('',(0.923878540807,-0.382685826542,0.));
#12734 = DIRECTION('',(0.382685826542,0.923878540807,0.));
#12735 = ADVANCED_FACE('',(#12736),#12752,.F.);
#12736 = FACE_BOUND('',#12737,.F.);
#12737 = EDGE_LOOP('',(#12738,#12744,#12745,#12751));
#12738 = ORIENTED_EDGE('',*,*,#12739,.T.);
#12739 = EDGE_CURVE('',#5813,#12709,#12740,.T.);
#12740 = LINE('',#12741,#12742);
#12741 = CARTESIAN_POINT('',(17.450000762939,-66.94999694824,0.));
#12742 = VECTOR('',#12743,1.);
#12743 = DIRECTION('',(0.130526406761,0.991444833129,0.));
#12744 = ORIENTED_EDGE('',*,*,#12725,.F.);
#12745 = ORIENTED_EDGE('',*,*,#12746,.T.);
#12746 = EDGE_CURVE('',#12718,#9549,#12747,.T.);
#12747 = LINE('',#12748,#12749);
#12748 = CARTESIAN_POINT('',(17.536890029907,-66.29000854492,3.));
#12749 = VECTOR('',#12750,1.);
#12750 = DIRECTION('',(-0.130526406761,-0.991444833129,0.));
#12751 = ORIENTED_EDGE('',*,*,#12035,.F.);
#12752 = PLANE('',#12753);
#12753 = AXIS2_PLACEMENT_3D('',#12754,#12755,#12756);
#12754 = CARTESIAN_POINT('',(17.493445396423,-66.62000274658,1.5));
#12755 = DIRECTION('',(0.991444833129,-0.130526406761,0.));
#12756 = DIRECTION('',(0.130526406761,0.991444833129,0.));
#12757 = ADVANCED_FACE('',(#12758),#12764,.F.);
#12758 = FACE_BOUND('',#12759,.F.);
#12759 = EDGE_LOOP('',(#12760,#12761,#12762,#12763));
#12760 = ORIENTED_EDGE('',*,*,#9684,.F.);
#12761 = ORIENTED_EDGE('',*,*,#12413,.F.);
#12762 = ORIENTED_EDGE('',*,*,#5684,.F.);
#12763 = ORIENTED_EDGE('',*,*,#12391,.F.);
#12764 = PLANE('',#12765);
#12765 = AXIS2_PLACEMENT_3D('',#12766,#12767,#12768);
#12766 = CARTESIAN_POINT('',(22.549999237061,-77.69999694824,1.5));
#12767 = DIRECTION('',(-1.,-0.,-0.));
#12768 = DIRECTION('',(0.,0.,-1.));
#12769 = ADVANCED_FACE('',(#12770),#12786,.F.);
#12770 = FACE_BOUND('',#12771,.F.);
#12771 = EDGE_LOOP('',(#12772,#12778,#12779,#12785));
#12772 = ORIENTED_EDGE('',*,*,#12773,.F.);
#12773 = EDGE_CURVE('',#3912,#7800,#12774,.T.);
#12774 = LINE('',#12775,#12776);
#12775 = CARTESIAN_POINT('',(4.599999904633,-96.5,0.));
#12776 = VECTOR('',#12777,1.);
#12777 = DIRECTION('',(0.,0.,1.));
#12778 = ORIENTED_EDGE('',*,*,#3911,.F.);
#12779 = ORIENTED_EDGE('',*,*,#12780,.F.);
#12780 = EDGE_CURVE('',#7808,#3904,#12781,.T.);
#12781 = LINE('',#12782,#12783);
#12782 = CARTESIAN_POINT('',(55.400001525879,-96.5,3.));
#12783 = VECTOR('',#12784,1.);
#12784 = DIRECTION('',(0.,0.,-1.));
#12785 = ORIENTED_EDGE('',*,*,#7807,.F.);
#12786 = PLANE('',#12787);
#12787 = AXIS2_PLACEMENT_3D('',#12788,#12789,#12790);
#12788 = CARTESIAN_POINT('',(30.000000715256,-96.5,1.5));
#12789 = DIRECTION('',(-0.,-1.,-0.));
#12790 = DIRECTION('',(0.,0.,-1.));
#12791 = ADVANCED_FACE('',(#12792),#12817,.F.);
#12792 = FACE_BOUND('',#12793,.F.);
#12793 = EDGE_LOOP('',(#12794,#12802,#12803,#12811));
#12794 = ORIENTED_EDGE('',*,*,#12795,.T.);
#12795 = EDGE_CURVE('',#12796,#3396,#12798,.T.);
#12796 = VERTEX_POINT('',#12797);
#12797 = CARTESIAN_POINT('',(27.536890029907,-89.10998535156,0.));
#12798 = LINE('',#12799,#12800);
#12799 = CARTESIAN_POINT('',(27.536890029907,-89.10998535156,0.));
#12800 = VECTOR('',#12801,1.);
#12801 = DIRECTION('',(-0.130526406761,0.991444833129,0.));
#12802 = ORIENTED_EDGE('',*,*,#3395,.T.);
#12803 = ORIENTED_EDGE('',*,*,#12804,.T.);
#12804 = EDGE_CURVE('',#3388,#12805,#12807,.T.);
#12805 = VERTEX_POINT('',#12806);
#12806 = CARTESIAN_POINT('',(27.536890029907,-89.10998535156,3.));
#12807 = LINE('',#12808,#12809);
#12808 = CARTESIAN_POINT('',(27.450000762939,-88.44999694824,3.));
#12809 = VECTOR('',#12810,1.);
#12810 = DIRECTION('',(0.130526406761,-0.991444833129,0.));
#12811 = ORIENTED_EDGE('',*,*,#12812,.T.);
#12812 = EDGE_CURVE('',#12805,#12796,#12813,.T.);
#12813 = LINE('',#12814,#12815);
#12814 = CARTESIAN_POINT('',(27.536890029907,-89.10998535156,3.));
#12815 = VECTOR('',#12816,1.);
#12816 = DIRECTION('',(0.,0.,-1.));
#12817 = PLANE('',#12818);
#12818 = AXIS2_PLACEMENT_3D('',#12819,#12820,#12821);
#12819 = CARTESIAN_POINT('',(27.493445396423,-88.7799911499,1.5));
#12820 = DIRECTION('',(0.991444833129,0.130526406761,0.));
#12821 = DIRECTION('',(-0.130526406761,0.991444833129,0.));
#12822 = ADVANCED_FACE('',(#12823),#12848,.F.);
#12823 = FACE_BOUND('',#12824,.F.);
#12824 = EDGE_LOOP('',(#12825,#12833,#12834,#12842));
#12825 = ORIENTED_EDGE('',*,*,#12826,.T.);
#12826 = EDGE_CURVE('',#12827,#12796,#12829,.T.);
#12827 = VERTEX_POINT('',#12828);
#12828 = CARTESIAN_POINT('',(27.791635513306,-89.72499847412,0.));
#12829 = LINE('',#12830,#12831);
#12830 = CARTESIAN_POINT('',(27.791635513306,-89.72499847412,0.));
#12831 = VECTOR('',#12832,1.);
#12832 = DIRECTION('',(-0.382681774453,0.923880219239,0.));
#12833 = ORIENTED_EDGE('',*,*,#12812,.F.);
#12834 = ORIENTED_EDGE('',*,*,#12835,.T.);
#12835 = EDGE_CURVE('',#12805,#12836,#12838,.T.);
#12836 = VERTEX_POINT('',#12837);
#12837 = CARTESIAN_POINT('',(27.791635513306,-89.72499847412,3.));
#12838 = LINE('',#12839,#12840);
#12839 = CARTESIAN_POINT('',(27.536890029907,-89.10998535156,3.));
#12840 = VECTOR('',#12841,1.);
#12841 = DIRECTION('',(0.382681774453,-0.923880219239,0.));
#12842 = ORIENTED_EDGE('',*,*,#12843,.T.);
#12843 = EDGE_CURVE('',#12836,#12827,#12844,.T.);
#12844 = LINE('',#12845,#12846);
#12845 = CARTESIAN_POINT('',(27.791635513306,-89.72499847412,3.));
#12846 = VECTOR('',#12847,1.);
#12847 = DIRECTION('',(0.,0.,-1.));
#12848 = PLANE('',#12849);
#12849 = AXIS2_PLACEMENT_3D('',#12850,#12851,#12852);
#12850 = CARTESIAN_POINT('',(27.664262771606,-89.41749191284,1.5));
#12851 = DIRECTION('',(0.923880219239,0.382681774453,0.));
#12852 = DIRECTION('',(-0.382681774453,0.923880219239,0.));
#12853 = ADVANCED_FACE('',(#12854),#12875,.F.);
#12854 = FACE_BOUND('',#12855,.F.);
#12855 = EDGE_LOOP('',(#12856,#12862,#12863,#12869));
#12856 = ORIENTED_EDGE('',*,*,#12857,.T.);
#12857 = EDGE_CURVE('',#5940,#12827,#12858,.T.);
#12858 = LINE('',#12859,#12860);
#12859 = CARTESIAN_POINT('',(28.196878433228,-90.25312042236,0.));
#12860 = VECTOR('',#12861,1.);
#12861 = DIRECTION('',(-0.608762087169,0.793352835267,0.));
#12862 = ORIENTED_EDGE('',*,*,#12843,.F.);
#12863 = ORIENTED_EDGE('',*,*,#12864,.T.);
#12864 = EDGE_CURVE('',#12836,#10197,#12865,.T.);
#12865 = LINE('',#12866,#12867);
#12866 = CARTESIAN_POINT('',(27.791635513306,-89.72499847412,3.));
#12867 = VECTOR('',#12868,1.);
#12868 = DIRECTION('',(0.608762087169,-0.793352835267,0.));
#12869 = ORIENTED_EDGE('',*,*,#12870,.T.);
#12870 = EDGE_CURVE('',#10197,#5940,#12871,.T.);
#12871 = LINE('',#12872,#12873);
#12872 = CARTESIAN_POINT('',(28.196878433228,-90.25312042236,3.));
#12873 = VECTOR('',#12874,1.);
#12874 = DIRECTION('',(0.,0.,-1.));
#12875 = PLANE('',#12876);
#12876 = AXIS2_PLACEMENT_3D('',#12877,#12878,#12879);
#12877 = CARTESIAN_POINT('',(27.994256973267,-89.98905944824,1.5));
#12878 = DIRECTION('',(0.793352835267,0.608762087169,0.));
#12879 = DIRECTION('',(-0.608762087169,0.793352835267,0.));
#12880 = ADVANCED_FACE('',(#12881),#12906,.F.);
#12881 = FACE_BOUND('',#12882,.F.);
#12882 = EDGE_LOOP('',(#12883,#12891,#12892,#12900));
#12883 = ORIENTED_EDGE('',*,*,#12884,.T.);
#12884 = EDGE_CURVE('',#12885,#5940,#12887,.T.);
#12885 = VERTEX_POINT('',#12886);
#12886 = CARTESIAN_POINT('',(28.72500038147,-90.65836334228,0.));
#12887 = LINE('',#12888,#12889);
#12888 = CARTESIAN_POINT('',(28.72500038147,-90.65836334228,0.));
#12889 = VECTOR('',#12890,1.);
#12890 = DIRECTION('',(-0.793352835267,0.608762087169,0.));
#12891 = ORIENTED_EDGE('',*,*,#12870,.F.);
#12892 = ORIENTED_EDGE('',*,*,#12893,.T.);
#12893 = EDGE_CURVE('',#10197,#12894,#12896,.T.);
#12894 = VERTEX_POINT('',#12895);
#12895 = CARTESIAN_POINT('',(28.72500038147,-90.65836334228,3.));
#12896 = LINE('',#12897,#12898);
#12897 = CARTESIAN_POINT('',(28.196878433228,-90.25312042236,3.));
#12898 = VECTOR('',#12899,1.);
#12899 = DIRECTION('',(0.793352835267,-0.608762087169,0.));
#12900 = ORIENTED_EDGE('',*,*,#12901,.F.);
#12901 = EDGE_CURVE('',#12885,#12894,#12902,.T.);
#12902 = LINE('',#12903,#12904);
#12903 = CARTESIAN_POINT('',(28.72500038147,-90.65836334228,0.));
#12904 = VECTOR('',#12905,1.);
#12905 = DIRECTION('',(0.,0.,1.));
#12906 = PLANE('',#12907);
#12907 = AXIS2_PLACEMENT_3D('',#12908,#12909,#12910);
#12908 = CARTESIAN_POINT('',(28.460939407349,-90.45574188232,1.5));
#12909 = DIRECTION('',(0.608762087169,0.793352835267,0.));
#12910 = DIRECTION('',(0.793352835267,-0.608762087169,0.));
#12911 = ADVANCED_FACE('',(#12912),#12937,.F.);
#12912 = FACE_BOUND('',#12913,.F.);
#12913 = EDGE_LOOP('',(#12914,#12915,#12923,#12931));
#12914 = ORIENTED_EDGE('',*,*,#12901,.T.);
#12915 = ORIENTED_EDGE('',*,*,#12916,.T.);
#12916 = EDGE_CURVE('',#12894,#12917,#12919,.T.);
#12917 = VERTEX_POINT('',#12918);
#12918 = CARTESIAN_POINT('',(29.34001159668,-90.91310882568,3.));
#12919 = LINE('',#12920,#12921);
#12920 = CARTESIAN_POINT('',(28.72500038147,-90.65836334228,3.));
#12921 = VECTOR('',#12922,1.);
#12922 = DIRECTION('',(0.923879799636,-0.382682787468,0.));
#12923 = ORIENTED_EDGE('',*,*,#12924,.T.);
#12924 = EDGE_CURVE('',#12917,#12925,#12927,.T.);
#12925 = VERTEX_POINT('',#12926);
#12926 = CARTESIAN_POINT('',(29.34001159668,-90.91310882568,0.));
#12927 = LINE('',#12928,#12929);
#12928 = CARTESIAN_POINT('',(29.34001159668,-90.91310882568,3.));
#12929 = VECTOR('',#12930,1.);
#12930 = DIRECTION('',(0.,0.,-1.));
#12931 = ORIENTED_EDGE('',*,*,#12932,.T.);
#12932 = EDGE_CURVE('',#12925,#12885,#12933,.T.);
#12933 = LINE('',#12934,#12935);
#12934 = CARTESIAN_POINT('',(29.34001159668,-90.91310882568,0.));
#12935 = VECTOR('',#12936,1.);
#12936 = DIRECTION('',(-0.923879799636,0.382682787468,0.));
#12937 = PLANE('',#12938);
#12938 = AXIS2_PLACEMENT_3D('',#12939,#12940,#12941);
#12939 = CARTESIAN_POINT('',(29.032505989075,-90.78573608398,1.5));
#12940 = DIRECTION('',(0.382682787468,0.923879799636,0.));
#12941 = DIRECTION('',(0.923879799636,-0.382682787468,0.));
#12942 = ADVANCED_FACE('',(#12943),#12964,.F.);
#12943 = FACE_BOUND('',#12944,.F.);
#12944 = EDGE_LOOP('',(#12945,#12951,#12952,#12958));
#12945 = ORIENTED_EDGE('',*,*,#12946,.T.);
#12946 = EDGE_CURVE('',#5972,#12925,#12947,.T.);
#12947 = LINE('',#12948,#12949);
#12948 = CARTESIAN_POINT('',(30.,-91.,0.));
#12949 = VECTOR('',#12950,1.);
#12950 = DIRECTION('',(-0.991444462334,0.130529223193,0.));
#12951 = ORIENTED_EDGE('',*,*,#12924,.F.);
#12952 = ORIENTED_EDGE('',*,*,#12953,.T.);
#12953 = EDGE_CURVE('',#12917,#10165,#12954,.T.);
#12954 = LINE('',#12955,#12956);
#12955 = CARTESIAN_POINT('',(29.34001159668,-90.91310882568,3.));
#12956 = VECTOR('',#12957,1.);
#12957 = DIRECTION('',(0.991444462334,-0.130529223193,0.));
#12958 = ORIENTED_EDGE('',*,*,#12959,.T.);
#12959 = EDGE_CURVE('',#10165,#5972,#12960,.T.);
#12960 = LINE('',#12961,#12962);
#12961 = CARTESIAN_POINT('',(30.,-91.,3.));
#12962 = VECTOR('',#12963,1.);
#12963 = DIRECTION('',(0.,0.,-1.));
#12964 = PLANE('',#12965);
#12965 = AXIS2_PLACEMENT_3D('',#12966,#12967,#12968);
#12966 = CARTESIAN_POINT('',(29.67000579834,-90.95655441284,1.5));
#12967 = DIRECTION('',(0.130529223193,0.991444462334,0.));
#12968 = DIRECTION('',(0.991444462334,-0.130529223193,0.));
#12969 = ADVANCED_FACE('',(#12970),#12995,.F.);
#12970 = FACE_BOUND('',#12971,.F.);
#12971 = EDGE_LOOP('',(#12972,#12980,#12981,#12989));
#12972 = ORIENTED_EDGE('',*,*,#12973,.T.);
#12973 = EDGE_CURVE('',#12974,#5972,#12976,.T.);
#12974 = VERTEX_POINT('',#12975);
#12975 = CARTESIAN_POINT('',(30.65998840332,-90.91310882568,0.));
#12976 = LINE('',#12977,#12978);
#12977 = CARTESIAN_POINT('',(30.65998840332,-90.91310882568,0.));
#12978 = VECTOR('',#12979,1.);
#12979 = DIRECTION('',(-0.991444462334,-0.130529223193,0.));
#12980 = ORIENTED_EDGE('',*,*,#12959,.F.);
#12981 = ORIENTED_EDGE('',*,*,#12982,.T.);
#12982 = EDGE_CURVE('',#10165,#12983,#12985,.T.);
#12983 = VERTEX_POINT('',#12984);
#12984 = CARTESIAN_POINT('',(30.65998840332,-90.91310882568,3.));
#12985 = LINE('',#12986,#12987);
#12986 = CARTESIAN_POINT('',(30.,-91.,3.));
#12987 = VECTOR('',#12988,1.);
#12988 = DIRECTION('',(0.991444462334,0.130529223193,0.));
#12989 = ORIENTED_EDGE('',*,*,#12990,.T.);
#12990 = EDGE_CURVE('',#12983,#12974,#12991,.T.);
#12991 = LINE('',#12992,#12993);
#12992 = CARTESIAN_POINT('',(30.65998840332,-90.91310882568,3.));
#12993 = VECTOR('',#12994,1.);
#12994 = DIRECTION('',(0.,0.,-1.));
#12995 = PLANE('',#12996);
#12996 = AXIS2_PLACEMENT_3D('',#12997,#12998,#12999);
#12997 = CARTESIAN_POINT('',(30.32999420166,-90.95655441284,1.5));
#12998 = DIRECTION('',(-0.130529223193,0.991444462334,0.));
#12999 = DIRECTION('',(0.991444462334,0.130529223193,0.));
#13000 = ADVANCED_FACE('',(#13001),#13026,.F.);
#13001 = FACE_BOUND('',#13002,.F.);
#13002 = EDGE_LOOP('',(#13003,#13011,#13012,#13020));
#13003 = ORIENTED_EDGE('',*,*,#13004,.T.);
#13004 = EDGE_CURVE('',#13005,#12974,#13007,.T.);
#13005 = VERTEX_POINT('',#13006);
#13006 = CARTESIAN_POINT('',(31.27499961853,-90.65836334228,0.));
#13007 = LINE('',#13008,#13009);
#13008 = CARTESIAN_POINT('',(31.27499961853,-90.65836334228,0.));
#13009 = VECTOR('',#13010,1.);
#13010 = DIRECTION('',(-0.923879799636,-0.382682787468,0.));
#13011 = ORIENTED_EDGE('',*,*,#12990,.F.);
#13012 = ORIENTED_EDGE('',*,*,#13013,.T.);
#13013 = EDGE_CURVE('',#12983,#13014,#13016,.T.);
#13014 = VERTEX_POINT('',#13015);
#13015 = CARTESIAN_POINT('',(31.27499961853,-90.65836334228,3.));
#13016 = LINE('',#13017,#13018);
#13017 = CARTESIAN_POINT('',(30.65998840332,-90.91310882568,3.));
#13018 = VECTOR('',#13019,1.);
#13019 = DIRECTION('',(0.923879799636,0.382682787468,0.));
#13020 = ORIENTED_EDGE('',*,*,#13021,.T.);
#13021 = EDGE_CURVE('',#13014,#13005,#13022,.T.);
#13022 = LINE('',#13023,#13024);
#13023 = CARTESIAN_POINT('',(31.27499961853,-90.65836334228,3.));
#13024 = VECTOR('',#13025,1.);
#13025 = DIRECTION('',(0.,0.,-1.));
#13026 = PLANE('',#13027);
#13027 = AXIS2_PLACEMENT_3D('',#13028,#13029,#13030);
#13028 = CARTESIAN_POINT('',(30.967494010925,-90.78573608398,1.5));
#13029 = DIRECTION('',(-0.382682787468,0.923879799636,0.));
#13030 = DIRECTION('',(0.923879799636,0.382682787468,0.));
#13031 = ADVANCED_FACE('',(#13032),#13053,.F.);
#13032 = FACE_BOUND('',#13033,.F.);
#13033 = EDGE_LOOP('',(#13034,#13040,#13041,#13047));
#13034 = ORIENTED_EDGE('',*,*,#13035,.T.);
#13035 = EDGE_CURVE('',#6004,#13005,#13036,.T.);
#13036 = LINE('',#13037,#13038);
#13037 = CARTESIAN_POINT('',(31.803121566772,-90.25312042236,0.));
#13038 = VECTOR('',#13039,1.);
#13039 = DIRECTION('',(-0.793352835267,-0.608762087169,0.));
#13040 = ORIENTED_EDGE('',*,*,#13021,.F.);
#13041 = ORIENTED_EDGE('',*,*,#13042,.T.);
#13042 = EDGE_CURVE('',#13014,#10133,#13043,.T.);
#13043 = LINE('',#13044,#13045);
#13044 = CARTESIAN_POINT('',(31.27499961853,-90.65836334228,3.));
#13045 = VECTOR('',#13046,1.);
#13046 = DIRECTION('',(0.793352835267,0.608762087169,0.));
#13047 = ORIENTED_EDGE('',*,*,#13048,.T.);
#13048 = EDGE_CURVE('',#10133,#6004,#13049,.T.);
#13049 = LINE('',#13050,#13051);
#13050 = CARTESIAN_POINT('',(31.803121566772,-90.25312042236,3.));
#13051 = VECTOR('',#13052,1.);
#13052 = DIRECTION('',(0.,0.,-1.));
#13053 = PLANE('',#13054);
#13054 = AXIS2_PLACEMENT_3D('',#13055,#13056,#13057);
#13055 = CARTESIAN_POINT('',(31.539060592651,-90.45574188232,1.5));
#13056 = DIRECTION('',(-0.608762087169,0.793352835267,0.));
#13057 = DIRECTION('',(0.793352835267,0.608762087169,0.));
#13058 = ADVANCED_FACE('',(#13059),#13084,.F.);
#13059 = FACE_BOUND('',#13060,.F.);
#13060 = EDGE_LOOP('',(#13061,#13069,#13070,#13078));
#13061 = ORIENTED_EDGE('',*,*,#13062,.T.);
#13062 = EDGE_CURVE('',#13063,#6004,#13065,.T.);
#13063 = VERTEX_POINT('',#13064);
#13064 = CARTESIAN_POINT('',(32.208366394043,-89.72499847412,0.));
#13065 = LINE('',#13066,#13067);
#13066 = CARTESIAN_POINT('',(32.208366394043,-89.72499847412,0.));
#13067 = VECTOR('',#13068,1.);
#13068 = DIRECTION('',(-0.608763890577,-0.793351451458,0.));
#13069 = ORIENTED_EDGE('',*,*,#13048,.F.);
#13070 = ORIENTED_EDGE('',*,*,#13071,.T.);
#13071 = EDGE_CURVE('',#10133,#13072,#13074,.T.);
#13072 = VERTEX_POINT('',#13073);
#13073 = CARTESIAN_POINT('',(32.208366394043,-89.72499847412,3.));
#13074 = LINE('',#13075,#13076);
#13075 = CARTESIAN_POINT('',(31.803121566772,-90.25312042236,3.));
#13076 = VECTOR('',#13077,1.);
#13077 = DIRECTION('',(0.608763890577,0.793351451458,0.));
#13078 = ORIENTED_EDGE('',*,*,#13079,.T.);
#13079 = EDGE_CURVE('',#13072,#13063,#13080,.T.);
#13080 = LINE('',#13081,#13082);
#13081 = CARTESIAN_POINT('',(32.208366394043,-89.72499847412,3.));
#13082 = VECTOR('',#13083,1.);
#13083 = DIRECTION('',(0.,0.,-1.));
#13084 = PLANE('',#13085);
#13085 = AXIS2_PLACEMENT_3D('',#13086,#13087,#13088);
#13086 = CARTESIAN_POINT('',(32.005743980408,-89.98905944824,1.5));
#13087 = DIRECTION('',(-0.793351451458,0.608763890577,0.));
#13088 = DIRECTION('',(-0.608763890577,-0.793351451458,0.));
#13089 = ADVANCED_FACE('',(#13090),#13115,.F.);
#13090 = FACE_BOUND('',#13091,.F.);
#13091 = EDGE_LOOP('',(#13092,#13100,#13101,#13109));
#13092 = ORIENTED_EDGE('',*,*,#13093,.T.);
#13093 = EDGE_CURVE('',#13094,#13063,#13096,.T.);
#13094 = VERTEX_POINT('',#13095);
#13095 = CARTESIAN_POINT('',(32.463111877441,-89.10998535156,0.));
#13096 = LINE('',#13097,#13098);
#13097 = CARTESIAN_POINT('',(32.463111877441,-89.10998535156,0.));
#13098 = VECTOR('',#13099,1.);
#13099 = DIRECTION('',(-0.382681774453,-0.923880219239,0.));
#13100 = ORIENTED_EDGE('',*,*,#13079,.F.);
#13101 = ORIENTED_EDGE('',*,*,#13102,.T.);
#13102 = EDGE_CURVE('',#13072,#13103,#13105,.T.);
#13103 = VERTEX_POINT('',#13104);
#13104 = CARTESIAN_POINT('',(32.463111877441,-89.10998535156,3.));
#13105 = LINE('',#13106,#13107);
#13106 = CARTESIAN_POINT('',(32.208366394043,-89.72499847412,3.));
#13107 = VECTOR('',#13108,1.);
#13108 = DIRECTION('',(0.382681774453,0.923880219239,0.));
#13109 = ORIENTED_EDGE('',*,*,#13110,.T.);
#13110 = EDGE_CURVE('',#13103,#13094,#13111,.T.);
#13111 = LINE('',#13112,#13113);
#13112 = CARTESIAN_POINT('',(32.463111877441,-89.10998535156,3.));
#13113 = VECTOR('',#13114,1.);
#13114 = DIRECTION('',(0.,0.,-1.));
#13115 = PLANE('',#13116);
#13116 = AXIS2_PLACEMENT_3D('',#13117,#13118,#13119);
#13117 = CARTESIAN_POINT('',(32.335739135742,-89.41749191284,1.5));
#13118 = DIRECTION('',(-0.923880219239,0.382681774453,0.));
#13119 = DIRECTION('',(-0.382681774453,-0.923880219239,0.));
#13120 = ADVANCED_FACE('',(#13121),#13142,.F.);
#13121 = FACE_BOUND('',#13122,.F.);
#13122 = EDGE_LOOP('',(#13123,#13129,#13130,#13136));
#13123 = ORIENTED_EDGE('',*,*,#13124,.T.);
#13124 = EDGE_CURVE('',#6036,#13094,#13125,.T.);
#13125 = LINE('',#13126,#13127);
#13126 = CARTESIAN_POINT('',(32.549999237061,-88.44999694824,0.));
#13127 = VECTOR('',#13128,1.);
#13128 = DIRECTION('',(-0.130523590327,-0.991445203916,0.));
#13129 = ORIENTED_EDGE('',*,*,#13110,.F.);
#13130 = ORIENTED_EDGE('',*,*,#13131,.T.);
#13131 = EDGE_CURVE('',#13103,#10101,#13132,.T.);
#13132 = LINE('',#13133,#13134);
#13133 = CARTESIAN_POINT('',(32.463111877441,-89.10998535156,3.));
#13134 = VECTOR('',#13135,1.);
#13135 = DIRECTION('',(0.130523590327,0.991445203916,0.));
#13136 = ORIENTED_EDGE('',*,*,#13137,.T.);
#13137 = EDGE_CURVE('',#10101,#6036,#13138,.T.);
#13138 = LINE('',#13139,#13140);
#13139 = CARTESIAN_POINT('',(32.549999237061,-88.44999694824,3.));
#13140 = VECTOR('',#13141,1.);
#13141 = DIRECTION('',(0.,0.,-1.));
#13142 = PLANE('',#13143);
#13143 = AXIS2_PLACEMENT_3D('',#13144,#13145,#13146);
#13144 = CARTESIAN_POINT('',(32.506555557251,-88.7799911499,1.5));
#13145 = DIRECTION('',(-0.991445203916,0.130523590327,0.));
#13146 = DIRECTION('',(-0.130523590327,-0.991445203916,0.));
#13147 = ADVANCED_FACE('',(#13148),#13154,.F.);
#13148 = FACE_BOUND('',#13149,.F.);
#13149 = EDGE_LOOP('',(#13150,#13151,#13152,#13153));
#13150 = ORIENTED_EDGE('',*,*,#10100,.F.);
#13151 = ORIENTED_EDGE('',*,*,#3015,.F.);
#13152 = ORIENTED_EDGE('',*,*,#6043,.F.);
#13153 = ORIENTED_EDGE('',*,*,#13137,.F.);
#13154 = PLANE('',#13155);
#13155 = AXIS2_PLACEMENT_3D('',#13156,#13157,#13158);
#13156 = CARTESIAN_POINT('',(32.549999237061,-77.69999694824,1.5));
#13157 = DIRECTION('',(-1.,-0.,-0.));
#13158 = DIRECTION('',(0.,0.,-1.));
#13159 = ADVANCED_FACE('',(#13160),#13176,.F.);
#13160 = FACE_BOUND('',#13161,.F.);
#13161 = EDGE_LOOP('',(#13162,#13163,#13169,#13170));
#13162 = ORIENTED_EDGE('',*,*,#9974,.T.);
#13163 = ORIENTED_EDGE('',*,*,#13164,.F.);
#13164 = EDGE_CURVE('',#6336,#9967,#13165,.T.);
#13165 = LINE('',#13166,#13167);
#13166 = CARTESIAN_POINT('',(37.450000762939,-88.44999694824,0.));
#13167 = VECTOR('',#13168,1.);
#13168 = DIRECTION('',(0.,0.,1.));
#13169 = ORIENTED_EDGE('',*,*,#6335,.T.);
#13170 = ORIENTED_EDGE('',*,*,#13171,.T.);
#13171 = EDGE_CURVE('',#6328,#9975,#13172,.T.);
#13172 = LINE('',#13173,#13174);
#13173 = CARTESIAN_POINT('',(37.450000762939,-66.94999694824,0.));
#13174 = VECTOR('',#13175,1.);
#13175 = DIRECTION('',(0.,0.,1.));
#13176 = PLANE('',#13177);
#13177 = AXIS2_PLACEMENT_3D('',#13178,#13179,#13180);
#13178 = CARTESIAN_POINT('',(37.450000762939,-77.69999694824,1.5));
#13179 = DIRECTION('',(1.,0.,0.));
#13180 = DIRECTION('',(0.,0.,1.));
#13181 = ADVANCED_FACE('',(#13182),#13207,.F.);
#13182 = FACE_BOUND('',#13183,.F.);
#13183 = EDGE_LOOP('',(#13184,#13192,#13193,#13201));
#13184 = ORIENTED_EDGE('',*,*,#13185,.T.);
#13185 = EDGE_CURVE('',#13186,#6336,#13188,.T.);
#13186 = VERTEX_POINT('',#13187);
#13187 = CARTESIAN_POINT('',(37.536888122559,-89.10998535156,0.));
#13188 = LINE('',#13189,#13190);
#13189 = CARTESIAN_POINT('',(37.536888122559,-89.10998535156,0.));
#13190 = VECTOR('',#13191,1.);
#13191 = DIRECTION('',(-0.130523590327,0.991445203916,0.));
#13192 = ORIENTED_EDGE('',*,*,#13164,.T.);
#13193 = ORIENTED_EDGE('',*,*,#13194,.T.);
#13194 = EDGE_CURVE('',#9967,#13195,#13197,.T.);
#13195 = VERTEX_POINT('',#13196);
#13196 = CARTESIAN_POINT('',(37.536888122559,-89.10998535156,3.));
#13197 = LINE('',#13198,#13199);
#13198 = CARTESIAN_POINT('',(37.450000762939,-88.44999694824,3.));
#13199 = VECTOR('',#13200,1.);
#13200 = DIRECTION('',(0.130523590327,-0.991445203916,0.));
#13201 = ORIENTED_EDGE('',*,*,#13202,.T.);
#13202 = EDGE_CURVE('',#13195,#13186,#13203,.T.);
#13203 = LINE('',#13204,#13205);
#13204 = CARTESIAN_POINT('',(37.536888122559,-89.10998535156,3.));
#13205 = VECTOR('',#13206,1.);
#13206 = DIRECTION('',(0.,0.,-1.));
#13207 = PLANE('',#13208);
#13208 = AXIS2_PLACEMENT_3D('',#13209,#13210,#13211);
#13209 = CARTESIAN_POINT('',(37.493444442749,-88.7799911499,1.5));
#13210 = DIRECTION('',(0.991445203916,0.130523590327,0.));
#13211 = DIRECTION('',(-0.130523590327,0.991445203916,0.));
#13212 = ADVANCED_FACE('',(#13213),#13238,.F.);
#13213 = FACE_BOUND('',#13214,.F.);
#13214 = EDGE_LOOP('',(#13215,#13223,#13224,#13232));
#13215 = ORIENTED_EDGE('',*,*,#13216,.T.);
#13216 = EDGE_CURVE('',#13217,#13186,#13219,.T.);
#13217 = VERTEX_POINT('',#13218);
#13218 = CARTESIAN_POINT('',(37.791633605957,-89.72499847412,0.));
#13219 = LINE('',#13220,#13221);
#13220 = CARTESIAN_POINT('',(37.791633605957,-89.72499847412,0.));
#13221 = VECTOR('',#13222,1.);
#13222 = DIRECTION('',(-0.382681774453,0.923880219239,0.));
#13223 = ORIENTED_EDGE('',*,*,#13202,.F.);
#13224 = ORIENTED_EDGE('',*,*,#13225,.T.);
#13225 = EDGE_CURVE('',#13195,#13226,#13228,.T.);
#13226 = VERTEX_POINT('',#13227);
#13227 = CARTESIAN_POINT('',(37.791633605957,-89.72499847412,3.));
#13228 = LINE('',#13229,#13230);
#13229 = CARTESIAN_POINT('',(37.536888122559,-89.10998535156,3.));
#13230 = VECTOR('',#13231,1.);
#13231 = DIRECTION('',(0.382681774453,-0.923880219239,0.));
#13232 = ORIENTED_EDGE('',*,*,#13233,.T.);
#13233 = EDGE_CURVE('',#13226,#13217,#13234,.T.);
#13234 = LINE('',#13235,#13236);
#13235 = CARTESIAN_POINT('',(37.791633605957,-89.72499847412,3.));
#13236 = VECTOR('',#13237,1.);
#13237 = DIRECTION('',(0.,0.,-1.));
#13238 = PLANE('',#13239);
#13239 = AXIS2_PLACEMENT_3D('',#13240,#13241,#13242);
#13240 = CARTESIAN_POINT('',(37.664260864258,-89.41749191284,1.5));
#13241 = DIRECTION('',(0.923880219239,0.382681774453,0.));
#13242 = DIRECTION('',(-0.382681774453,0.923880219239,0.));
#13243 = ADVANCED_FACE('',(#13244),#13265,.F.);
#13244 = FACE_BOUND('',#13245,.F.);
#13245 = EDGE_LOOP('',(#13246,#13252,#13253,#13259));
#13246 = ORIENTED_EDGE('',*,*,#13247,.T.);
#13247 = EDGE_CURVE('',#6368,#13217,#13248,.T.);
#13248 = LINE('',#13249,#13250);
#13249 = CARTESIAN_POINT('',(38.196876525879,-90.25312042236,0.));
#13250 = VECTOR('',#13251,1.);
#13251 = DIRECTION('',(-0.608762087169,0.793352835267,0.));
#13252 = ORIENTED_EDGE('',*,*,#13233,.F.);
#13253 = ORIENTED_EDGE('',*,*,#13254,.T.);
#13254 = EDGE_CURVE('',#13226,#9935,#13255,.T.);
#13255 = LINE('',#13256,#13257);
#13256 = CARTESIAN_POINT('',(37.791633605957,-89.72499847412,3.));
#13257 = VECTOR('',#13258,1.);
#13258 = DIRECTION('',(0.608762087169,-0.793352835267,0.));
#13259 = ORIENTED_EDGE('',*,*,#13260,.T.);
#13260 = EDGE_CURVE('',#9935,#6368,#13261,.T.);
#13261 = LINE('',#13262,#13263);
#13262 = CARTESIAN_POINT('',(38.196876525879,-90.25312042236,3.));
#13263 = VECTOR('',#13264,1.);
#13264 = DIRECTION('',(0.,0.,-1.));
#13265 = PLANE('',#13266);
#13266 = AXIS2_PLACEMENT_3D('',#13267,#13268,#13269);
#13267 = CARTESIAN_POINT('',(37.994255065918,-89.98905944824,1.5));
#13268 = DIRECTION('',(0.793352835267,0.608762087169,0.));
#13269 = DIRECTION('',(-0.608762087169,0.793352835267,0.));
#13270 = ADVANCED_FACE('',(#13271),#13296,.F.);
#13271 = FACE_BOUND('',#13272,.F.);
#13272 = EDGE_LOOP('',(#13273,#13281,#13282,#13290));
#13273 = ORIENTED_EDGE('',*,*,#13274,.T.);
#13274 = EDGE_CURVE('',#13275,#6368,#13277,.T.);
#13275 = VERTEX_POINT('',#13276);
#13276 = CARTESIAN_POINT('',(38.724998474121,-90.65836334228,0.));
#13277 = LINE('',#13278,#13279);
#13278 = CARTESIAN_POINT('',(38.724998474121,-90.65836334228,0.));
#13279 = VECTOR('',#13280,1.);
#13280 = DIRECTION('',(-0.793352835267,0.608762087169,0.));
#13281 = ORIENTED_EDGE('',*,*,#13260,.F.);
#13282 = ORIENTED_EDGE('',*,*,#13283,.T.);
#13283 = EDGE_CURVE('',#9935,#13284,#13286,.T.);
#13284 = VERTEX_POINT('',#13285);
#13285 = CARTESIAN_POINT('',(38.724998474121,-90.65836334228,3.));
#13286 = LINE('',#13287,#13288);
#13287 = CARTESIAN_POINT('',(38.196876525879,-90.25312042236,3.));
#13288 = VECTOR('',#13289,1.);
#13289 = DIRECTION('',(0.793352835267,-0.608762087169,0.));
#13290 = ORIENTED_EDGE('',*,*,#13291,.T.);
#13291 = EDGE_CURVE('',#13284,#13275,#13292,.T.);
#13292 = LINE('',#13293,#13294);
#13293 = CARTESIAN_POINT('',(38.724998474121,-90.65836334228,3.));
#13294 = VECTOR('',#13295,1.);
#13295 = DIRECTION('',(0.,0.,-1.));
#13296 = PLANE('',#13297);
#13297 = AXIS2_PLACEMENT_3D('',#13298,#13299,#13300);
#13298 = CARTESIAN_POINT('',(38.4609375,-90.45574188232,1.5));
#13299 = DIRECTION('',(0.608762087169,0.793352835267,0.));
#13300 = DIRECTION('',(0.793352835267,-0.608762087169,0.));
#13301 = ADVANCED_FACE('',(#13302),#13327,.F.);
#13302 = FACE_BOUND('',#13303,.F.);
#13303 = EDGE_LOOP('',(#13304,#13312,#13313,#13321));
#13304 = ORIENTED_EDGE('',*,*,#13305,.T.);
#13305 = EDGE_CURVE('',#13306,#13275,#13308,.T.);
#13306 = VERTEX_POINT('',#13307);
#13307 = CARTESIAN_POINT('',(39.34001159668,-90.91310882568,0.));
#13308 = LINE('',#13309,#13310);
#13309 = CARTESIAN_POINT('',(39.34001159668,-90.91310882568,0.));
#13310 = VECTOR('',#13311,1.);
#13311 = DIRECTION('',(-0.923880219239,0.382681774453,0.));
#13312 = ORIENTED_EDGE('',*,*,#13291,.F.);
#13313 = ORIENTED_EDGE('',*,*,#13314,.T.);
#13314 = EDGE_CURVE('',#13284,#13315,#13317,.T.);
#13315 = VERTEX_POINT('',#13316);
#13316 = CARTESIAN_POINT('',(39.34001159668,-90.91310882568,3.));
#13317 = LINE('',#13318,#13319);
#13318 = CARTESIAN_POINT('',(38.724998474121,-90.65836334228,3.));
#13319 = VECTOR('',#13320,1.);
#13320 = DIRECTION('',(0.923880219239,-0.382681774453,0.));
#13321 = ORIENTED_EDGE('',*,*,#13322,.T.);
#13322 = EDGE_CURVE('',#13315,#13306,#13323,.T.);
#13323 = LINE('',#13324,#13325);
#13324 = CARTESIAN_POINT('',(39.34001159668,-90.91310882568,3.));
#13325 = VECTOR('',#13326,1.);
#13326 = DIRECTION('',(0.,0.,-1.));
#13327 = PLANE('',#13328);
#13328 = AXIS2_PLACEMENT_3D('',#13329,#13330,#13331);
#13329 = CARTESIAN_POINT('',(39.0325050354,-90.78573608398,1.5));
#13330 = DIRECTION('',(0.382681774453,0.923880219239,0.));
#13331 = DIRECTION('',(0.923880219239,-0.382681774453,0.));
#13332 = ADVANCED_FACE('',(#13333),#13354,.F.);
#13333 = FACE_BOUND('',#13334,.F.);
#13334 = EDGE_LOOP('',(#13335,#13341,#13342,#13348));
#13335 = ORIENTED_EDGE('',*,*,#13336,.T.);
#13336 = EDGE_CURVE('',#6126,#13306,#13337,.T.);
#13337 = LINE('',#13338,#13339);
#13338 = CARTESIAN_POINT('',(40.,-91.,0.));
#13339 = VECTOR('',#13340,1.);
#13340 = DIRECTION('',(-0.991444462334,0.130529223193,0.));
#13341 = ORIENTED_EDGE('',*,*,#13322,.F.);
#13342 = ORIENTED_EDGE('',*,*,#13343,.T.);
#13343 = EDGE_CURVE('',#13315,#9903,#13344,.T.);
#13344 = LINE('',#13345,#13346);
#13345 = CARTESIAN_POINT('',(39.34001159668,-90.91310882568,3.));
#13346 = VECTOR('',#13347,1.);
#13347 = DIRECTION('',(0.991444462334,-0.130529223193,0.));
#13348 = ORIENTED_EDGE('',*,*,#13349,.T.);
#13349 = EDGE_CURVE('',#9903,#6126,#13350,.T.);
#13350 = LINE('',#13351,#13352);
#13351 = CARTESIAN_POINT('',(40.,-91.,3.));
#13352 = VECTOR('',#13353,1.);
#13353 = DIRECTION('',(0.,0.,-1.));
#13354 = PLANE('',#13355);
#13355 = AXIS2_PLACEMENT_3D('',#13356,#13357,#13358);
#13356 = CARTESIAN_POINT('',(39.67000579834,-90.95655441284,1.5));
#13357 = DIRECTION('',(0.130529223193,0.991444462334,0.));
#13358 = DIRECTION('',(0.991444462334,-0.130529223193,0.));
#13359 = ADVANCED_FACE('',(#13360),#13385,.F.);
#13360 = FACE_BOUND('',#13361,.F.);
#13361 = EDGE_LOOP('',(#13362,#13370,#13371,#13379));
#13362 = ORIENTED_EDGE('',*,*,#13363,.T.);
#13363 = EDGE_CURVE('',#13364,#6126,#13366,.T.);
#13364 = VERTEX_POINT('',#13365);
#13365 = CARTESIAN_POINT('',(40.65998840332,-90.91310882568,0.));
#13366 = LINE('',#13367,#13368);
#13367 = CARTESIAN_POINT('',(40.65998840332,-90.91310882568,0.));
#13368 = VECTOR('',#13369,1.);
#13369 = DIRECTION('',(-0.991444462334,-0.130529223193,0.));
#13370 = ORIENTED_EDGE('',*,*,#13349,.F.);
#13371 = ORIENTED_EDGE('',*,*,#13372,.T.);
#13372 = EDGE_CURVE('',#9903,#13373,#13375,.T.);
#13373 = VERTEX_POINT('',#13374);
#13374 = CARTESIAN_POINT('',(40.65998840332,-90.91310882568,3.));
#13375 = LINE('',#13376,#13377);
#13376 = CARTESIAN_POINT('',(40.,-91.,3.));
#13377 = VECTOR('',#13378,1.);
#13378 = DIRECTION('',(0.991444462334,0.130529223193,0.));
#13379 = ORIENTED_EDGE('',*,*,#13380,.T.);
#13380 = EDGE_CURVE('',#13373,#13364,#13381,.T.);
#13381 = LINE('',#13382,#13383);
#13382 = CARTESIAN_POINT('',(40.65998840332,-90.91310882568,3.));
#13383 = VECTOR('',#13384,1.);
#13384 = DIRECTION('',(0.,0.,-1.));
#13385 = PLANE('',#13386);
#13386 = AXIS2_PLACEMENT_3D('',#13387,#13388,#13389);
#13387 = CARTESIAN_POINT('',(40.32999420166,-90.95655441284,1.5));
#13388 = DIRECTION('',(-0.130529223193,0.991444462334,0.));
#13389 = DIRECTION('',(0.991444462334,0.130529223193,0.));
#13390 = ADVANCED_FACE('',(#13391),#13416,.F.);
#13391 = FACE_BOUND('',#13392,.F.);
#13392 = EDGE_LOOP('',(#13393,#13401,#13402,#13410));
#13393 = ORIENTED_EDGE('',*,*,#13394,.T.);
#13394 = EDGE_CURVE('',#13395,#13364,#13397,.T.);
#13395 = VERTEX_POINT('',#13396);
#13396 = CARTESIAN_POINT('',(41.275001525879,-90.65836334228,0.));
#13397 = LINE('',#13398,#13399);
#13398 = CARTESIAN_POINT('',(41.275001525879,-90.65836334228,0.));
#13399 = VECTOR('',#13400,1.);
#13400 = DIRECTION('',(-0.923880219239,-0.382681774453,0.));
#13401 = ORIENTED_EDGE('',*,*,#13380,.F.);
#13402 = ORIENTED_EDGE('',*,*,#13403,.T.);
#13403 = EDGE_CURVE('',#13373,#13404,#13406,.T.);
#13404 = VERTEX_POINT('',#13405);
#13405 = CARTESIAN_POINT('',(41.275001525879,-90.65836334228,3.));
#13406 = LINE('',#13407,#13408);
#13407 = CARTESIAN_POINT('',(40.65998840332,-90.91310882568,3.));
#13408 = VECTOR('',#13409,1.);
#13409 = DIRECTION('',(0.923880219239,0.382681774453,0.));
#13410 = ORIENTED_EDGE('',*,*,#13411,.T.);
#13411 = EDGE_CURVE('',#13404,#13395,#13412,.T.);
#13412 = LINE('',#13413,#13414);
#13413 = CARTESIAN_POINT('',(41.275001525879,-90.65836334228,3.));
#13414 = VECTOR('',#13415,1.);
#13415 = DIRECTION('',(0.,0.,-1.));
#13416 = PLANE('',#13417);
#13417 = AXIS2_PLACEMENT_3D('',#13418,#13419,#13420);
#13418 = CARTESIAN_POINT('',(40.9674949646,-90.78573608398,1.5));
#13419 = DIRECTION('',(-0.382681774453,0.923880219239,0.));
#13420 = DIRECTION('',(0.923880219239,0.382681774453,0.));
#13421 = ADVANCED_FACE('',(#13422),#13443,.F.);
#13422 = FACE_BOUND('',#13423,.F.);
#13423 = EDGE_LOOP('',(#13424,#13430,#13431,#13437));
#13424 = ORIENTED_EDGE('',*,*,#13425,.T.);
#13425 = EDGE_CURVE('',#6160,#13395,#13426,.T.);
#13426 = LINE('',#13427,#13428);
#13427 = CARTESIAN_POINT('',(41.803123474121,-90.25312042236,0.));
#13428 = VECTOR('',#13429,1.);
#13429 = DIRECTION('',(-0.793352835267,-0.608762087169,0.));
#13430 = ORIENTED_EDGE('',*,*,#13411,.F.);
#13431 = ORIENTED_EDGE('',*,*,#13432,.T.);
#13432 = EDGE_CURVE('',#13404,#9871,#13433,.T.);
#13433 = LINE('',#13434,#13435);
#13434 = CARTESIAN_POINT('',(41.275001525879,-90.65836334228,3.));
#13435 = VECTOR('',#13436,1.);
#13436 = DIRECTION('',(0.793352835267,0.608762087169,0.));
#13437 = ORIENTED_EDGE('',*,*,#13438,.T.);
#13438 = EDGE_CURVE('',#9871,#6160,#13439,.T.);
#13439 = LINE('',#13440,#13441);
#13440 = CARTESIAN_POINT('',(41.803123474121,-90.25312042236,3.));
#13441 = VECTOR('',#13442,1.);
#13442 = DIRECTION('',(0.,0.,-1.));
#13443 = PLANE('',#13444);
#13444 = AXIS2_PLACEMENT_3D('',#13445,#13446,#13447);
#13445 = CARTESIAN_POINT('',(41.5390625,-90.45574188232,1.5));
#13446 = DIRECTION('',(-0.608762087169,0.793352835267,0.));
#13447 = DIRECTION('',(0.793352835267,0.608762087169,0.));
#13448 = ADVANCED_FACE('',(#13449),#13474,.F.);
#13449 = FACE_BOUND('',#13450,.F.);
#13450 = EDGE_LOOP('',(#13451,#13459,#13460,#13468));
#13451 = ORIENTED_EDGE('',*,*,#13452,.T.);
#13452 = EDGE_CURVE('',#13453,#6160,#13455,.T.);
#13453 = VERTEX_POINT('',#13454);
#13454 = CARTESIAN_POINT('',(42.208366394043,-89.72499847412,0.));
#13455 = LINE('',#13456,#13457);
#13456 = CARTESIAN_POINT('',(42.208366394043,-89.72499847412,0.));
#13457 = VECTOR('',#13458,1.);
#13458 = DIRECTION('',(-0.608762087169,-0.793352835267,0.));
#13459 = ORIENTED_EDGE('',*,*,#13438,.F.);
#13460 = ORIENTED_EDGE('',*,*,#13461,.T.);
#13461 = EDGE_CURVE('',#9871,#13462,#13464,.T.);
#13462 = VERTEX_POINT('',#13463);
#13463 = CARTESIAN_POINT('',(42.208366394043,-89.72499847412,3.));
#13464 = LINE('',#13465,#13466);
#13465 = CARTESIAN_POINT('',(41.803123474121,-90.25312042236,3.));
#13466 = VECTOR('',#13467,1.);
#13467 = DIRECTION('',(0.608762087169,0.793352835267,0.));
#13468 = ORIENTED_EDGE('',*,*,#13469,.T.);
#13469 = EDGE_CURVE('',#13462,#13453,#13470,.T.);
#13470 = LINE('',#13471,#13472);
#13471 = CARTESIAN_POINT('',(42.208366394043,-89.72499847412,3.));
#13472 = VECTOR('',#13473,1.);
#13473 = DIRECTION('',(0.,0.,-1.));
#13474 = PLANE('',#13475);
#13475 = AXIS2_PLACEMENT_3D('',#13476,#13477,#13478);
#13476 = CARTESIAN_POINT('',(42.005744934082,-89.98905944824,1.5));
#13477 = DIRECTION('',(-0.793352835267,0.608762087169,0.));
#13478 = DIRECTION('',(-0.608762087169,-0.793352835267,0.));
#13479 = ADVANCED_FACE('',(#13480),#13505,.F.);
#13480 = FACE_BOUND('',#13481,.F.);
#13481 = EDGE_LOOP('',(#13482,#13490,#13491,#13499));
#13482 = ORIENTED_EDGE('',*,*,#13483,.T.);
#13483 = EDGE_CURVE('',#13484,#13453,#13486,.T.);
#13484 = VERTEX_POINT('',#13485);
#13485 = CARTESIAN_POINT('',(42.463111877441,-89.10998535156,0.));
#13486 = LINE('',#13487,#13488);
#13487 = CARTESIAN_POINT('',(42.463111877441,-89.10998535156,0.));
#13488 = VECTOR('',#13489,1.);
#13489 = DIRECTION('',(-0.382681774453,-0.923880219239,0.));
#13490 = ORIENTED_EDGE('',*,*,#13469,.F.);
#13491 = ORIENTED_EDGE('',*,*,#13492,.T.);
#13492 = EDGE_CURVE('',#13462,#13493,#13495,.T.);
#13493 = VERTEX_POINT('',#13494);
#13494 = CARTESIAN_POINT('',(42.463111877441,-89.10998535156,3.));
#13495 = LINE('',#13496,#13497);
#13496 = CARTESIAN_POINT('',(42.208366394043,-89.72499847412,3.));
#13497 = VECTOR('',#13498,1.);
#13498 = DIRECTION('',(0.382681774453,0.923880219239,0.));
#13499 = ORIENTED_EDGE('',*,*,#13500,.T.);
#13500 = EDGE_CURVE('',#13493,#13484,#13501,.T.);
#13501 = LINE('',#13502,#13503);
#13502 = CARTESIAN_POINT('',(42.463111877441,-89.10998535156,3.));
#13503 = VECTOR('',#13504,1.);
#13504 = DIRECTION('',(0.,0.,-1.));
#13505 = PLANE('',#13506);
#13506 = AXIS2_PLACEMENT_3D('',#13507,#13508,#13509);
#13507 = CARTESIAN_POINT('',(42.335739135742,-89.41749191284,1.5));
#13508 = DIRECTION('',(-0.923880219239,0.382681774453,0.));
#13509 = DIRECTION('',(-0.382681774453,-0.923880219239,0.));
#13510 = ADVANCED_FACE('',(#13511),#13532,.F.);
#13511 = FACE_BOUND('',#13512,.F.);
#13512 = EDGE_LOOP('',(#13513,#13519,#13520,#13526));
#13513 = ORIENTED_EDGE('',*,*,#13514,.T.);
#13514 = EDGE_CURVE('',#6192,#13484,#13515,.T.);
#13515 = LINE('',#13516,#13517);
#13516 = CARTESIAN_POINT('',(42.549999237061,-88.44999694824,0.));
#13517 = VECTOR('',#13518,1.);
#13518 = DIRECTION('',(-0.130523590327,-0.991445203916,0.));
#13519 = ORIENTED_EDGE('',*,*,#13500,.F.);
#13520 = ORIENTED_EDGE('',*,*,#13521,.T.);
#13521 = EDGE_CURVE('',#13493,#9839,#13522,.T.);
#13522 = LINE('',#13523,#13524);
#13523 = CARTESIAN_POINT('',(42.463111877441,-89.10998535156,3.));
#13524 = VECTOR('',#13525,1.);
#13525 = DIRECTION('',(0.130523590327,0.991445203916,0.));
#13526 = ORIENTED_EDGE('',*,*,#13527,.T.);
#13527 = EDGE_CURVE('',#9839,#6192,#13528,.T.);
#13528 = LINE('',#13529,#13530);
#13529 = CARTESIAN_POINT('',(42.549999237061,-88.44999694824,3.));
#13530 = VECTOR('',#13531,1.);
#13531 = DIRECTION('',(0.,0.,-1.));
#13532 = PLANE('',#13533);
#13533 = AXIS2_PLACEMENT_3D('',#13534,#13535,#13536);
#13534 = CARTESIAN_POINT('',(42.506555557251,-88.7799911499,1.5));
#13535 = DIRECTION('',(-0.991445203916,0.130523590327,0.));
#13536 = DIRECTION('',(-0.130523590327,-0.991445203916,0.));
#13537 = ADVANCED_FACE('',(#13538),#13568,.F.);
#13538 = FACE_BOUND('',#13539,.F.);
#13539 = EDGE_LOOP('',(#13540,#13548,#13554,#13562));
#13540 = ORIENTED_EDGE('',*,*,#13541,.T.);
#13541 = EDGE_CURVE('',#13542,#6200,#13544,.T.);
#13542 = VERTEX_POINT('',#13543);
#13543 = CARTESIAN_POINT('',(42.463111877441,-66.29000854492,0.));
#13544 = LINE('',#13545,#13546);
#13545 = CARTESIAN_POINT('',(42.463111877441,-66.29000854492,0.));
#13546 = VECTOR('',#13547,1.);
#13547 = DIRECTION('',(0.130523590327,-0.991445203916,0.));
#13548 = ORIENTED_EDGE('',*,*,#13549,.T.);
#13549 = EDGE_CURVE('',#6200,#9831,#13550,.T.);
#13550 = LINE('',#13551,#13552);
#13551 = CARTESIAN_POINT('',(42.549999237061,-66.94999694824,0.));
#13552 = VECTOR('',#13553,1.);
#13553 = DIRECTION('',(0.,0.,1.));
#13554 = ORIENTED_EDGE('',*,*,#13555,.T.);
#13555 = EDGE_CURVE('',#9831,#13556,#13558,.T.);
#13556 = VERTEX_POINT('',#13557);
#13557 = CARTESIAN_POINT('',(42.463111877441,-66.29000854492,3.));
#13558 = LINE('',#13559,#13560);
#13559 = CARTESIAN_POINT('',(42.549999237061,-66.94999694824,3.));
#13560 = VECTOR('',#13561,1.);
#13561 = DIRECTION('',(-0.130523590327,0.991445203916,0.));
#13562 = ORIENTED_EDGE('',*,*,#13563,.T.);
#13563 = EDGE_CURVE('',#13556,#13542,#13564,.T.);
#13564 = LINE('',#13565,#13566);
#13565 = CARTESIAN_POINT('',(42.463111877441,-66.29000854492,3.));
#13566 = VECTOR('',#13567,1.);
#13567 = DIRECTION('',(0.,0.,-1.));
#13568 = PLANE('',#13569);
#13569 = AXIS2_PLACEMENT_3D('',#13570,#13571,#13572);
#13570 = CARTESIAN_POINT('',(42.506555557251,-66.62000274658,1.5));
#13571 = DIRECTION('',(-0.991445203916,-0.130523590327,-0.));
#13572 = DIRECTION('',(0.130523590327,-0.991445203916,0.));
#13573 = ADVANCED_FACE('',(#13574),#13599,.F.);
#13574 = FACE_BOUND('',#13575,.F.);
#13575 = EDGE_LOOP('',(#13576,#13584,#13585,#13593));
#13576 = ORIENTED_EDGE('',*,*,#13577,.T.);
#13577 = EDGE_CURVE('',#13578,#13542,#13580,.T.);
#13578 = VERTEX_POINT('',#13579);
#13579 = CARTESIAN_POINT('',(42.208366394043,-65.67500305175,0.));
#13580 = LINE('',#13581,#13582);
#13581 = CARTESIAN_POINT('',(42.208366394043,-65.67500305175,0.));
#13582 = VECTOR('',#13583,1.);
#13583 = DIRECTION('',(0.382685826542,-0.923878540807,0.));
#13584 = ORIENTED_EDGE('',*,*,#13563,.F.);
#13585 = ORIENTED_EDGE('',*,*,#13586,.T.);
#13586 = EDGE_CURVE('',#13556,#13587,#13589,.T.);
#13587 = VERTEX_POINT('',#13588);
#13588 = CARTESIAN_POINT('',(42.208366394043,-65.67500305175,3.));
#13589 = LINE('',#13590,#13591);
#13590 = CARTESIAN_POINT('',(42.463111877441,-66.29000854492,3.));
#13591 = VECTOR('',#13592,1.);
#13592 = DIRECTION('',(-0.382685826542,0.923878540807,0.));
#13593 = ORIENTED_EDGE('',*,*,#13594,.T.);
#13594 = EDGE_CURVE('',#13587,#13578,#13595,.T.);
#13595 = LINE('',#13596,#13597);
#13596 = CARTESIAN_POINT('',(42.208366394043,-65.67500305175,3.));
#13597 = VECTOR('',#13598,1.);
#13598 = DIRECTION('',(0.,0.,-1.));
#13599 = PLANE('',#13600);
#13600 = AXIS2_PLACEMENT_3D('',#13601,#13602,#13603);
#13601 = CARTESIAN_POINT('',(42.335739135742,-65.98250579834,1.5));
#13602 = DIRECTION('',(-0.923878540807,-0.382685826542,-0.));
#13603 = DIRECTION('',(0.382685826542,-0.923878540807,0.));
#13604 = ADVANCED_FACE('',(#13605),#13626,.F.);
#13605 = FACE_BOUND('',#13606,.F.);
#13606 = EDGE_LOOP('',(#13607,#13613,#13614,#13620));
#13607 = ORIENTED_EDGE('',*,*,#13608,.T.);
#13608 = EDGE_CURVE('',#6232,#13578,#13609,.T.);
#13609 = LINE('',#13610,#13611);
#13610 = CARTESIAN_POINT('',(41.803123474121,-65.14688110351,0.));
#13611 = VECTOR('',#13612,1.);
#13612 = DIRECTION('',(0.608762087169,-0.793352835267,0.));
#13613 = ORIENTED_EDGE('',*,*,#13594,.F.);
#13614 = ORIENTED_EDGE('',*,*,#13615,.T.);
#13615 = EDGE_CURVE('',#13587,#9799,#13616,.T.);
#13616 = LINE('',#13617,#13618);
#13617 = CARTESIAN_POINT('',(42.208366394043,-65.67500305175,3.));
#13618 = VECTOR('',#13619,1.);
#13619 = DIRECTION('',(-0.608762087169,0.793352835267,0.));
#13620 = ORIENTED_EDGE('',*,*,#13621,.T.);
#13621 = EDGE_CURVE('',#9799,#6232,#13622,.T.);
#13622 = LINE('',#13623,#13624);
#13623 = CARTESIAN_POINT('',(41.803123474121,-65.14688110351,3.));
#13624 = VECTOR('',#13625,1.);
#13625 = DIRECTION('',(0.,0.,-1.));
#13626 = PLANE('',#13627);
#13627 = AXIS2_PLACEMENT_3D('',#13628,#13629,#13630);
#13628 = CARTESIAN_POINT('',(42.005744934082,-65.41094207763,1.5));
#13629 = DIRECTION('',(-0.793352835267,-0.608762087169,-0.));
#13630 = DIRECTION('',(0.608762087169,-0.793352835267,0.));
#13631 = ADVANCED_FACE('',(#13632),#13657,.F.);
#13632 = FACE_BOUND('',#13633,.F.);
#13633 = EDGE_LOOP('',(#13634,#13642,#13643,#13651));
#13634 = ORIENTED_EDGE('',*,*,#13635,.T.);
#13635 = EDGE_CURVE('',#13636,#6232,#13638,.T.);
#13636 = VERTEX_POINT('',#13637);
#13637 = CARTESIAN_POINT('',(41.275001525879,-64.74163818359,0.));
#13638 = LINE('',#13639,#13640);
#13639 = CARTESIAN_POINT('',(41.275001525879,-64.74163818359,0.));
#13640 = VECTOR('',#13641,1.);
#13641 = DIRECTION('',(0.793352835267,-0.608762087169,0.));
#13642 = ORIENTED_EDGE('',*,*,#13621,.F.);
#13643 = ORIENTED_EDGE('',*,*,#13644,.T.);
#13644 = EDGE_CURVE('',#9799,#13645,#13647,.T.);
#13645 = VERTEX_POINT('',#13646);
#13646 = CARTESIAN_POINT('',(41.275001525879,-64.74163818359,3.));
#13647 = LINE('',#13648,#13649);
#13648 = CARTESIAN_POINT('',(41.803123474121,-65.14688110351,3.));
#13649 = VECTOR('',#13650,1.);
#13650 = DIRECTION('',(-0.793352835267,0.608762087169,0.));
#13651 = ORIENTED_EDGE('',*,*,#13652,.T.);
#13652 = EDGE_CURVE('',#13645,#13636,#13653,.T.);
#13653 = LINE('',#13654,#13655);
#13654 = CARTESIAN_POINT('',(41.275001525879,-64.74163818359,3.));
#13655 = VECTOR('',#13656,1.);
#13656 = DIRECTION('',(0.,0.,-1.));
#13657 = PLANE('',#13658);
#13658 = AXIS2_PLACEMENT_3D('',#13659,#13660,#13661);
#13659 = CARTESIAN_POINT('',(41.5390625,-64.94425964355,1.5));
#13660 = DIRECTION('',(-0.608762087169,-0.793352835267,-0.));
#13661 = DIRECTION('',(-0.793352835267,0.608762087169,0.));
#13662 = ADVANCED_FACE('',(#13663),#13688,.F.);
#13663 = FACE_BOUND('',#13664,.F.);
#13664 = EDGE_LOOP('',(#13665,#13673,#13674,#13682));
#13665 = ORIENTED_EDGE('',*,*,#13666,.T.);
#13666 = EDGE_CURVE('',#13667,#13636,#13669,.T.);
#13667 = VERTEX_POINT('',#13668);
#13668 = CARTESIAN_POINT('',(40.65998840332,-64.48689270019,0.));
#13669 = LINE('',#13670,#13671);
#13670 = CARTESIAN_POINT('',(40.65998840332,-64.48689270019,0.));
#13671 = VECTOR('',#13672,1.);
#13672 = DIRECTION('',(0.923880219239,-0.382681774453,0.));
#13673 = ORIENTED_EDGE('',*,*,#13652,.F.);
#13674 = ORIENTED_EDGE('',*,*,#13675,.T.);
#13675 = EDGE_CURVE('',#13645,#13676,#13678,.T.);
#13676 = VERTEX_POINT('',#13677);
#13677 = CARTESIAN_POINT('',(40.65998840332,-64.48689270019,3.));
#13678 = LINE('',#13679,#13680);
#13679 = CARTESIAN_POINT('',(41.275001525879,-64.74163818359,3.));
#13680 = VECTOR('',#13681,1.);
#13681 = DIRECTION('',(-0.923880219239,0.382681774453,0.));
#13682 = ORIENTED_EDGE('',*,*,#13683,.T.);
#13683 = EDGE_CURVE('',#13676,#13667,#13684,.T.);
#13684 = LINE('',#13685,#13686);
#13685 = CARTESIAN_POINT('',(40.65998840332,-64.48689270019,3.));
#13686 = VECTOR('',#13687,1.);
#13687 = DIRECTION('',(0.,0.,-1.));
#13688 = PLANE('',#13689);
#13689 = AXIS2_PLACEMENT_3D('',#13690,#13691,#13692);
#13690 = CARTESIAN_POINT('',(40.9674949646,-64.61426544189,1.5));
#13691 = DIRECTION('',(-0.382681774453,-0.923880219239,-0.));
#13692 = DIRECTION('',(-0.923880219239,0.382681774453,0.));
#13693 = ADVANCED_FACE('',(#13694),#13715,.F.);
#13694 = FACE_BOUND('',#13695,.F.);
#13695 = EDGE_LOOP('',(#13696,#13702,#13703,#13709));
#13696 = ORIENTED_EDGE('',*,*,#13697,.T.);
#13697 = EDGE_CURVE('',#6264,#13667,#13698,.T.);
#13698 = LINE('',#13699,#13700);
#13699 = CARTESIAN_POINT('',(40.,-64.40000152587,0.));
#13700 = VECTOR('',#13701,1.);
#13701 = DIRECTION('',(0.991444462334,-0.130529223193,0.));
#13702 = ORIENTED_EDGE('',*,*,#13683,.F.);
#13703 = ORIENTED_EDGE('',*,*,#13704,.T.);
#13704 = EDGE_CURVE('',#13676,#9773,#13705,.T.);
#13705 = LINE('',#13706,#13707);
#13706 = CARTESIAN_POINT('',(40.65998840332,-64.48689270019,3.));
#13707 = VECTOR('',#13708,1.);
#13708 = DIRECTION('',(-0.991444462334,0.130529223193,0.));
#13709 = ORIENTED_EDGE('',*,*,#13710,.T.);
#13710 = EDGE_CURVE('',#9773,#6264,#13711,.T.);
#13711 = LINE('',#13712,#13713);
#13712 = CARTESIAN_POINT('',(40.,-64.40000152587,3.));
#13713 = VECTOR('',#13714,1.);
#13714 = DIRECTION('',(0.,0.,-1.));
#13715 = PLANE('',#13716);
#13716 = AXIS2_PLACEMENT_3D('',#13717,#13718,#13719);
#13717 = CARTESIAN_POINT('',(40.32999420166,-64.44344711303,1.5));
#13718 = DIRECTION('',(-0.130529223193,-0.991444462334,-0.));
#13719 = DIRECTION('',(-0.991444462334,0.130529223193,0.));
#13720 = ADVANCED_FACE('',(#13721),#13746,.F.);
#13721 = FACE_BOUND('',#13722,.F.);
#13722 = EDGE_LOOP('',(#13723,#13731,#13732,#13740));
#13723 = ORIENTED_EDGE('',*,*,#13724,.T.);
#13724 = EDGE_CURVE('',#13725,#6264,#13727,.T.);
#13725 = VERTEX_POINT('',#13726);
#13726 = CARTESIAN_POINT('',(39.34001159668,-64.48689270019,0.));
#13727 = LINE('',#13728,#13729);
#13728 = CARTESIAN_POINT('',(39.34001159668,-64.48689270019,0.));
#13729 = VECTOR('',#13730,1.);
#13730 = DIRECTION('',(0.991444462334,0.130529223193,0.));
#13731 = ORIENTED_EDGE('',*,*,#13710,.F.);
#13732 = ORIENTED_EDGE('',*,*,#13733,.T.);
#13733 = EDGE_CURVE('',#9773,#13734,#13736,.T.);
#13734 = VERTEX_POINT('',#13735);
#13735 = CARTESIAN_POINT('',(39.34001159668,-64.48689270019,3.));
#13736 = LINE('',#13737,#13738);
#13737 = CARTESIAN_POINT('',(40.,-64.40000152587,3.));
#13738 = VECTOR('',#13739,1.);
#13739 = DIRECTION('',(-0.991444462334,-0.130529223193,0.));
#13740 = ORIENTED_EDGE('',*,*,#13741,.T.);
#13741 = EDGE_CURVE('',#13734,#13725,#13742,.T.);
#13742 = LINE('',#13743,#13744);
#13743 = CARTESIAN_POINT('',(39.34001159668,-64.48689270019,3.));
#13744 = VECTOR('',#13745,1.);
#13745 = DIRECTION('',(0.,0.,-1.));
#13746 = PLANE('',#13747);
#13747 = AXIS2_PLACEMENT_3D('',#13748,#13749,#13750);
#13748 = CARTESIAN_POINT('',(39.67000579834,-64.44344711303,1.5));
#13749 = DIRECTION('',(0.130529223193,-0.991444462334,0.));
#13750 = DIRECTION('',(-0.991444462334,-0.130529223193,0.));
#13751 = ADVANCED_FACE('',(#13752),#13777,.F.);
#13752 = FACE_BOUND('',#13753,.F.);
#13753 = EDGE_LOOP('',(#13754,#13762,#13763,#13771));
#13754 = ORIENTED_EDGE('',*,*,#13755,.T.);
#13755 = EDGE_CURVE('',#13756,#13725,#13758,.T.);
#13756 = VERTEX_POINT('',#13757);
#13757 = CARTESIAN_POINT('',(38.724998474121,-64.74163818359,0.));
#13758 = LINE('',#13759,#13760);
#13759 = CARTESIAN_POINT('',(38.724998474121,-64.74163818359,0.));
#13760 = VECTOR('',#13761,1.);
#13761 = DIRECTION('',(0.923880219239,0.382681774453,0.));
#13762 = ORIENTED_EDGE('',*,*,#13741,.F.);
#13763 = ORIENTED_EDGE('',*,*,#13764,.T.);
#13764 = EDGE_CURVE('',#13734,#13765,#13767,.T.);
#13765 = VERTEX_POINT('',#13766);
#13766 = CARTESIAN_POINT('',(38.724998474121,-64.74163818359,3.));
#13767 = LINE('',#13768,#13769);
#13768 = CARTESIAN_POINT('',(39.34001159668,-64.48689270019,3.));
#13769 = VECTOR('',#13770,1.);
#13770 = DIRECTION('',(-0.923880219239,-0.382681774453,0.));
#13771 = ORIENTED_EDGE('',*,*,#13772,.T.);
#13772 = EDGE_CURVE('',#13765,#13756,#13773,.T.);
#13773 = LINE('',#13774,#13775);
#13774 = CARTESIAN_POINT('',(38.724998474121,-64.74163818359,3.));
#13775 = VECTOR('',#13776,1.);
#13776 = DIRECTION('',(0.,0.,-1.));
#13777 = PLANE('',#13778);
#13778 = AXIS2_PLACEMENT_3D('',#13779,#13780,#13781);
#13779 = CARTESIAN_POINT('',(39.0325050354,-64.61426544189,1.5));
#13780 = DIRECTION('',(0.382681774453,-0.923880219239,0.));
#13781 = DIRECTION('',(-0.923880219239,-0.382681774453,0.));
#13782 = ADVANCED_FACE('',(#13783),#13804,.F.);
#13783 = FACE_BOUND('',#13784,.F.);
#13784 = EDGE_LOOP('',(#13785,#13791,#13792,#13798));
#13785 = ORIENTED_EDGE('',*,*,#13786,.T.);
#13786 = EDGE_CURVE('',#6296,#13756,#13787,.T.);
#13787 = LINE('',#13788,#13789);
#13788 = CARTESIAN_POINT('',(38.196876525879,-65.14688110351,0.));
#13789 = VECTOR('',#13790,1.);
#13790 = DIRECTION('',(0.793352835267,0.608762087169,0.));
#13791 = ORIENTED_EDGE('',*,*,#13772,.F.);
#13792 = ORIENTED_EDGE('',*,*,#13793,.T.);
#13793 = EDGE_CURVE('',#13765,#10007,#13794,.T.);
#13794 = LINE('',#13795,#13796);
#13795 = CARTESIAN_POINT('',(38.724998474121,-64.74163818359,3.));
#13796 = VECTOR('',#13797,1.);
#13797 = DIRECTION('',(-0.793352835267,-0.608762087169,0.));
#13798 = ORIENTED_EDGE('',*,*,#13799,.T.);
#13799 = EDGE_CURVE('',#10007,#6296,#13800,.T.);
#13800 = LINE('',#13801,#13802);
#13801 = CARTESIAN_POINT('',(38.196876525879,-65.14688110351,3.));
#13802 = VECTOR('',#13803,1.);
#13803 = DIRECTION('',(0.,0.,-1.));
#13804 = PLANE('',#13805);
#13805 = AXIS2_PLACEMENT_3D('',#13806,#13807,#13808);
#13806 = CARTESIAN_POINT('',(38.4609375,-64.94425964355,1.5));
#13807 = DIRECTION('',(0.608762087169,-0.793352835267,0.));
#13808 = DIRECTION('',(-0.793352835267,-0.608762087169,0.));
#13809 = ADVANCED_FACE('',(#13810),#13835,.F.);
#13810 = FACE_BOUND('',#13811,.F.);
#13811 = EDGE_LOOP('',(#13812,#13820,#13821,#13829));
#13812 = ORIENTED_EDGE('',*,*,#13813,.T.);
#13813 = EDGE_CURVE('',#13814,#6296,#13816,.T.);
#13814 = VERTEX_POINT('',#13815);
#13815 = CARTESIAN_POINT('',(37.791633605957,-65.67500305175,0.));
#13816 = LINE('',#13817,#13818);
#13817 = CARTESIAN_POINT('',(37.791633605957,-65.67500305175,0.));
#13818 = VECTOR('',#13819,1.);
#13819 = DIRECTION('',(0.608762087169,0.793352835267,0.));
#13820 = ORIENTED_EDGE('',*,*,#13799,.F.);
#13821 = ORIENTED_EDGE('',*,*,#13822,.T.);
#13822 = EDGE_CURVE('',#10007,#13823,#13825,.T.);
#13823 = VERTEX_POINT('',#13824);
#13824 = CARTESIAN_POINT('',(37.791633605957,-65.67500305175,3.));
#13825 = LINE('',#13826,#13827);
#13826 = CARTESIAN_POINT('',(38.196876525879,-65.14688110351,3.));
#13827 = VECTOR('',#13828,1.);
#13828 = DIRECTION('',(-0.608762087169,-0.793352835267,0.));
#13829 = ORIENTED_EDGE('',*,*,#13830,.T.);
#13830 = EDGE_CURVE('',#13823,#13814,#13831,.T.);
#13831 = LINE('',#13832,#13833);
#13832 = CARTESIAN_POINT('',(37.791633605957,-65.67500305175,3.));
#13833 = VECTOR('',#13834,1.);
#13834 = DIRECTION('',(0.,0.,-1.));
#13835 = PLANE('',#13836);
#13836 = AXIS2_PLACEMENT_3D('',#13837,#13838,#13839);
#13837 = CARTESIAN_POINT('',(37.994255065918,-65.41094207763,1.5));
#13838 = DIRECTION('',(0.793352835267,-0.608762087169,0.));
#13839 = DIRECTION('',(0.608762087169,0.793352835267,0.));
#13840 = ADVANCED_FACE('',(#13841),#13866,.F.);
#13841 = FACE_BOUND('',#13842,.F.);
#13842 = EDGE_LOOP('',(#13843,#13851,#13852,#13860));
#13843 = ORIENTED_EDGE('',*,*,#13844,.T.);
#13844 = EDGE_CURVE('',#13845,#13814,#13847,.T.);
#13845 = VERTEX_POINT('',#13846);
#13846 = CARTESIAN_POINT('',(37.536888122559,-66.29000854492,0.));
#13847 = LINE('',#13848,#13849);
#13848 = CARTESIAN_POINT('',(37.536888122559,-66.29000854492,0.));
#13849 = VECTOR('',#13850,1.);
#13850 = DIRECTION('',(0.382685826542,0.923878540807,0.));
#13851 = ORIENTED_EDGE('',*,*,#13830,.F.);
#13852 = ORIENTED_EDGE('',*,*,#13853,.T.);
#13853 = EDGE_CURVE('',#13823,#13854,#13856,.T.);
#13854 = VERTEX_POINT('',#13855);
#13855 = CARTESIAN_POINT('',(37.536888122559,-66.29000854492,3.));
#13856 = LINE('',#13857,#13858);
#13857 = CARTESIAN_POINT('',(37.791633605957,-65.67500305175,3.));
#13858 = VECTOR('',#13859,1.);
#13859 = DIRECTION('',(-0.382685826542,-0.923878540807,0.));
#13860 = ORIENTED_EDGE('',*,*,#13861,.T.);
#13861 = EDGE_CURVE('',#13854,#13845,#13862,.T.);
#13862 = LINE('',#13863,#13864);
#13863 = CARTESIAN_POINT('',(37.536888122559,-66.29000854492,3.));
#13864 = VECTOR('',#13865,1.);
#13865 = DIRECTION('',(0.,0.,-1.));
#13866 = PLANE('',#13867);
#13867 = AXIS2_PLACEMENT_3D('',#13868,#13869,#13870);
#13868 = CARTESIAN_POINT('',(37.664260864258,-65.98250579834,1.5));
#13869 = DIRECTION('',(0.923878540807,-0.382685826542,0.));
#13870 = DIRECTION('',(0.382685826542,0.923878540807,0.));
#13871 = ADVANCED_FACE('',(#13872),#13888,.F.);
#13872 = FACE_BOUND('',#13873,.F.);
#13873 = EDGE_LOOP('',(#13874,#13880,#13881,#13887));
#13874 = ORIENTED_EDGE('',*,*,#13875,.T.);
#13875 = EDGE_CURVE('',#6328,#13845,#13876,.T.);
#13876 = LINE('',#13877,#13878);
#13877 = CARTESIAN_POINT('',(37.450000762939,-66.94999694824,0.));
#13878 = VECTOR('',#13879,1.);
#13879 = DIRECTION('',(0.130523590327,0.991445203916,0.));
#13880 = ORIENTED_EDGE('',*,*,#13861,.F.);
#13881 = ORIENTED_EDGE('',*,*,#13882,.T.);
#13882 = EDGE_CURVE('',#13854,#9975,#13883,.T.);
#13883 = LINE('',#13884,#13885);
#13884 = CARTESIAN_POINT('',(37.536888122559,-66.29000854492,3.));
#13885 = VECTOR('',#13886,1.);
#13886 = DIRECTION('',(-0.130523590327,-0.991445203916,0.));
#13887 = ORIENTED_EDGE('',*,*,#13171,.F.);
#13888 = PLANE('',#13889);
#13889 = AXIS2_PLACEMENT_3D('',#13890,#13891,#13892);
#13890 = CARTESIAN_POINT('',(37.493444442749,-66.62000274658,1.5));
#13891 = DIRECTION('',(0.991445203916,-0.130523590327,0.));
#13892 = DIRECTION('',(0.130523590327,0.991445203916,0.));
#13893 = ADVANCED_FACE('',(#13894),#13900,.F.);
#13894 = FACE_BOUND('',#13895,.F.);
#13895 = EDGE_LOOP('',(#13896,#13897,#13898,#13899));
#13896 = ORIENTED_EDGE('',*,*,#13549,.F.);
#13897 = ORIENTED_EDGE('',*,*,#6199,.F.);
#13898 = ORIENTED_EDGE('',*,*,#13527,.F.);
#13899 = ORIENTED_EDGE('',*,*,#9838,.F.);
#13900 = PLANE('',#13901);
#13901 = AXIS2_PLACEMENT_3D('',#13902,#13903,#13904);
#13902 = CARTESIAN_POINT('',(42.549999237061,-77.69999694824,1.5));
#13903 = DIRECTION('',(-1.,-0.,-0.));
#13904 = DIRECTION('',(0.,0.,-1.));
#13905 = ADVANCED_FACE('',(#13906),#13922,.F.);
#13906 = FACE_BOUND('',#13907,.F.);
#13907 = EDGE_LOOP('',(#13908,#13909,#13915,#13916));
#13908 = ORIENTED_EDGE('',*,*,#8921,.F.);
#13909 = ORIENTED_EDGE('',*,*,#13910,.T.);
#13910 = EDGE_CURVE('',#8914,#4978,#13911,.T.);
#13911 = LINE('',#13912,#13913);
#13912 = CARTESIAN_POINT('',(45.157314300537,-42.5945739746,3.));
#13913 = VECTOR('',#13914,1.);
#13914 = DIRECTION('',(0.,0.,-1.));
#13915 = ORIENTED_EDGE('',*,*,#4977,.F.);
#13916 = ORIENTED_EDGE('',*,*,#13917,.F.);
#13917 = EDGE_CURVE('',#8922,#4970,#13918,.T.);
#13918 = LINE('',#13919,#13920);
#13919 = CARTESIAN_POINT('',(46.6213722229,-44.05862808227,3.));
#13920 = VECTOR('',#13921,1.);
#13921 = DIRECTION('',(0.,0.,-1.));
#13922 = PLANE('',#13923);
#13923 = AXIS2_PLACEMENT_3D('',#13924,#13925,#13926);
#13924 = CARTESIAN_POINT('',(45.889343261719,-43.32660102844,1.5));
#13925 = DIRECTION('',(-0.707105859979,-0.707107702393,-0.));
#13926 = DIRECTION('',(-0.707107702393,0.707105859979,0.));
#13927 = ADVANCED_FACE('',(#13928),#13958,.F.);
#13928 = FACE_BOUND('',#13929,.F.);
#13929 = EDGE_LOOP('',(#13930,#13938,#13944,#13952));
#13930 = ORIENTED_EDGE('',*,*,#13931,.T.);
#13931 = EDGE_CURVE('',#13932,#4842,#13934,.T.);
#13932 = VERTEX_POINT('',#13933);
#13933 = CARTESIAN_POINT('',(44.689998626709,-46.57564163208,0.));
#13934 = LINE('',#13935,#13936);
#13935 = CARTESIAN_POINT('',(44.689998626709,-46.57564163208,0.));
#13936 = VECTOR('',#13937,1.);
#13937 = DIRECTION('',(-0.793350664936,0.608764915583,0.));
#13938 = ORIENTED_EDGE('',*,*,#13939,.T.);
#13939 = EDGE_CURVE('',#4842,#9050,#13940,.T.);
#13940 = LINE('',#13941,#13942);
#13941 = CARTESIAN_POINT('',(44.358627319336,-46.32136917114,0.));
#13942 = VECTOR('',#13943,1.);
#13943 = DIRECTION('',(0.,0.,1.));
#13944 = ORIENTED_EDGE('',*,*,#13945,.T.);
#13945 = EDGE_CURVE('',#9050,#13946,#13948,.T.);
#13946 = VERTEX_POINT('',#13947);
#13947 = CARTESIAN_POINT('',(44.689998626709,-46.57564163208,3.));
#13948 = LINE('',#13949,#13950);
#13949 = CARTESIAN_POINT('',(44.358627319336,-46.32136917114,3.));
#13950 = VECTOR('',#13951,1.);
#13951 = DIRECTION('',(0.793350664936,-0.608764915583,0.));
#13952 = ORIENTED_EDGE('',*,*,#13953,.T.);
#13953 = EDGE_CURVE('',#13946,#13932,#13954,.T.);
#13954 = LINE('',#13955,#13956);
#13955 = CARTESIAN_POINT('',(44.689998626709,-46.57564163208,3.));
#13956 = VECTOR('',#13957,1.);
#13957 = DIRECTION('',(0.,0.,-1.));
#13958 = PLANE('',#13959);
#13959 = AXIS2_PLACEMENT_3D('',#13960,#13961,#13962);
#13960 = CARTESIAN_POINT('',(44.524312973022,-46.44850540161,1.5));
#13961 = DIRECTION('',(0.608764915583,0.793350664936,0.));
#13962 = DIRECTION('',(0.793350664936,-0.608764915583,0.));
#13963 = ADVANCED_FACE('',(#13964),#13989,.F.);
#13964 = FACE_BOUND('',#13965,.F.);
#13965 = EDGE_LOOP('',(#13966,#13974,#13975,#13983));
#13966 = ORIENTED_EDGE('',*,*,#13967,.T.);
#13967 = EDGE_CURVE('',#13968,#13932,#13970,.T.);
#13968 = VERTEX_POINT('',#13969);
#13969 = CARTESIAN_POINT('',(45.075889587402,-46.7354812622,0.));
#13970 = LINE('',#13971,#13972);
#13971 = CARTESIAN_POINT('',(45.075889587402,-46.7354812622,0.));
#13972 = VECTOR('',#13973,1.);
#13973 = DIRECTION('',(-0.923880920183,0.382680082213,0.));
#13974 = ORIENTED_EDGE('',*,*,#13953,.F.);
#13975 = ORIENTED_EDGE('',*,*,#13976,.T.);
#13976 = EDGE_CURVE('',#13946,#13977,#13979,.T.);
#13977 = VERTEX_POINT('',#13978);
#13978 = CARTESIAN_POINT('',(45.075889587402,-46.7354812622,3.));
#13979 = LINE('',#13980,#13981);
#13980 = CARTESIAN_POINT('',(44.689998626709,-46.57564163208,3.));
#13981 = VECTOR('',#13982,1.);
#13982 = DIRECTION('',(0.923880920183,-0.382680082213,0.));
#13983 = ORIENTED_EDGE('',*,*,#13984,.T.);
#13984 = EDGE_CURVE('',#13977,#13968,#13985,.T.);
#13985 = LINE('',#13986,#13987);
#13986 = CARTESIAN_POINT('',(45.075889587402,-46.7354812622,3.));
#13987 = VECTOR('',#13988,1.);
#13988 = DIRECTION('',(0.,0.,-1.));
#13989 = PLANE('',#13990);
#13990 = AXIS2_PLACEMENT_3D('',#13991,#13992,#13993);
#13991 = CARTESIAN_POINT('',(44.882944107056,-46.65556144714,1.5));
#13992 = DIRECTION('',(0.382680082213,0.923880920183,0.));
#13993 = DIRECTION('',(0.923880920183,-0.382680082213,0.));
#13994 = ADVANCED_FACE('',(#13995),#14016,.F.);
#13995 = FACE_BOUND('',#13996,.F.);
#13996 = EDGE_LOOP('',(#13997,#14003,#14004,#14010));
#13997 = ORIENTED_EDGE('',*,*,#13998,.T.);
#13998 = EDGE_CURVE('',#4874,#13968,#13999,.T.);
#13999 = LINE('',#14000,#14001);
#14000 = CARTESIAN_POINT('',(45.490001678467,-46.79000091552,0.));
#14001 = VECTOR('',#14002,1.);
#14002 = DIRECTION('',(-0.991444625208,0.130527986067,0.));
#14003 = ORIENTED_EDGE('',*,*,#13984,.F.);
#14004 = ORIENTED_EDGE('',*,*,#14005,.T.);
#14005 = EDGE_CURVE('',#13977,#9018,#14006,.T.);
#14006 = LINE('',#14007,#14008);
#14007 = CARTESIAN_POINT('',(45.075889587402,-46.7354812622,3.));
#14008 = VECTOR('',#14009,1.);
#14009 = DIRECTION('',(0.991444625208,-0.130527986067,0.));
#14010 = ORIENTED_EDGE('',*,*,#14011,.T.);
#14011 = EDGE_CURVE('',#9018,#4874,#14012,.T.);
#14012 = LINE('',#14013,#14014);
#14013 = CARTESIAN_POINT('',(45.490001678467,-46.79000091552,3.));
#14014 = VECTOR('',#14015,1.);
#14015 = DIRECTION('',(0.,0.,-1.));
#14016 = PLANE('',#14017);
#14017 = AXIS2_PLACEMENT_3D('',#14018,#14019,#14020);
#14018 = CARTESIAN_POINT('',(45.282945632935,-46.76274108886,1.5));
#14019 = DIRECTION('',(0.130527986067,0.991444625208,0.));
#14020 = DIRECTION('',(0.991444625208,-0.130527986067,0.));
#14021 = ADVANCED_FACE('',(#14022),#14047,.F.);
#14022 = FACE_BOUND('',#14023,.F.);
#14023 = EDGE_LOOP('',(#14024,#14032,#14033,#14041));
#14024 = ORIENTED_EDGE('',*,*,#14025,.T.);
#14025 = EDGE_CURVE('',#14026,#4874,#14028,.T.);
#14026 = VERTEX_POINT('',#14027);
#14027 = CARTESIAN_POINT('',(45.904109954834,-46.7354812622,0.));
#14028 = LINE('',#14029,#14030);
#14029 = CARTESIAN_POINT('',(45.904109954834,-46.7354812622,0.));
#14030 = VECTOR('',#14031,1.);
#14031 = DIRECTION('',(-0.991444469603,-0.130529167983,0.));
#14032 = ORIENTED_EDGE('',*,*,#14011,.F.);
#14033 = ORIENTED_EDGE('',*,*,#14034,.T.);
#14034 = EDGE_CURVE('',#9018,#14035,#14037,.T.);
#14035 = VERTEX_POINT('',#14036);
#14036 = CARTESIAN_POINT('',(45.904109954834,-46.7354812622,3.));
#14037 = LINE('',#14038,#14039);
#14038 = CARTESIAN_POINT('',(45.490001678467,-46.79000091552,3.));
#14039 = VECTOR('',#14040,1.);
#14040 = DIRECTION('',(0.991444469603,0.130529167983,0.));
#14041 = ORIENTED_EDGE('',*,*,#14042,.T.);
#14042 = EDGE_CURVE('',#14035,#14026,#14043,.T.);
#14043 = LINE('',#14044,#14045);
#14044 = CARTESIAN_POINT('',(45.904109954834,-46.7354812622,3.));
#14045 = VECTOR('',#14046,1.);
#14046 = DIRECTION('',(0.,0.,-1.));
#14047 = PLANE('',#14048);
#14048 = AXIS2_PLACEMENT_3D('',#14049,#14050,#14051);
#14049 = CARTESIAN_POINT('',(45.69705581665,-46.76274108886,1.5));
#14050 = DIRECTION('',(-0.130529167983,0.991444469603,0.));
#14051 = DIRECTION('',(0.991444469603,0.130529167983,0.));
#14052 = ADVANCED_FACE('',(#14053),#14078,.F.);
#14053 = FACE_BOUND('',#14054,.F.);
#14054 = EDGE_LOOP('',(#14055,#14063,#14064,#14072));
#14055 = ORIENTED_EDGE('',*,*,#14056,.T.);
#14056 = EDGE_CURVE('',#14057,#14026,#14059,.T.);
#14057 = VERTEX_POINT('',#14058);
#14058 = CARTESIAN_POINT('',(46.290000915527,-46.57564163208,0.));
#14059 = LINE('',#14060,#14061);
#14060 = CARTESIAN_POINT('',(46.290000915527,-46.57564163208,0.));
#14061 = VECTOR('',#14062,1.);
#14062 = DIRECTION('',(-0.923880920183,-0.382680082213,0.));
#14063 = ORIENTED_EDGE('',*,*,#14042,.F.);
#14064 = ORIENTED_EDGE('',*,*,#14065,.T.);
#14065 = EDGE_CURVE('',#14035,#14066,#14068,.T.);
#14066 = VERTEX_POINT('',#14067);
#14067 = CARTESIAN_POINT('',(46.290000915527,-46.57564163208,3.));
#14068 = LINE('',#14069,#14070);
#14069 = CARTESIAN_POINT('',(45.904109954834,-46.7354812622,3.));
#14070 = VECTOR('',#14071,1.);
#14071 = DIRECTION('',(0.923880920183,0.382680082213,0.));
#14072 = ORIENTED_EDGE('',*,*,#14073,.T.);
#14073 = EDGE_CURVE('',#14066,#14057,#14074,.T.);
#14074 = LINE('',#14075,#14076);
#14075 = CARTESIAN_POINT('',(46.290000915527,-46.57564163208,3.));
#14076 = VECTOR('',#14077,1.);
#14077 = DIRECTION('',(0.,0.,-1.));
#14078 = PLANE('',#14079);
#14079 = AXIS2_PLACEMENT_3D('',#14080,#14081,#14082);
#14080 = CARTESIAN_POINT('',(46.097055435181,-46.65556144714,1.5));
#14081 = DIRECTION('',(-0.382680082213,0.923880920183,0.));
#14082 = DIRECTION('',(0.923880920183,0.382680082213,0.));
#14083 = ADVANCED_FACE('',(#14084),#14105,.F.);
#14084 = FACE_BOUND('',#14085,.F.);
#14085 = EDGE_LOOP('',(#14086,#14092,#14093,#14099));
#14086 = ORIENTED_EDGE('',*,*,#14087,.T.);
#14087 = EDGE_CURVE('',#4906,#14057,#14088,.T.);
#14088 = LINE('',#14089,#14090);
#14089 = CARTESIAN_POINT('',(46.6213722229,-46.32136917114,0.));
#14090 = VECTOR('',#14091,1.);
#14091 = DIRECTION('',(-0.793350664936,-0.608764915583,0.));
#14092 = ORIENTED_EDGE('',*,*,#14073,.F.);
#14093 = ORIENTED_EDGE('',*,*,#14094,.T.);
#14094 = EDGE_CURVE('',#14066,#8986,#14095,.T.);
#14095 = LINE('',#14096,#14097);
#14096 = CARTESIAN_POINT('',(46.290000915527,-46.57564163208,3.));
#14097 = VECTOR('',#14098,1.);
#14098 = DIRECTION('',(0.793350664936,0.608764915583,0.));
#14099 = ORIENTED_EDGE('',*,*,#14100,.T.);
#14100 = EDGE_CURVE('',#8986,#4906,#14101,.T.);
#14101 = LINE('',#14102,#14103);
#14102 = CARTESIAN_POINT('',(46.6213722229,-46.32136917114,3.));
#14103 = VECTOR('',#14104,1.);
#14104 = DIRECTION('',(0.,0.,-1.));
#14105 = PLANE('',#14106);
#14106 = AXIS2_PLACEMENT_3D('',#14107,#14108,#14109);
#14107 = CARTESIAN_POINT('',(46.455686569214,-46.44850540161,1.5));
#14108 = DIRECTION('',(-0.608764915583,0.793350664936,0.));
#14109 = DIRECTION('',(0.793350664936,0.608764915583,0.));
#14110 = ADVANCED_FACE('',(#14111),#14136,.F.);
#14111 = FACE_BOUND('',#14112,.F.);
#14112 = EDGE_LOOP('',(#14113,#14121,#14122,#14130));
#14113 = ORIENTED_EDGE('',*,*,#14114,.T.);
#14114 = EDGE_CURVE('',#14115,#4906,#14117,.T.);
#14115 = VERTEX_POINT('',#14116);
#14116 = CARTESIAN_POINT('',(46.875640869141,-45.99000167846,0.));
#14117 = LINE('',#14118,#14119);
#14118 = CARTESIAN_POINT('',(46.875640869141,-45.99000167846,0.));
#14119 = VECTOR('',#14120,1.);
#14120 = DIRECTION('',(-0.608763578127,-0.79335169121,0.));
#14121 = ORIENTED_EDGE('',*,*,#14100,.F.);
#14122 = ORIENTED_EDGE('',*,*,#14123,.T.);
#14123 = EDGE_CURVE('',#8986,#14124,#14126,.T.);
#14124 = VERTEX_POINT('',#14125);
#14125 = CARTESIAN_POINT('',(46.875640869141,-45.99000167846,3.));
#14126 = LINE('',#14127,#14128);
#14127 = CARTESIAN_POINT('',(46.6213722229,-46.32136917114,3.));
#14128 = VECTOR('',#14129,1.);
#14129 = DIRECTION('',(0.608763578127,0.79335169121,0.));
#14130 = ORIENTED_EDGE('',*,*,#14131,.T.);
#14131 = EDGE_CURVE('',#14124,#14115,#14132,.T.);
#14132 = LINE('',#14133,#14134);
#14133 = CARTESIAN_POINT('',(46.875640869141,-45.99000167846,3.));
#14134 = VECTOR('',#14135,1.);
#14135 = DIRECTION('',(0.,0.,-1.));
#14136 = PLANE('',#14137);
#14137 = AXIS2_PLACEMENT_3D('',#14138,#14139,#14140);
#14138 = CARTESIAN_POINT('',(46.748506546021,-46.1556854248,1.5));
#14139 = DIRECTION('',(-0.79335169121,0.608763578127,0.));
#14140 = DIRECTION('',(-0.608763578127,-0.79335169121,0.));
#14141 = ADVANCED_FACE('',(#14142),#14167,.F.);
#14142 = FACE_BOUND('',#14143,.F.);
#14143 = EDGE_LOOP('',(#14144,#14152,#14153,#14161));
#14144 = ORIENTED_EDGE('',*,*,#14145,.T.);
#14145 = EDGE_CURVE('',#14146,#14115,#14148,.T.);
#14146 = VERTEX_POINT('',#14147);
#14147 = CARTESIAN_POINT('',(47.035480499268,-45.60411071777,0.));
#14148 = LINE('',#14149,#14150);
#14149 = CARTESIAN_POINT('',(47.035480499268,-45.60411071777,0.));
#14150 = VECTOR('',#14151,1.);
#14151 = DIRECTION('',(-0.382680082213,-0.923880920183,0.));
#14152 = ORIENTED_EDGE('',*,*,#14131,.F.);
#14153 = ORIENTED_EDGE('',*,*,#14154,.T.);
#14154 = EDGE_CURVE('',#14124,#14155,#14157,.T.);
#14155 = VERTEX_POINT('',#14156);
#14156 = CARTESIAN_POINT('',(47.035480499268,-45.60411071777,3.));
#14157 = LINE('',#14158,#14159);
#14158 = CARTESIAN_POINT('',(46.875640869141,-45.99000167846,3.));
#14159 = VECTOR('',#14160,1.);
#14160 = DIRECTION('',(0.382680082213,0.923880920183,0.));
#14161 = ORIENTED_EDGE('',*,*,#14162,.T.);
#14162 = EDGE_CURVE('',#14155,#14146,#14163,.T.);
#14163 = LINE('',#14164,#14165);
#14164 = CARTESIAN_POINT('',(47.035480499268,-45.60411071777,3.));
#14165 = VECTOR('',#14166,1.);
#14166 = DIRECTION('',(0.,0.,-1.));
#14167 = PLANE('',#14168);
#14168 = AXIS2_PLACEMENT_3D('',#14169,#14170,#14171);
#14169 = CARTESIAN_POINT('',(46.955560684204,-45.79705619812,1.5));
#14170 = DIRECTION('',(-0.923880920183,0.382680082213,0.));
#14171 = DIRECTION('',(-0.382680082213,-0.923880920183,0.));
#14172 = ADVANCED_FACE('',(#14173),#14194,.F.);
#14173 = FACE_BOUND('',#14174,.F.);
#14174 = EDGE_LOOP('',(#14175,#14181,#14182,#14188));
#14175 = ORIENTED_EDGE('',*,*,#14176,.T.);
#14176 = EDGE_CURVE('',#4938,#14146,#14177,.T.);
#14177 = LINE('',#14178,#14179);
#14178 = CARTESIAN_POINT('',(47.090000152588,-45.1899986267,0.));
#14179 = VECTOR('',#14180,1.);
#14180 = DIRECTION('',(-0.130527986067,-0.991444625208,0.));
#14181 = ORIENTED_EDGE('',*,*,#14162,.F.);
#14182 = ORIENTED_EDGE('',*,*,#14183,.T.);
#14183 = EDGE_CURVE('',#14155,#8954,#14184,.T.);
#14184 = LINE('',#14185,#14186);
#14185 = CARTESIAN_POINT('',(47.035480499268,-45.60411071777,3.));
#14186 = VECTOR('',#14187,1.);
#14187 = DIRECTION('',(0.130527986067,0.991444625208,0.));
#14188 = ORIENTED_EDGE('',*,*,#14189,.T.);
#14189 = EDGE_CURVE('',#8954,#4938,#14190,.T.);
#14190 = LINE('',#14191,#14192);
#14191 = CARTESIAN_POINT('',(47.090000152588,-45.1899986267,3.));
#14192 = VECTOR('',#14193,1.);
#14193 = DIRECTION('',(0.,0.,-1.));
#14194 = PLANE('',#14195);
#14195 = AXIS2_PLACEMENT_3D('',#14196,#14197,#14198);
#14196 = CARTESIAN_POINT('',(47.062740325928,-45.39705467224,1.5));
#14197 = DIRECTION('',(-0.991444625208,0.130527986067,0.));
#14198 = DIRECTION('',(-0.130527986067,-0.991444625208,0.));
#14199 = ADVANCED_FACE('',(#14200),#14225,.F.);
#14200 = FACE_BOUND('',#14201,.F.);
#14201 = EDGE_LOOP('',(#14202,#14210,#14211,#14219));
#14202 = ORIENTED_EDGE('',*,*,#14203,.T.);
#14203 = EDGE_CURVE('',#14204,#4938,#14206,.T.);
#14204 = VERTEX_POINT('',#14205);
#14205 = CARTESIAN_POINT('',(47.035480499268,-44.77589035034,0.));
#14206 = LINE('',#14207,#14208);
#14207 = CARTESIAN_POINT('',(47.035480499268,-44.77589035034,0.));
#14208 = VECTOR('',#14209,1.);
#14209 = DIRECTION('',(0.130529167983,-0.991444469603,0.));
#14210 = ORIENTED_EDGE('',*,*,#14189,.F.);
#14211 = ORIENTED_EDGE('',*,*,#14212,.T.);
#14212 = EDGE_CURVE('',#8954,#14213,#14215,.T.);
#14213 = VERTEX_POINT('',#14214);
#14214 = CARTESIAN_POINT('',(47.035480499268,-44.77589035034,3.));
#14215 = LINE('',#14216,#14217);
#14216 = CARTESIAN_POINT('',(47.090000152588,-45.1899986267,3.));
#14217 = VECTOR('',#14218,1.);
#14218 = DIRECTION('',(-0.130529167983,0.991444469603,0.));
#14219 = ORIENTED_EDGE('',*,*,#14220,.T.);
#14220 = EDGE_CURVE('',#14213,#14204,#14221,.T.);
#14221 = LINE('',#14222,#14223);
#14222 = CARTESIAN_POINT('',(47.035480499268,-44.77589035034,3.));
#14223 = VECTOR('',#14224,1.);
#14224 = DIRECTION('',(0.,0.,-1.));
#14225 = PLANE('',#14226);
#14226 = AXIS2_PLACEMENT_3D('',#14227,#14228,#14229);
#14227 = CARTESIAN_POINT('',(47.062740325928,-44.98294448852,1.5));
#14228 = DIRECTION('',(-0.991444469603,-0.130529167983,-0.));
#14229 = DIRECTION('',(0.130529167983,-0.991444469603,0.));
#14230 = ADVANCED_FACE('',(#14231),#14256,.F.);
#14231 = FACE_BOUND('',#14232,.F.);
#14232 = EDGE_LOOP('',(#14233,#14241,#14242,#14250));
#14233 = ORIENTED_EDGE('',*,*,#14234,.T.);
#14234 = EDGE_CURVE('',#14235,#14204,#14237,.T.);
#14235 = VERTEX_POINT('',#14236);
#14236 = CARTESIAN_POINT('',(46.875640869141,-44.38999938964,0.));
#14237 = LINE('',#14238,#14239);
#14238 = CARTESIAN_POINT('',(46.875640869141,-44.38999938964,0.));
#14239 = VECTOR('',#14240,1.);
#14240 = DIRECTION('',(0.382680082213,-0.923880920183,0.));
#14241 = ORIENTED_EDGE('',*,*,#14220,.F.);
#14242 = ORIENTED_EDGE('',*,*,#14243,.T.);
#14243 = EDGE_CURVE('',#14213,#14244,#14246,.T.);
#14244 = VERTEX_POINT('',#14245);
#14245 = CARTESIAN_POINT('',(46.875640869141,-44.38999938964,3.));
#14246 = LINE('',#14247,#14248);
#14247 = CARTESIAN_POINT('',(47.035480499268,-44.77589035034,3.));
#14248 = VECTOR('',#14249,1.);
#14249 = DIRECTION('',(-0.382680082213,0.923880920183,0.));
#14250 = ORIENTED_EDGE('',*,*,#14251,.T.);
#14251 = EDGE_CURVE('',#14244,#14235,#14252,.T.);
#14252 = LINE('',#14253,#14254);
#14253 = CARTESIAN_POINT('',(46.875640869141,-44.38999938964,3.));
#14254 = VECTOR('',#14255,1.);
#14255 = DIRECTION('',(0.,0.,-1.));
#14256 = PLANE('',#14257);
#14257 = AXIS2_PLACEMENT_3D('',#14258,#14259,#14260);
#14258 = CARTESIAN_POINT('',(46.955560684204,-44.58294486999,1.5));
#14259 = DIRECTION('',(-0.923880920183,-0.382680082213,-0.));
#14260 = DIRECTION('',(0.382680082213,-0.923880920183,0.));
#14261 = ADVANCED_FACE('',(#14262),#14278,.F.);
#14262 = FACE_BOUND('',#14263,.F.);
#14263 = EDGE_LOOP('',(#14264,#14270,#14271,#14277));
#14264 = ORIENTED_EDGE('',*,*,#14265,.T.);
#14265 = EDGE_CURVE('',#4970,#14235,#14266,.T.);
#14266 = LINE('',#14267,#14268);
#14267 = CARTESIAN_POINT('',(46.6213722229,-44.05862808227,0.));
#14268 = VECTOR('',#14269,1.);
#14269 = DIRECTION('',(0.608759167218,-0.793355075819,0.));
#14270 = ORIENTED_EDGE('',*,*,#14251,.F.);
#14271 = ORIENTED_EDGE('',*,*,#14272,.T.);
#14272 = EDGE_CURVE('',#14244,#8922,#14273,.T.);
#14273 = LINE('',#14274,#14275);
#14274 = CARTESIAN_POINT('',(46.875640869141,-44.38999938964,3.));
#14275 = VECTOR('',#14276,1.);
#14276 = DIRECTION('',(-0.608759167218,0.793355075819,0.));
#14277 = ORIENTED_EDGE('',*,*,#13917,.T.);
#14278 = PLANE('',#14279);
#14279 = AXIS2_PLACEMENT_3D('',#14280,#14281,#14282);
#14280 = CARTESIAN_POINT('',(46.748506546021,-44.22431373596,1.5));
#14281 = DIRECTION('',(-0.793355075819,-0.608759167218,-0.));
#14282 = DIRECTION('',(0.608759167218,-0.793355075819,0.));
#14283 = ADVANCED_FACE('',(#14284),#14295,.F.);
#14284 = FACE_BOUND('',#14285,.F.);
#14285 = EDGE_LOOP('',(#14286,#14287,#14293,#14294));
#14286 = ORIENTED_EDGE('',*,*,#8913,.F.);
#14287 = ORIENTED_EDGE('',*,*,#14288,.F.);
#14288 = EDGE_CURVE('',#4986,#8906,#14289,.T.);
#14289 = LINE('',#14290,#14291);
#14290 = CARTESIAN_POINT('',(45.157314300537,-41.32178115844,0.));
#14291 = VECTOR('',#14292,1.);
#14292 = DIRECTION('',(0.,0.,1.));
#14293 = ORIENTED_EDGE('',*,*,#4985,.F.);
#14294 = ORIENTED_EDGE('',*,*,#13910,.F.);
#14295 = PLANE('',#14296);
#14296 = AXIS2_PLACEMENT_3D('',#14297,#14298,#14299);
#14297 = CARTESIAN_POINT('',(45.157314300537,-41.95817756652,1.5));
#14298 = DIRECTION('',(-1.,-0.,-0.));
#14299 = DIRECTION('',(0.,0.,-1.));
#14300 = ADVANCED_FACE('',(#14301),#14317,.F.);
#14301 = FACE_BOUND('',#14302,.F.);
#14302 = EDGE_LOOP('',(#14303,#14304,#14310,#14311));
#14303 = ORIENTED_EDGE('',*,*,#8777,.T.);
#14304 = ORIENTED_EDGE('',*,*,#14305,.F.);
#14305 = EDGE_CURVE('',#5122,#8770,#14306,.T.);
#14306 = LINE('',#14307,#14308);
#14307 = CARTESIAN_POINT('',(45.157314300537,-16.80542564392,0.));
#14308 = VECTOR('',#14309,1.);
#14309 = DIRECTION('',(0.,0.,1.));
#14310 = ORIENTED_EDGE('',*,*,#5121,.T.);
#14311 = ORIENTED_EDGE('',*,*,#14312,.T.);
#14312 = EDGE_CURVE('',#5114,#8778,#14313,.T.);
#14313 = LINE('',#14314,#14315);
#14314 = CARTESIAN_POINT('',(45.157314300537,-18.07821846008,0.));
#14315 = VECTOR('',#14316,1.);
#14316 = DIRECTION('',(0.,0.,1.));
#14317 = PLANE('',#14318);
#14318 = AXIS2_PLACEMENT_3D('',#14319,#14320,#14321);
#14319 = CARTESIAN_POINT('',(45.157314300537,-17.441822052,1.5));
#14320 = DIRECTION('',(-1.,-0.,-0.));
#14321 = DIRECTION('',(0.,0.,-1.));
#14322 = ADVANCED_FACE('',(#14323),#14348,.F.);
#14323 = FACE_BOUND('',#14324,.F.);
#14324 = EDGE_LOOP('',(#14325,#14333,#14334,#14342));
#14325 = ORIENTED_EDGE('',*,*,#14326,.T.);
#14326 = EDGE_CURVE('',#14327,#4986,#14329,.T.);
#14327 = VERTEX_POINT('',#14328);
#14328 = CARTESIAN_POINT('',(46.543888092041,-39.24514389038,0.));
#14329 = LINE('',#14330,#14331);
#14330 = CARTESIAN_POINT('',(46.543888092041,-39.24514389038,0.));
#14331 = VECTOR('',#14332,1.);
#14332 = DIRECTION('',(-0.555295861744,-0.831652875863,0.));
#14333 = ORIENTED_EDGE('',*,*,#14288,.T.);
#14334 = ORIENTED_EDGE('',*,*,#14335,.T.);
#14335 = EDGE_CURVE('',#8906,#14336,#14338,.T.);
#14336 = VERTEX_POINT('',#14337);
#14337 = CARTESIAN_POINT('',(46.543888092041,-39.24514389038,3.));
#14338 = LINE('',#14339,#14340);
#14339 = CARTESIAN_POINT('',(45.157314300537,-41.32178115844,3.));
#14340 = VECTOR('',#14341,1.);
#14341 = DIRECTION('',(0.555295861744,0.831652875863,0.));
#14342 = ORIENTED_EDGE('',*,*,#14343,.T.);
#14343 = EDGE_CURVE('',#14336,#14327,#14344,.T.);
#14344 = LINE('',#14345,#14346);
#14345 = CARTESIAN_POINT('',(46.543888092041,-39.24514389038,3.));
#14346 = VECTOR('',#14347,1.);
#14347 = DIRECTION('',(0.,0.,-1.));
#14348 = PLANE('',#14349);
#14349 = AXIS2_PLACEMENT_3D('',#14350,#14351,#14352);
#14350 = CARTESIAN_POINT('',(45.850601196289,-40.28346252441,1.5));
#14351 = DIRECTION('',(-0.831652875863,0.555295861744,0.));
#14352 = DIRECTION('',(-0.555295861744,-0.831652875863,0.));
#14353 = ADVANCED_FACE('',(#14354),#14379,.F.);
#14354 = FACE_BOUND('',#14355,.F.);
#14355 = EDGE_LOOP('',(#14356,#14364,#14365,#14373));
#14356 = ORIENTED_EDGE('',*,*,#14357,.T.);
#14357 = EDGE_CURVE('',#14358,#14327,#14360,.T.);
#14358 = VERTEX_POINT('',#14359);
#14359 = CARTESIAN_POINT('',(47.647708892822,-37.00536727905,0.));
#14360 = LINE('',#14361,#14362);
#14361 = CARTESIAN_POINT('',(47.647708892822,-37.00536727905,0.));
#14362 = VECTOR('',#14363,1.);
#14363 = DIRECTION('',(-0.442058414071,-0.896986264415,0.));
#14364 = ORIENTED_EDGE('',*,*,#14343,.F.);
#14365 = ORIENTED_EDGE('',*,*,#14366,.T.);
#14366 = EDGE_CURVE('',#14336,#14367,#14369,.T.);
#14367 = VERTEX_POINT('',#14368);
#14368 = CARTESIAN_POINT('',(47.647708892822,-37.00536727905,3.));
#14369 = LINE('',#14370,#14371);
#14370 = CARTESIAN_POINT('',(46.543888092041,-39.24514389038,3.));
#14371 = VECTOR('',#14372,1.);
#14372 = DIRECTION('',(0.442058414071,0.896986264415,0.));
#14373 = ORIENTED_EDGE('',*,*,#14374,.T.);
#14374 = EDGE_CURVE('',#14367,#14358,#14375,.T.);
#14375 = LINE('',#14376,#14377);
#14376 = CARTESIAN_POINT('',(47.647708892822,-37.00536727905,3.));
#14377 = VECTOR('',#14378,1.);
#14378 = DIRECTION('',(0.,0.,-1.));
#14379 = PLANE('',#14380);
#14380 = AXIS2_PLACEMENT_3D('',#14381,#14382,#14383);
#14381 = CARTESIAN_POINT('',(47.095798492432,-38.12525558471,1.5));
#14382 = DIRECTION('',(-0.896986264415,0.442058414071,0.));
#14383 = DIRECTION('',(-0.442058414071,-0.896986264415,0.));
#14384 = ADVANCED_FACE('',(#14385),#14410,.F.);
#14385 = FACE_BOUND('',#14386,.F.);
#14386 = EDGE_LOOP('',(#14387,#14395,#14396,#14404));
#14387 = ORIENTED_EDGE('',*,*,#14388,.T.);
#14388 = EDGE_CURVE('',#14389,#14358,#14391,.T.);
#14389 = VERTEX_POINT('',#14390);
#14390 = CARTESIAN_POINT('',(48.449909210205,-34.64073562622,0.));
#14391 = LINE('',#14392,#14393);
#14392 = CARTESIAN_POINT('',(48.449909210205,-34.64073562622,0.));
#14393 = VECTOR('',#14394,1.);
#14394 = DIRECTION('',(-0.321265666267,-0.946989108532,0.));
#14395 = ORIENTED_EDGE('',*,*,#14374,.F.);
#14396 = ORIENTED_EDGE('',*,*,#14397,.T.);
#14397 = EDGE_CURVE('',#14367,#14398,#14400,.T.);
#14398 = VERTEX_POINT('',#14399);
#14399 = CARTESIAN_POINT('',(48.449909210205,-34.64073562622,3.));
#14400 = LINE('',#14401,#14402);
#14401 = CARTESIAN_POINT('',(47.647708892822,-37.00536727905,3.));
#14402 = VECTOR('',#14403,1.);
#14403 = DIRECTION('',(0.321265666267,0.946989108532,0.));
#14404 = ORIENTED_EDGE('',*,*,#14405,.T.);
#14405 = EDGE_CURVE('',#14398,#14389,#14406,.T.);
#14406 = LINE('',#14407,#14408);
#14407 = CARTESIAN_POINT('',(48.449909210205,-34.64073562622,3.));
#14408 = VECTOR('',#14409,1.);
#14409 = DIRECTION('',(0.,0.,-1.));
#14410 = PLANE('',#14411);
#14411 = AXIS2_PLACEMENT_3D('',#14412,#14413,#14414);
#14412 = CARTESIAN_POINT('',(48.048809051514,-35.82305145263,1.5));
#14413 = DIRECTION('',(-0.946989108532,0.321265666267,0.));
#14414 = DIRECTION('',(-0.321265666267,-0.946989108532,0.));
#14415 = ADVANCED_FACE('',(#14416),#14441,.F.);
#14416 = FACE_BOUND('',#14417,.F.);
#14417 = EDGE_LOOP('',(#14418,#14426,#14427,#14435));
#14418 = ORIENTED_EDGE('',*,*,#14419,.T.);
#14419 = EDGE_CURVE('',#14420,#14389,#14422,.T.);
#14420 = VERTEX_POINT('',#14421);
#14421 = CARTESIAN_POINT('',(48.936779022217,-32.19166183471,0.));
#14422 = LINE('',#14423,#14424);
#14423 = CARTESIAN_POINT('',(48.936779022217,-32.19166183471,0.));
#14424 = VECTOR('',#14425,1.);
#14425 = DIRECTION('',(-0.194981971104,-0.980806826518,0.));
#14426 = ORIENTED_EDGE('',*,*,#14405,.F.);
#14427 = ORIENTED_EDGE('',*,*,#14428,.T.);
#14428 = EDGE_CURVE('',#14398,#14429,#14431,.T.);
#14429 = VERTEX_POINT('',#14430);
#14430 = CARTESIAN_POINT('',(48.936779022217,-32.19166183471,3.));
#14431 = LINE('',#14432,#14433);
#14432 = CARTESIAN_POINT('',(48.449909210205,-34.64073562622,3.));
#14433 = VECTOR('',#14434,1.);
#14434 = DIRECTION('',(0.194981971104,0.980806826518,0.));
#14435 = ORIENTED_EDGE('',*,*,#14436,.T.);
#14436 = EDGE_CURVE('',#14429,#14420,#14437,.T.);
#14437 = LINE('',#14438,#14439);
#14438 = CARTESIAN_POINT('',(48.936779022217,-32.19166183471,3.));
#14439 = VECTOR('',#14440,1.);
#14440 = DIRECTION('',(0.,0.,-1.));
#14441 = PLANE('',#14442);
#14442 = AXIS2_PLACEMENT_3D('',#14443,#14444,#14445);
#14443 = CARTESIAN_POINT('',(48.693344116211,-33.41619873046,1.5));
#14444 = DIRECTION('',(-0.980806826518,0.194981971104,0.));
#14445 = DIRECTION('',(-0.194981971104,-0.980806826518,0.));
#14446 = ADVANCED_FACE('',(#14447),#14468,.F.);
#14447 = FACE_BOUND('',#14448,.F.);
#14448 = EDGE_LOOP('',(#14449,#14455,#14456,#14462));
#14449 = ORIENTED_EDGE('',*,*,#14450,.T.);
#14450 = EDGE_CURVE('',#5050,#14420,#14451,.T.);
#14451 = LINE('',#14452,#14453);
#14452 = CARTESIAN_POINT('',(49.099998474121,-29.70000076293,0.));
#14453 = VECTOR('',#14454,1.);
#14454 = DIRECTION('',(-6.536618622677E-02,-0.997861343924,0.));
#14455 = ORIENTED_EDGE('',*,*,#14436,.F.);
#14456 = ORIENTED_EDGE('',*,*,#14457,.T.);
#14457 = EDGE_CURVE('',#14429,#8842,#14458,.T.);
#14458 = LINE('',#14459,#14460);
#14459 = CARTESIAN_POINT('',(48.936779022217,-32.19166183471,3.));
#14460 = VECTOR('',#14461,1.);
#14461 = DIRECTION('',(6.536618622677E-02,0.997861343924,0.));
#14462 = ORIENTED_EDGE('',*,*,#14463,.T.);
#14463 = EDGE_CURVE('',#8842,#5050,#14464,.T.);
#14464 = LINE('',#14465,#14466);
#14465 = CARTESIAN_POINT('',(49.099998474121,-29.70000076293,3.));
#14466 = VECTOR('',#14467,1.);
#14467 = DIRECTION('',(0.,0.,-1.));
#14468 = PLANE('',#14469);
#14469 = AXIS2_PLACEMENT_3D('',#14470,#14471,#14472);
#14470 = CARTESIAN_POINT('',(49.018388748169,-30.94583129882,1.5));
#14471 = DIRECTION('',(-0.997861343924,6.536618622677E-02,0.));
#14472 = DIRECTION('',(-6.536618622677E-02,-0.997861343924,0.));
#14473 = ADVANCED_FACE('',(#14474),#14499,.F.);
#14474 = FACE_BOUND('',#14475,.F.);
#14475 = EDGE_LOOP('',(#14476,#14484,#14485,#14493));
#14476 = ORIENTED_EDGE('',*,*,#14477,.T.);
#14477 = EDGE_CURVE('',#14478,#5050,#14480,.T.);
#14478 = VERTEX_POINT('',#14479);
#14479 = CARTESIAN_POINT('',(48.936779022217,-27.20833969116,0.));
#14480 = LINE('',#14481,#14482);
#14481 = CARTESIAN_POINT('',(48.936779022217,-27.20833969116,0.));
#14482 = VECTOR('',#14483,1.);
#14483 = DIRECTION('',(6.536618622677E-02,-0.997861343924,0.));
#14484 = ORIENTED_EDGE('',*,*,#14463,.F.);
#14485 = ORIENTED_EDGE('',*,*,#14486,.T.);
#14486 = EDGE_CURVE('',#8842,#14487,#14489,.T.);
#14487 = VERTEX_POINT('',#14488);
#14488 = CARTESIAN_POINT('',(48.936779022217,-27.20833969116,3.));
#14489 = LINE('',#14490,#14491);
#14490 = CARTESIAN_POINT('',(49.099998474121,-29.70000076293,3.));
#14491 = VECTOR('',#14492,1.);
#14492 = DIRECTION('',(-6.536618622677E-02,0.997861343924,0.));
#14493 = ORIENTED_EDGE('',*,*,#14494,.T.);
#14494 = EDGE_CURVE('',#14487,#14478,#14495,.T.);
#14495 = LINE('',#14496,#14497);
#14496 = CARTESIAN_POINT('',(48.936779022217,-27.20833969116,3.));
#14497 = VECTOR('',#14498,1.);
#14498 = DIRECTION('',(0.,0.,-1.));
#14499 = PLANE('',#14500);
#14500 = AXIS2_PLACEMENT_3D('',#14501,#14502,#14503);
#14501 = CARTESIAN_POINT('',(49.018388748169,-28.45417022705,1.5));
#14502 = DIRECTION('',(-0.997861343924,-6.536618622677E-02,-0.));
#14503 = DIRECTION('',(6.536618622677E-02,-0.997861343924,0.));
#14504 = ADVANCED_FACE('',(#14505),#14530,.F.);
#14505 = FACE_BOUND('',#14506,.F.);
#14506 = EDGE_LOOP('',(#14507,#14515,#14516,#14524));
#14507 = ORIENTED_EDGE('',*,*,#14508,.T.);
#14508 = EDGE_CURVE('',#14509,#14478,#14511,.T.);
#14509 = VERTEX_POINT('',#14510);
#14510 = CARTESIAN_POINT('',(48.449909210205,-24.75926399231,0.));
#14511 = LINE('',#14512,#14513);
#14512 = CARTESIAN_POINT('',(48.449909210205,-24.75926399231,0.));
#14513 = VECTOR('',#14514,1.);
#14514 = DIRECTION('',(0.194981825025,-0.980806855558,0.));
#14515 = ORIENTED_EDGE('',*,*,#14494,.F.);
#14516 = ORIENTED_EDGE('',*,*,#14517,.T.);
#14517 = EDGE_CURVE('',#14487,#14518,#14520,.T.);
#14518 = VERTEX_POINT('',#14519);
#14519 = CARTESIAN_POINT('',(48.449909210205,-24.75926399231,3.));
#14520 = LINE('',#14521,#14522);
#14521 = CARTESIAN_POINT('',(48.936779022217,-27.20833969116,3.));
#14522 = VECTOR('',#14523,1.);
#14523 = DIRECTION('',(-0.194981825025,0.980806855558,0.));
#14524 = ORIENTED_EDGE('',*,*,#14525,.T.);
#14525 = EDGE_CURVE('',#14518,#14509,#14526,.T.);
#14526 = LINE('',#14527,#14528);
#14527 = CARTESIAN_POINT('',(48.449909210205,-24.75926399231,3.));
#14528 = VECTOR('',#14529,1.);
#14529 = DIRECTION('',(0.,0.,-1.));
#14530 = PLANE('',#14531);
#14531 = AXIS2_PLACEMENT_3D('',#14532,#14533,#14534);
#14532 = CARTESIAN_POINT('',(48.693344116211,-25.98380184173,1.5));
#14533 = DIRECTION('',(-0.980806855558,-0.194981825025,-0.));
#14534 = DIRECTION('',(0.194981825025,-0.980806855558,0.));
#14535 = ADVANCED_FACE('',(#14536),#14561,.F.);
#14536 = FACE_BOUND('',#14537,.F.);
#14537 = EDGE_LOOP('',(#14538,#14546,#14547,#14555));
#14538 = ORIENTED_EDGE('',*,*,#14539,.T.);
#14539 = EDGE_CURVE('',#14540,#14509,#14542,.T.);
#14540 = VERTEX_POINT('',#14541);
#14541 = CARTESIAN_POINT('',(47.647708892822,-22.39463233947,0.));
#14542 = LINE('',#14543,#14544);
#14543 = CARTESIAN_POINT('',(47.647708892822,-22.39463233947,0.));
#14544 = VECTOR('',#14545,1.);
#14545 = DIRECTION('',(0.321265666267,-0.946989108532,0.));
#14546 = ORIENTED_EDGE('',*,*,#14525,.F.);
#14547 = ORIENTED_EDGE('',*,*,#14548,.T.);
#14548 = EDGE_CURVE('',#14518,#14549,#14551,.T.);
#14549 = VERTEX_POINT('',#14550);
#14550 = CARTESIAN_POINT('',(47.647708892822,-22.39463233947,3.));
#14551 = LINE('',#14552,#14553);
#14552 = CARTESIAN_POINT('',(48.449909210205,-24.75926399231,3.));
#14553 = VECTOR('',#14554,1.);
#14554 = DIRECTION('',(-0.321265666267,0.946989108532,0.));
#14555 = ORIENTED_EDGE('',*,*,#14556,.T.);
#14556 = EDGE_CURVE('',#14549,#14540,#14557,.T.);
#14557 = LINE('',#14558,#14559);
#14558 = CARTESIAN_POINT('',(47.647708892822,-22.39463233947,3.));
#14559 = VECTOR('',#14560,1.);
#14560 = DIRECTION('',(0.,0.,-1.));
#14561 = PLANE('',#14562);
#14562 = AXIS2_PLACEMENT_3D('',#14563,#14564,#14565);
#14563 = CARTESIAN_POINT('',(48.048809051514,-23.57694816589,1.5));
#14564 = DIRECTION('',(-0.946989108532,-0.321265666267,-0.));
#14565 = DIRECTION('',(0.321265666267,-0.946989108532,0.));
#14566 = ADVANCED_FACE('',(#14567),#14592,.F.);
#14567 = FACE_BOUND('',#14568,.F.);
#14568 = EDGE_LOOP('',(#14569,#14577,#14578,#14586));
#14569 = ORIENTED_EDGE('',*,*,#14570,.T.);
#14570 = EDGE_CURVE('',#14571,#14540,#14573,.T.);
#14571 = VERTEX_POINT('',#14572);
#14572 = CARTESIAN_POINT('',(46.543888092041,-20.15485763549,0.));
#14573 = LINE('',#14574,#14575);
#14574 = CARTESIAN_POINT('',(46.543888092041,-20.15485763549,0.));
#14575 = VECTOR('',#14576,1.);
#14576 = DIRECTION('',(0.442058716955,-0.896986115146,0.));
#14577 = ORIENTED_EDGE('',*,*,#14556,.F.);
#14578 = ORIENTED_EDGE('',*,*,#14579,.T.);
#14579 = EDGE_CURVE('',#14549,#14580,#14582,.T.);
#14580 = VERTEX_POINT('',#14581);
#14581 = CARTESIAN_POINT('',(46.543888092041,-20.15485763549,3.));
#14582 = LINE('',#14583,#14584);
#14583 = CARTESIAN_POINT('',(47.647708892822,-22.39463233947,3.));
#14584 = VECTOR('',#14585,1.);
#14585 = DIRECTION('',(-0.442058716955,0.896986115146,0.));
#14586 = ORIENTED_EDGE('',*,*,#14587,.T.);
#14587 = EDGE_CURVE('',#14580,#14571,#14588,.T.);
#14588 = LINE('',#14589,#14590);
#14589 = CARTESIAN_POINT('',(46.543888092041,-20.15485763549,3.));
#14590 = VECTOR('',#14591,1.);
#14591 = DIRECTION('',(0.,0.,-1.));
#14592 = PLANE('',#14593);
#14593 = AXIS2_PLACEMENT_3D('',#14594,#14595,#14596);
#14594 = CARTESIAN_POINT('',(47.095798492432,-21.27474498748,1.5));
#14595 = DIRECTION('',(-0.896986115146,-0.442058716955,-0.));
#14596 = DIRECTION('',(0.442058716955,-0.896986115146,0.));
#14597 = ADVANCED_FACE('',(#14598),#14614,.F.);
#14598 = FACE_BOUND('',#14599,.F.);
#14599 = EDGE_LOOP('',(#14600,#14606,#14607,#14613));
#14600 = ORIENTED_EDGE('',*,*,#14601,.T.);
#14601 = EDGE_CURVE('',#5114,#14571,#14602,.T.);
#14602 = LINE('',#14603,#14604);
#14603 = CARTESIAN_POINT('',(45.157314300537,-18.07821846008,0.));
#14604 = VECTOR('',#14605,1.);
#14605 = DIRECTION('',(0.555295508985,-0.8316531114,0.));
#14606 = ORIENTED_EDGE('',*,*,#14587,.F.);
#14607 = ORIENTED_EDGE('',*,*,#14608,.T.);
#14608 = EDGE_CURVE('',#14580,#8778,#14609,.T.);
#14609 = LINE('',#14610,#14611);
#14610 = CARTESIAN_POINT('',(46.543888092041,-20.15485763549,3.));
#14611 = VECTOR('',#14612,1.);
#14612 = DIRECTION('',(-0.555295508985,0.8316531114,0.));
#14613 = ORIENTED_EDGE('',*,*,#14312,.F.);
#14614 = PLANE('',#14615);
#14615 = AXIS2_PLACEMENT_3D('',#14616,#14617,#14618);
#14616 = CARTESIAN_POINT('',(45.850601196289,-19.11653804779,1.5));
#14617 = DIRECTION('',(-0.8316531114,-0.555295508985,-0.));
#14618 = DIRECTION('',(0.555295508985,-0.8316531114,0.));
#14619 = ADVANCED_FACE('',(#14620),#14636,.F.);
#14620 = FACE_BOUND('',#14621,.F.);
#14621 = EDGE_LOOP('',(#14622,#14623,#14629,#14630));
#14622 = ORIENTED_EDGE('',*,*,#8633,.F.);
#14623 = ORIENTED_EDGE('',*,*,#14624,.T.);
#14624 = EDGE_CURVE('',#8626,#5266,#14625,.T.);
#14625 = LINE('',#14626,#14627);
#14626 = CARTESIAN_POINT('',(42.89457321167,-14.54268455505,3.));
#14627 = VECTOR('',#14628,1.);
#14628 = DIRECTION('',(0.,0.,-1.));
#14629 = ORIENTED_EDGE('',*,*,#5265,.F.);
#14630 = ORIENTED_EDGE('',*,*,#14631,.F.);
#14631 = EDGE_CURVE('',#8634,#5258,#14632,.T.);
#14632 = LINE('',#14633,#14634);
#14633 = CARTESIAN_POINT('',(44.358627319336,-13.07862949371,3.));
#14634 = VECTOR('',#14635,1.);
#14635 = DIRECTION('',(0.,0.,-1.));
#14636 = PLANE('',#14637);
#14637 = AXIS2_PLACEMENT_3D('',#14638,#14639,#14640);
#14638 = CARTESIAN_POINT('',(43.626600265503,-13.81065702438,1.5));
#14639 = DIRECTION('',(0.707107011489,-0.707106550884,0.));
#14640 = DIRECTION('',(0.707106550884,0.707107011489,0.));
#14641 = ADVANCED_FACE('',(#14642),#14672,.F.);
#14642 = FACE_BOUND('',#14643,.F.);
#14643 = EDGE_LOOP('',(#14644,#14652,#14658,#14666));
#14644 = ORIENTED_EDGE('',*,*,#14645,.T.);
#14645 = EDGE_CURVE('',#14646,#5130,#14648,.T.);
#14646 = VERTEX_POINT('',#14647);
#14647 = CARTESIAN_POINT('',(46.875640869141,-15.01000022888,0.));
#14648 = LINE('',#14649,#14650);
#14649 = CARTESIAN_POINT('',(46.875640869141,-15.01000022888,0.));
#14650 = VECTOR('',#14651,1.);
#14651 = DIRECTION('',(-0.608760269941,-0.793354229674,0.));
#14652 = ORIENTED_EDGE('',*,*,#14653,.T.);
#14653 = EDGE_CURVE('',#5130,#8762,#14654,.T.);
#14654 = LINE('',#14655,#14656);
#14655 = CARTESIAN_POINT('',(46.6213722229,-15.34137058258,0.));
#14656 = VECTOR('',#14657,1.);
#14657 = DIRECTION('',(0.,0.,1.));
#14658 = ORIENTED_EDGE('',*,*,#14659,.T.);
#14659 = EDGE_CURVE('',#8762,#14660,#14662,.T.);
#14660 = VERTEX_POINT('',#14661);
#14661 = CARTESIAN_POINT('',(46.875640869141,-15.01000022888,3.));
#14662 = LINE('',#14663,#14664);
#14663 = CARTESIAN_POINT('',(46.6213722229,-15.34137058258,3.));
#14664 = VECTOR('',#14665,1.);
#14665 = DIRECTION('',(0.608760269941,0.793354229674,0.));
#14666 = ORIENTED_EDGE('',*,*,#14667,.T.);
#14667 = EDGE_CURVE('',#14660,#14646,#14668,.T.);
#14668 = LINE('',#14669,#14670);
#14669 = CARTESIAN_POINT('',(46.875640869141,-15.01000022888,3.));
#14670 = VECTOR('',#14671,1.);
#14671 = DIRECTION('',(0.,0.,-1.));
#14672 = PLANE('',#14673);
#14673 = AXIS2_PLACEMENT_3D('',#14674,#14675,#14676);
#14674 = CARTESIAN_POINT('',(46.748506546021,-15.17568540573,1.5));
#14675 = DIRECTION('',(-0.793354229674,0.608760269941,0.));
#14676 = DIRECTION('',(-0.608760269941,-0.793354229674,0.));
#14677 = ADVANCED_FACE('',(#14678),#14703,.F.);
#14678 = FACE_BOUND('',#14679,.F.);
#14679 = EDGE_LOOP('',(#14680,#14688,#14689,#14697));
#14680 = ORIENTED_EDGE('',*,*,#14681,.T.);
#14681 = EDGE_CURVE('',#14682,#14646,#14684,.T.);
#14682 = VERTEX_POINT('',#14683);
#14683 = CARTESIAN_POINT('',(47.035480499268,-14.62411022186,0.));
#14684 = LINE('',#14685,#14686);
#14685 = CARTESIAN_POINT('',(47.035480499268,-14.62411022186,0.));
#14686 = VECTOR('',#14687,1.);
#14687 = DIRECTION('',(-0.382680889456,-0.923880585815,0.));
#14688 = ORIENTED_EDGE('',*,*,#14667,.F.);
#14689 = ORIENTED_EDGE('',*,*,#14690,.T.);
#14690 = EDGE_CURVE('',#14660,#14691,#14693,.T.);
#14691 = VERTEX_POINT('',#14692);
#14692 = CARTESIAN_POINT('',(47.035480499268,-14.62411022186,3.));
#14693 = LINE('',#14694,#14695);
#14694 = CARTESIAN_POINT('',(46.875640869141,-15.01000022888,3.));
#14695 = VECTOR('',#14696,1.);
#14696 = DIRECTION('',(0.382680889456,0.923880585815,0.));
#14697 = ORIENTED_EDGE('',*,*,#14698,.T.);
#14698 = EDGE_CURVE('',#14691,#14682,#14699,.T.);
#14699 = LINE('',#14700,#14701);
#14700 = CARTESIAN_POINT('',(47.035480499268,-14.62411022186,3.));
#14701 = VECTOR('',#14702,1.);
#14702 = DIRECTION('',(0.,0.,-1.));
#14703 = PLANE('',#14704);
#14704 = AXIS2_PLACEMENT_3D('',#14705,#14706,#14707);
#14705 = CARTESIAN_POINT('',(46.955560684204,-14.81705522537,1.5));
#14706 = DIRECTION('',(-0.923880585815,0.382680889456,0.));
#14707 = DIRECTION('',(-0.382680889456,-0.923880585815,0.));
#14708 = ADVANCED_FACE('',(#14709),#14730,.F.);
#14709 = FACE_BOUND('',#14710,.F.);
#14710 = EDGE_LOOP('',(#14711,#14717,#14718,#14724));
#14711 = ORIENTED_EDGE('',*,*,#14712,.T.);
#14712 = EDGE_CURVE('',#5162,#14682,#14713,.T.);
#14713 = LINE('',#14714,#14715);
#14714 = CARTESIAN_POINT('',(47.090000152588,-14.21000003814,0.));
#14715 = VECTOR('',#14716,1.);
#14716 = DIRECTION('',(-0.130528577022,-0.991444547406,0.));
#14717 = ORIENTED_EDGE('',*,*,#14698,.F.);
#14718 = ORIENTED_EDGE('',*,*,#14719,.T.);
#14719 = EDGE_CURVE('',#14691,#8730,#14720,.T.);
#14720 = LINE('',#14721,#14722);
#14721 = CARTESIAN_POINT('',(47.035480499268,-14.62411022186,3.));
#14722 = VECTOR('',#14723,1.);
#14723 = DIRECTION('',(0.130528577022,0.991444547406,0.));
#14724 = ORIENTED_EDGE('',*,*,#14725,.T.);
#14725 = EDGE_CURVE('',#8730,#5162,#14726,.T.);
#14726 = LINE('',#14727,#14728);
#14727 = CARTESIAN_POINT('',(47.090000152588,-14.21000003814,3.));
#14728 = VECTOR('',#14729,1.);
#14729 = DIRECTION('',(0.,0.,-1.));
#14730 = PLANE('',#14731);
#14731 = AXIS2_PLACEMENT_3D('',#14732,#14733,#14734);
#14732 = CARTESIAN_POINT('',(47.062740325928,-14.41705513,1.5));
#14733 = DIRECTION('',(-0.991444547406,0.130528577022,0.));
#14734 = DIRECTION('',(-0.130528577022,-0.991444547406,0.));
#14735 = ADVANCED_FACE('',(#14736),#14761,.F.);
#14736 = FACE_BOUND('',#14737,.F.);
#14737 = EDGE_LOOP('',(#14738,#14746,#14747,#14755));
#14738 = ORIENTED_EDGE('',*,*,#14739,.T.);
#14739 = EDGE_CURVE('',#14740,#5162,#14742,.T.);
#14740 = VERTEX_POINT('',#14741);
#14741 = CARTESIAN_POINT('',(47.035480499268,-13.79588985443,0.));
#14742 = LINE('',#14743,#14744);
#14743 = CARTESIAN_POINT('',(47.035480499268,-13.79588985443,0.));
#14744 = VECTOR('',#14745,1.);
#14745 = DIRECTION('',(0.130528577022,-0.991444547406,0.));
#14746 = ORIENTED_EDGE('',*,*,#14725,.F.);
#14747 = ORIENTED_EDGE('',*,*,#14748,.T.);
#14748 = EDGE_CURVE('',#8730,#14749,#14751,.T.);
#14749 = VERTEX_POINT('',#14750);
#14750 = CARTESIAN_POINT('',(47.035480499268,-13.79588985443,3.));
#14751 = LINE('',#14752,#14753);
#14752 = CARTESIAN_POINT('',(47.090000152588,-14.21000003814,3.));
#14753 = VECTOR('',#14754,1.);
#14754 = DIRECTION('',(-0.130528577022,0.991444547406,0.));
#14755 = ORIENTED_EDGE('',*,*,#14756,.T.);
#14756 = EDGE_CURVE('',#14749,#14740,#14757,.T.);
#14757 = LINE('',#14758,#14759);
#14758 = CARTESIAN_POINT('',(47.035480499268,-13.79588985443,3.));
#14759 = VECTOR('',#14760,1.);
#14760 = DIRECTION('',(0.,0.,-1.));
#14761 = PLANE('',#14762);
#14762 = AXIS2_PLACEMENT_3D('',#14763,#14764,#14765);
#14763 = CARTESIAN_POINT('',(47.062740325928,-14.00294494628,1.5));
#14764 = DIRECTION('',(-0.991444547406,-0.130528577022,-0.));
#14765 = DIRECTION('',(0.130528577022,-0.991444547406,0.));
#14766 = ADVANCED_FACE('',(#14767),#14792,.F.);
#14767 = FACE_BOUND('',#14768,.F.);
#14768 = EDGE_LOOP('',(#14769,#14777,#14778,#14786));
#14769 = ORIENTED_EDGE('',*,*,#14770,.T.);
#14770 = EDGE_CURVE('',#14771,#14740,#14773,.T.);
#14771 = VERTEX_POINT('',#14772);
#14772 = CARTESIAN_POINT('',(46.875640869141,-13.40999984741,0.));
#14773 = LINE('',#14774,#14775);
#14774 = CARTESIAN_POINT('',(46.875640869141,-13.40999984741,0.));
#14775 = VECTOR('',#14776,1.);
#14776 = DIRECTION('',(0.382680889456,-0.923880585815,0.));
#14777 = ORIENTED_EDGE('',*,*,#14756,.F.);
#14778 = ORIENTED_EDGE('',*,*,#14779,.T.);
#14779 = EDGE_CURVE('',#14749,#14780,#14782,.T.);
#14780 = VERTEX_POINT('',#14781);
#14781 = CARTESIAN_POINT('',(46.875640869141,-13.40999984741,3.));
#14782 = LINE('',#14783,#14784);
#14783 = CARTESIAN_POINT('',(47.035480499268,-13.79588985443,3.));
#14784 = VECTOR('',#14785,1.);
#14785 = DIRECTION('',(-0.382680889456,0.923880585815,0.));
#14786 = ORIENTED_EDGE('',*,*,#14787,.T.);
#14787 = EDGE_CURVE('',#14780,#14771,#14788,.T.);
#14788 = LINE('',#14789,#14790);
#14789 = CARTESIAN_POINT('',(46.875640869141,-13.40999984741,3.));
#14790 = VECTOR('',#14791,1.);
#14791 = DIRECTION('',(0.,0.,-1.));
#14792 = PLANE('',#14793);
#14793 = AXIS2_PLACEMENT_3D('',#14794,#14795,#14796);
#14794 = CARTESIAN_POINT('',(46.955560684204,-13.60294485092,1.5));
#14795 = DIRECTION('',(-0.923880585815,-0.382680889456,-0.));
#14796 = DIRECTION('',(0.382680889456,-0.923880585815,0.));
#14797 = ADVANCED_FACE('',(#14798),#14819,.F.);
#14798 = FACE_BOUND('',#14799,.F.);
#14799 = EDGE_LOOP('',(#14800,#14806,#14807,#14813));
#14800 = ORIENTED_EDGE('',*,*,#14801,.T.);
#14801 = EDGE_CURVE('',#5194,#14771,#14802,.T.);
#14802 = LINE('',#14803,#14804);
#14803 = CARTESIAN_POINT('',(46.6213722229,-13.07862949371,0.));
#14804 = VECTOR('',#14805,1.);
#14805 = DIRECTION('',(0.608760269941,-0.793354229674,0.));
#14806 = ORIENTED_EDGE('',*,*,#14787,.F.);
#14807 = ORIENTED_EDGE('',*,*,#14808,.T.);
#14808 = EDGE_CURVE('',#14780,#8698,#14809,.T.);
#14809 = LINE('',#14810,#14811);
#14810 = CARTESIAN_POINT('',(46.875640869141,-13.40999984741,3.));
#14811 = VECTOR('',#14812,1.);
#14812 = DIRECTION('',(-0.608760269941,0.793354229674,0.));
#14813 = ORIENTED_EDGE('',*,*,#14814,.F.);
#14814 = EDGE_CURVE('',#5194,#8698,#14815,.T.);
#14815 = LINE('',#14816,#14817);
#14816 = CARTESIAN_POINT('',(46.6213722229,-13.07862949371,0.));
#14817 = VECTOR('',#14818,1.);
#14818 = DIRECTION('',(0.,0.,1.));
#14819 = PLANE('',#14820);
#14820 = AXIS2_PLACEMENT_3D('',#14821,#14822,#14823);
#14821 = CARTESIAN_POINT('',(46.748506546021,-13.24431467056,1.5));
#14822 = DIRECTION('',(-0.793354229674,-0.608760269941,-0.));
#14823 = DIRECTION('',(0.608760269941,-0.793354229674,0.));
#14824 = ADVANCED_FACE('',(#14825),#14850,.F.);
#14825 = FACE_BOUND('',#14826,.F.);
#14826 = EDGE_LOOP('',(#14827,#14828,#14836,#14844));
#14827 = ORIENTED_EDGE('',*,*,#14814,.T.);
#14828 = ORIENTED_EDGE('',*,*,#14829,.T.);
#14829 = EDGE_CURVE('',#8698,#14830,#14832,.T.);
#14830 = VERTEX_POINT('',#14831);
#14831 = CARTESIAN_POINT('',(46.290000915527,-12.82435894012,3.));
#14832 = LINE('',#14833,#14834);
#14833 = CARTESIAN_POINT('',(46.6213722229,-13.07862949371,3.));
#14834 = VECTOR('',#14835,1.);
#14835 = DIRECTION('',(-0.793352870377,0.608762041413,0.));
#14836 = ORIENTED_EDGE('',*,*,#14837,.T.);
#14837 = EDGE_CURVE('',#14830,#14838,#14840,.T.);
#14838 = VERTEX_POINT('',#14839);
#14839 = CARTESIAN_POINT('',(46.290000915527,-12.82435894012,0.));
#14840 = LINE('',#14841,#14842);
#14841 = CARTESIAN_POINT('',(46.290000915527,-12.82435894012,3.));
#14842 = VECTOR('',#14843,1.);
#14843 = DIRECTION('',(0.,0.,-1.));
#14844 = ORIENTED_EDGE('',*,*,#14845,.T.);
#14845 = EDGE_CURVE('',#14838,#5194,#14846,.T.);
#14846 = LINE('',#14847,#14848);
#14847 = CARTESIAN_POINT('',(46.290000915527,-12.82435894012,0.));
#14848 = VECTOR('',#14849,1.);
#14849 = DIRECTION('',(0.793352870377,-0.608762041413,0.));
#14850 = PLANE('',#14851);
#14851 = AXIS2_PLACEMENT_3D('',#14852,#14853,#14854);
#14852 = CARTESIAN_POINT('',(46.455686569214,-12.95149421691,1.5));
#14853 = DIRECTION('',(-0.608762041413,-0.793352870377,-0.));
#14854 = DIRECTION('',(-0.793352870377,0.608762041413,0.));
#14855 = ADVANCED_FACE('',(#14856),#14881,.F.);
#14856 = FACE_BOUND('',#14857,.F.);
#14857 = EDGE_LOOP('',(#14858,#14866,#14867,#14875));
#14858 = ORIENTED_EDGE('',*,*,#14859,.T.);
#14859 = EDGE_CURVE('',#14860,#14838,#14862,.T.);
#14860 = VERTEX_POINT('',#14861);
#14861 = CARTESIAN_POINT('',(45.904109954834,-12.66451835632,0.));
#14862 = LINE('',#14863,#14864);
#14863 = CARTESIAN_POINT('',(45.904109954834,-12.66451835632,0.));
#14864 = VECTOR('',#14865,1.);
#14865 = DIRECTION('',(0.92388011294,-0.382682031083,0.));
#14866 = ORIENTED_EDGE('',*,*,#14837,.F.);
#14867 = ORIENTED_EDGE('',*,*,#14868,.T.);
#14868 = EDGE_CURVE('',#14830,#14869,#14871,.T.);
#14869 = VERTEX_POINT('',#14870);
#14870 = CARTESIAN_POINT('',(45.904109954834,-12.66451835632,3.));
#14871 = LINE('',#14872,#14873);
#14872 = CARTESIAN_POINT('',(46.290000915527,-12.82435894012,3.));
#14873 = VECTOR('',#14874,1.);
#14874 = DIRECTION('',(-0.92388011294,0.382682031083,0.));
#14875 = ORIENTED_EDGE('',*,*,#14876,.F.);
#14876 = EDGE_CURVE('',#14860,#14869,#14877,.T.);
#14877 = LINE('',#14878,#14879);
#14878 = CARTESIAN_POINT('',(45.904109954834,-12.66451835632,0.));
#14879 = VECTOR('',#14880,1.);
#14880 = DIRECTION('',(0.,0.,1.));
#14881 = PLANE('',#14882);
#14882 = AXIS2_PLACEMENT_3D('',#14883,#14884,#14885);
#14883 = CARTESIAN_POINT('',(46.097055435181,-12.74443864822,1.5));
#14884 = DIRECTION('',(-0.382682031083,-0.92388011294,-0.));
#14885 = DIRECTION('',(-0.92388011294,0.382682031083,0.));
#14886 = ADVANCED_FACE('',(#14887),#14908,.F.);
#14887 = FACE_BOUND('',#14888,.F.);
#14888 = EDGE_LOOP('',(#14889,#14890,#14896,#14902));
#14889 = ORIENTED_EDGE('',*,*,#14876,.T.);
#14890 = ORIENTED_EDGE('',*,*,#14891,.T.);
#14891 = EDGE_CURVE('',#14869,#8666,#14892,.T.);
#14892 = LINE('',#14893,#14894);
#14893 = CARTESIAN_POINT('',(45.904109954834,-12.66451835632,3.));
#14894 = VECTOR('',#14895,1.);
#14895 = DIRECTION('',(-0.991444765082,0.130526923628,0.));
#14896 = ORIENTED_EDGE('',*,*,#14897,.T.);
#14897 = EDGE_CURVE('',#8666,#5226,#14898,.T.);
#14898 = LINE('',#14899,#14900);
#14899 = CARTESIAN_POINT('',(45.490001678467,-12.60999965667,3.));
#14900 = VECTOR('',#14901,1.);
#14901 = DIRECTION('',(0.,0.,-1.));
#14902 = ORIENTED_EDGE('',*,*,#14903,.T.);
#14903 = EDGE_CURVE('',#5226,#14860,#14904,.T.);
#14904 = LINE('',#14905,#14906);
#14905 = CARTESIAN_POINT('',(45.490001678467,-12.60999965667,0.));
#14906 = VECTOR('',#14907,1.);
#14907 = DIRECTION('',(0.991444765082,-0.130526923628,0.));
#14908 = PLANE('',#14909);
#14909 = AXIS2_PLACEMENT_3D('',#14910,#14911,#14912);
#14910 = CARTESIAN_POINT('',(45.69705581665,-12.6372590065,1.5));
#14911 = DIRECTION('',(-0.130526923628,-0.991444765082,-0.));
#14912 = DIRECTION('',(-0.991444765082,0.130526923628,0.));
#14913 = ADVANCED_FACE('',(#14914),#14939,.F.);
#14914 = FACE_BOUND('',#14915,.F.);
#14915 = EDGE_LOOP('',(#14916,#14924,#14925,#14933));
#14916 = ORIENTED_EDGE('',*,*,#14917,.T.);
#14917 = EDGE_CURVE('',#14918,#5226,#14920,.T.);
#14918 = VERTEX_POINT('',#14919);
#14919 = CARTESIAN_POINT('',(45.075889587402,-12.66451835632,0.));
#14920 = LINE('',#14921,#14922);
#14921 = CARTESIAN_POINT('',(45.075889587402,-12.66451835632,0.));
#14922 = VECTOR('',#14923,1.);
#14923 = DIRECTION('',(0.991444920682,0.130525741732,0.));
#14924 = ORIENTED_EDGE('',*,*,#14897,.F.);
#14925 = ORIENTED_EDGE('',*,*,#14926,.T.);
#14926 = EDGE_CURVE('',#8666,#14927,#14929,.T.);
#14927 = VERTEX_POINT('',#14928);
#14928 = CARTESIAN_POINT('',(45.075889587402,-12.66451835632,3.));
#14929 = LINE('',#14930,#14931);
#14930 = CARTESIAN_POINT('',(45.490001678467,-12.60999965667,3.));
#14931 = VECTOR('',#14932,1.);
#14932 = DIRECTION('',(-0.991444920682,-0.130525741732,0.));
#14933 = ORIENTED_EDGE('',*,*,#14934,.T.);
#14934 = EDGE_CURVE('',#14927,#14918,#14935,.T.);
#14935 = LINE('',#14936,#14937);
#14936 = CARTESIAN_POINT('',(45.075889587402,-12.66451835632,3.));
#14937 = VECTOR('',#14938,1.);
#14938 = DIRECTION('',(0.,0.,-1.));
#14939 = PLANE('',#14940);
#14940 = AXIS2_PLACEMENT_3D('',#14941,#14942,#14943);
#14941 = CARTESIAN_POINT('',(45.282945632935,-12.6372590065,1.5));
#14942 = DIRECTION('',(0.130525741732,-0.991444920682,0.));
#14943 = DIRECTION('',(-0.991444920682,-0.130525741732,0.));
#14944 = ADVANCED_FACE('',(#14945),#14970,.F.);
#14945 = FACE_BOUND('',#14946,.F.);
#14946 = EDGE_LOOP('',(#14947,#14955,#14956,#14964));
#14947 = ORIENTED_EDGE('',*,*,#14948,.T.);
#14948 = EDGE_CURVE('',#14949,#14918,#14951,.T.);
#14949 = VERTEX_POINT('',#14950);
#14950 = CARTESIAN_POINT('',(44.689998626709,-12.82435894012,0.));
#14951 = LINE('',#14952,#14953);
#14952 = CARTESIAN_POINT('',(44.689998626709,-12.82435894012,0.));
#14953 = VECTOR('',#14954,1.);
#14954 = DIRECTION('',(0.92388011294,0.382682031083,0.));
#14955 = ORIENTED_EDGE('',*,*,#14934,.F.);
#14956 = ORIENTED_EDGE('',*,*,#14957,.T.);
#14957 = EDGE_CURVE('',#14927,#14958,#14960,.T.);
#14958 = VERTEX_POINT('',#14959);
#14959 = CARTESIAN_POINT('',(44.689998626709,-12.82435894012,3.));
#14960 = LINE('',#14961,#14962);
#14961 = CARTESIAN_POINT('',(45.075889587402,-12.66451835632,3.));
#14962 = VECTOR('',#14963,1.);
#14963 = DIRECTION('',(-0.92388011294,-0.382682031083,0.));
#14964 = ORIENTED_EDGE('',*,*,#14965,.T.);
#14965 = EDGE_CURVE('',#14958,#14949,#14966,.T.);
#14966 = LINE('',#14967,#14968);
#14967 = CARTESIAN_POINT('',(44.689998626709,-12.82435894012,3.));
#14968 = VECTOR('',#14969,1.);
#14969 = DIRECTION('',(0.,0.,-1.));
#14970 = PLANE('',#14971);
#14971 = AXIS2_PLACEMENT_3D('',#14972,#14973,#14974);
#14972 = CARTESIAN_POINT('',(44.882944107056,-12.74443864822,1.5));
#14973 = DIRECTION('',(0.382682031083,-0.92388011294,0.));
#14974 = DIRECTION('',(-0.92388011294,-0.382682031083,0.));
#14975 = ADVANCED_FACE('',(#14976),#14992,.F.);
#14976 = FACE_BOUND('',#14977,.F.);
#14977 = EDGE_LOOP('',(#14978,#14984,#14985,#14991));
#14978 = ORIENTED_EDGE('',*,*,#14979,.T.);
#14979 = EDGE_CURVE('',#5258,#14949,#14980,.T.);
#14980 = LINE('',#14981,#14982);
#14981 = CARTESIAN_POINT('',(44.358627319336,-13.07862949371,0.));
#14982 = VECTOR('',#14983,1.);
#14983 = DIRECTION('',(0.793352870377,0.608762041413,0.));
#14984 = ORIENTED_EDGE('',*,*,#14965,.F.);
#14985 = ORIENTED_EDGE('',*,*,#14986,.T.);
#14986 = EDGE_CURVE('',#14958,#8634,#14987,.T.);
#14987 = LINE('',#14988,#14989);
#14988 = CARTESIAN_POINT('',(44.689998626709,-12.82435894012,3.));
#14989 = VECTOR('',#14990,1.);
#14990 = DIRECTION('',(-0.793352870377,-0.608762041413,0.));
#14991 = ORIENTED_EDGE('',*,*,#14631,.T.);
#14992 = PLANE('',#14993);
#14993 = AXIS2_PLACEMENT_3D('',#14994,#14995,#14996);
#14994 = CARTESIAN_POINT('',(44.524312973022,-12.95149421691,1.5));
#14995 = DIRECTION('',(0.608762041413,-0.793352870377,0.));
#14996 = DIRECTION('',(-0.793352870377,-0.608762041413,0.));
#14997 = ADVANCED_FACE('',(#14998),#15009,.F.);
#14998 = FACE_BOUND('',#14999,.F.);
#14999 = EDGE_LOOP('',(#15000,#15001,#15007,#15008));
#15000 = ORIENTED_EDGE('',*,*,#8625,.F.);
#15001 = ORIENTED_EDGE('',*,*,#15002,.F.);
#15002 = EDGE_CURVE('',#5274,#8618,#15003,.T.);
#15003 = LINE('',#15004,#15005);
#15004 = CARTESIAN_POINT('',(41.621780395508,-14.54268455505,0.));
#15005 = VECTOR('',#15006,1.);
#15006 = DIRECTION('',(0.,0.,1.));
#15007 = ORIENTED_EDGE('',*,*,#5273,.F.);
#15008 = ORIENTED_EDGE('',*,*,#14624,.F.);
#15009 = PLANE('',#15010);
#15010 = AXIS2_PLACEMENT_3D('',#15011,#15012,#15013);
#15011 = CARTESIAN_POINT('',(42.258176803589,-14.54268455505,1.5));
#15012 = DIRECTION('',(-0.,-1.,-0.));
#15013 = DIRECTION('',(0.,0.,-1.));
#15014 = ADVANCED_FACE('',(#15015),#15031,.F.);
#15015 = FACE_BOUND('',#15016,.F.);
#15016 = EDGE_LOOP('',(#15017,#15018,#15024,#15025));
#15017 = ORIENTED_EDGE('',*,*,#8489,.T.);
#15018 = ORIENTED_EDGE('',*,*,#15019,.F.);
#15019 = EDGE_CURVE('',#4194,#8482,#15020,.T.);
#15020 = LINE('',#15021,#15022);
#15021 = CARTESIAN_POINT('',(17.10542678833,-14.54268455505,0.));
#15022 = VECTOR('',#15023,1.);
#15023 = DIRECTION('',(0.,0.,1.));
#15024 = ORIENTED_EDGE('',*,*,#4193,.T.);
#15025 = ORIENTED_EDGE('',*,*,#15026,.T.);
#15026 = EDGE_CURVE('',#4186,#8490,#15027,.T.);
#15027 = LINE('',#15028,#15029);
#15028 = CARTESIAN_POINT('',(18.378219604492,-14.54268455505,0.));
#15029 = VECTOR('',#15030,1.);
#15030 = DIRECTION('',(0.,0.,1.));
#15031 = PLANE('',#15032);
#15032 = AXIS2_PLACEMENT_3D('',#15033,#15034,#15035);
#15033 = CARTESIAN_POINT('',(17.741823196411,-14.54268455505,1.5));
#15034 = DIRECTION('',(-0.,-1.,-0.));
#15035 = DIRECTION('',(0.,0.,-1.));
#15036 = ADVANCED_FACE('',(#15037),#15062,.F.);
#15037 = FACE_BOUND('',#15038,.F.);
#15038 = EDGE_LOOP('',(#15039,#15040,#15048,#15056));
#15039 = ORIENTED_EDGE('',*,*,#15002,.T.);
#15040 = ORIENTED_EDGE('',*,*,#15041,.T.);
#15041 = EDGE_CURVE('',#8618,#15042,#15044,.T.);
#15042 = VERTEX_POINT('',#15043);
#15043 = CARTESIAN_POINT('',(39.545143127441,-13.15611171722,3.));
#15044 = LINE('',#15045,#15046);
#15045 = CARTESIAN_POINT('',(41.621780395508,-14.54268455505,3.));
#15046 = VECTOR('',#15047,1.);
#15047 = DIRECTION('',(-0.831653052242,0.555295597584,0.));
#15048 = ORIENTED_EDGE('',*,*,#15049,.F.);
#15049 = EDGE_CURVE('',#15050,#15042,#15052,.T.);
#15050 = VERTEX_POINT('',#15051);
#15051 = CARTESIAN_POINT('',(39.545143127441,-13.15611171722,0.));
#15052 = LINE('',#15053,#15054);
#15053 = CARTESIAN_POINT('',(39.545143127441,-13.15611171722,0.));
#15054 = VECTOR('',#15055,1.);
#15055 = DIRECTION('',(0.,0.,1.));
#15056 = ORIENTED_EDGE('',*,*,#15057,.T.);
#15057 = EDGE_CURVE('',#15050,#5274,#15058,.T.);
#15058 = LINE('',#15059,#15060);
#15059 = CARTESIAN_POINT('',(39.545143127441,-13.15611171722,0.));
#15060 = VECTOR('',#15061,1.);
#15061 = DIRECTION('',(0.831653052242,-0.555295597584,0.));
#15062 = PLANE('',#15063);
#15063 = AXIS2_PLACEMENT_3D('',#15064,#15065,#15066);
#15064 = CARTESIAN_POINT('',(40.583461761475,-13.84939813613,1.5));
#15065 = DIRECTION('',(-0.555295597584,-0.831653052242,-0.));
#15066 = DIRECTION('',(-0.831653052242,0.555295597584,0.));
#15067 = ADVANCED_FACE('',(#15068),#15093,.F.);
#15068 = FACE_BOUND('',#15069,.F.);
#15069 = EDGE_LOOP('',(#15070,#15071,#15079,#15087));
#15070 = ORIENTED_EDGE('',*,*,#15049,.T.);
#15071 = ORIENTED_EDGE('',*,*,#15072,.T.);
#15072 = EDGE_CURVE('',#15042,#15073,#15075,.T.);
#15073 = VERTEX_POINT('',#15074);
#15074 = CARTESIAN_POINT('',(37.305366516113,-12.05229187011,3.));
#15075 = LINE('',#15076,#15077);
#15076 = CARTESIAN_POINT('',(39.545143127441,-13.15611171722,3.));
#15077 = VECTOR('',#15078,1.);
#15078 = DIRECTION('',(-0.896986415857,0.442058106778,0.));
#15079 = ORIENTED_EDGE('',*,*,#15080,.F.);
#15080 = EDGE_CURVE('',#15081,#15073,#15083,.T.);
#15081 = VERTEX_POINT('',#15082);
#15082 = CARTESIAN_POINT('',(37.305366516113,-12.05229187011,0.));
#15083 = LINE('',#15084,#15085);
#15084 = CARTESIAN_POINT('',(37.305366516113,-12.05229187011,0.));
#15085 = VECTOR('',#15086,1.);
#15086 = DIRECTION('',(0.,0.,1.));
#15087 = ORIENTED_EDGE('',*,*,#15088,.T.);
#15088 = EDGE_CURVE('',#15081,#15050,#15089,.T.);
#15089 = LINE('',#15090,#15091);
#15090 = CARTESIAN_POINT('',(37.305366516113,-12.05229187011,0.));
#15091 = VECTOR('',#15092,1.);
#15092 = DIRECTION('',(0.896986415857,-0.442058106778,0.));
#15093 = PLANE('',#15094);
#15094 = AXIS2_PLACEMENT_3D('',#15095,#15096,#15097);
#15095 = CARTESIAN_POINT('',(38.425254821777,-12.60420179367,1.5));
#15096 = DIRECTION('',(-0.442058106778,-0.896986415857,-0.));
#15097 = DIRECTION('',(-0.896986415857,0.442058106778,0.));
#15098 = ADVANCED_FACE('',(#15099),#15124,.F.);
#15099 = FACE_BOUND('',#15100,.F.);
#15100 = EDGE_LOOP('',(#15101,#15102,#15110,#15118));
#15101 = ORIENTED_EDGE('',*,*,#15080,.T.);
#15102 = ORIENTED_EDGE('',*,*,#15103,.T.);
#15103 = EDGE_CURVE('',#15073,#15104,#15106,.T.);
#15104 = VERTEX_POINT('',#15105);
#15105 = CARTESIAN_POINT('',(34.940734863281,-11.25009155273,3.));
#15106 = LINE('',#15107,#15108);
#15107 = CARTESIAN_POINT('',(37.305366516113,-12.05229187011,3.));
#15108 = VECTOR('',#15109,1.);
#15109 = DIRECTION('',(-0.946989108532,0.321265666267,0.));
#15110 = ORIENTED_EDGE('',*,*,#15111,.F.);
#15111 = EDGE_CURVE('',#15112,#15104,#15114,.T.);
#15112 = VERTEX_POINT('',#15113);
#15113 = CARTESIAN_POINT('',(34.940734863281,-11.25009155273,0.));
#15114 = LINE('',#15115,#15116);
#15115 = CARTESIAN_POINT('',(34.940734863281,-11.25009155273,0.));
#15116 = VECTOR('',#15117,1.);
#15117 = DIRECTION('',(0.,0.,1.));
#15118 = ORIENTED_EDGE('',*,*,#15119,.T.);
#15119 = EDGE_CURVE('',#15112,#15081,#15120,.T.);
#15120 = LINE('',#15121,#15122);
#15121 = CARTESIAN_POINT('',(34.940734863281,-11.25009155273,0.));
#15122 = VECTOR('',#15123,1.);
#15123 = DIRECTION('',(0.946989108532,-0.321265666267,0.));
#15124 = PLANE('',#15125);
#15125 = AXIS2_PLACEMENT_3D('',#15126,#15127,#15128);
#15126 = CARTESIAN_POINT('',(36.123050689697,-11.65119171142,1.5));
#15127 = DIRECTION('',(-0.321265666267,-0.946989108532,-0.));
#15128 = DIRECTION('',(-0.946989108532,0.321265666267,0.));
#15129 = ADVANCED_FACE('',(#15130),#15155,.F.);
#15130 = FACE_BOUND('',#15131,.F.);
#15131 = EDGE_LOOP('',(#15132,#15133,#15141,#15149));
#15132 = ORIENTED_EDGE('',*,*,#15111,.T.);
#15133 = ORIENTED_EDGE('',*,*,#15134,.T.);
#15134 = EDGE_CURVE('',#15104,#15135,#15137,.T.);
#15135 = VERTEX_POINT('',#15136);
#15136 = CARTESIAN_POINT('',(32.491661071777,-10.76321983337,3.));
#15137 = LINE('',#15138,#15139);
#15138 = CARTESIAN_POINT('',(34.940734863281,-11.25009155273,3.));
#15139 = VECTOR('',#15140,1.);
#15140 = DIRECTION('',(-0.980806680438,0.19498270592,0.));
#15141 = ORIENTED_EDGE('',*,*,#15142,.F.);
#15142 = EDGE_CURVE('',#15143,#15135,#15145,.T.);
#15143 = VERTEX_POINT('',#15144);
#15144 = CARTESIAN_POINT('',(32.491661071777,-10.76321983337,0.));
#15145 = LINE('',#15146,#15147);
#15146 = CARTESIAN_POINT('',(32.491661071777,-10.76321983337,0.));
#15147 = VECTOR('',#15148,1.);
#15148 = DIRECTION('',(0.,0.,1.));
#15149 = ORIENTED_EDGE('',*,*,#15150,.T.);
#15150 = EDGE_CURVE('',#15143,#15112,#15151,.T.);
#15151 = LINE('',#15152,#15153);
#15152 = CARTESIAN_POINT('',(32.491661071777,-10.76321983337,0.));
#15153 = VECTOR('',#15154,1.);
#15154 = DIRECTION('',(0.980806680438,-0.19498270592,0.));
#15155 = PLANE('',#15156);
#15156 = AXIS2_PLACEMENT_3D('',#15157,#15158,#15159);
#15157 = CARTESIAN_POINT('',(33.716197967529,-11.00665569305,1.5));
#15158 = DIRECTION('',(-0.19498270592,-0.980806680438,-0.));
#15159 = DIRECTION('',(-0.980806680438,0.19498270592,0.));
#15160 = ADVANCED_FACE('',(#15161),#15182,.F.);
#15161 = FACE_BOUND('',#15162,.F.);
#15162 = EDGE_LOOP('',(#15163,#15164,#15170,#15176));
#15163 = ORIENTED_EDGE('',*,*,#15142,.T.);
#15164 = ORIENTED_EDGE('',*,*,#15165,.T.);
#15165 = EDGE_CURVE('',#15135,#8554,#15166,.T.);
#15166 = LINE('',#15167,#15168);
#15167 = CARTESIAN_POINT('',(32.491661071777,-10.76321983337,3.));
#15168 = VECTOR('',#15169,1.);
#15169 = DIRECTION('',(-0.997861343924,6.536618622677E-02,0.));
#15170 = ORIENTED_EDGE('',*,*,#15171,.T.);
#15171 = EDGE_CURVE('',#8554,#4120,#15172,.T.);
#15172 = LINE('',#15173,#15174);
#15173 = CARTESIAN_POINT('',(30.,-10.60000038147,3.));
#15174 = VECTOR('',#15175,1.);
#15175 = DIRECTION('',(0.,0.,-1.));
#15176 = ORIENTED_EDGE('',*,*,#15177,.T.);
#15177 = EDGE_CURVE('',#4120,#15143,#15178,.T.);
#15178 = LINE('',#15179,#15180);
#15179 = CARTESIAN_POINT('',(30.,-10.60000038147,0.));
#15180 = VECTOR('',#15181,1.);
#15181 = DIRECTION('',(0.997861343924,-6.536618622677E-02,0.));
#15182 = PLANE('',#15183);
#15183 = AXIS2_PLACEMENT_3D('',#15184,#15185,#15186);
#15184 = CARTESIAN_POINT('',(31.245830535889,-10.68161010742,1.5));
#15185 = DIRECTION('',(-6.536618622677E-02,-0.997861343924,-0.));
#15186 = DIRECTION('',(-0.997861343924,6.536618622677E-02,0.));
#15187 = ADVANCED_FACE('',(#15188),#15213,.F.);
#15188 = FACE_BOUND('',#15189,.F.);
#15189 = EDGE_LOOP('',(#15190,#15198,#15199,#15207));
#15190 = ORIENTED_EDGE('',*,*,#15191,.T.);
#15191 = EDGE_CURVE('',#15192,#4120,#15194,.T.);
#15192 = VERTEX_POINT('',#15193);
#15193 = CARTESIAN_POINT('',(27.508338928223,-10.76321983337,0.));
#15194 = LINE('',#15195,#15196);
#15195 = CARTESIAN_POINT('',(27.508338928223,-10.76321983337,0.));
#15196 = VECTOR('',#15197,1.);
#15197 = DIRECTION('',(0.997861343924,6.536618622677E-02,0.));
#15198 = ORIENTED_EDGE('',*,*,#15171,.F.);
#15199 = ORIENTED_EDGE('',*,*,#15200,.T.);
#15200 = EDGE_CURVE('',#8554,#15201,#15203,.T.);
#15201 = VERTEX_POINT('',#15202);
#15202 = CARTESIAN_POINT('',(27.508338928223,-10.76321983337,3.));
#15203 = LINE('',#15204,#15205);
#15204 = CARTESIAN_POINT('',(30.,-10.60000038147,3.));
#15205 = VECTOR('',#15206,1.);
#15206 = DIRECTION('',(-0.997861343924,-6.536618622677E-02,0.));
#15207 = ORIENTED_EDGE('',*,*,#15208,.T.);
#15208 = EDGE_CURVE('',#15201,#15192,#15209,.T.);
#15209 = LINE('',#15210,#15211);
#15210 = CARTESIAN_POINT('',(27.508338928223,-10.76321983337,3.));
#15211 = VECTOR('',#15212,1.);
#15212 = DIRECTION('',(0.,0.,-1.));
#15213 = PLANE('',#15214);
#15214 = AXIS2_PLACEMENT_3D('',#15215,#15216,#15217);
#15215 = CARTESIAN_POINT('',(28.754169464111,-10.68161010742,1.5));
#15216 = DIRECTION('',(6.536618622677E-02,-0.997861343924,0.));
#15217 = DIRECTION('',(-0.997861343924,-6.536618622677E-02,0.));
#15218 = ADVANCED_FACE('',(#15219),#15244,.F.);
#15219 = FACE_BOUND('',#15220,.F.);
#15220 = EDGE_LOOP('',(#15221,#15229,#15230,#15238));
#15221 = ORIENTED_EDGE('',*,*,#15222,.T.);
#15222 = EDGE_CURVE('',#15223,#15192,#15225,.T.);
#15223 = VERTEX_POINT('',#15224);
#15224 = CARTESIAN_POINT('',(25.059265136719,-11.25009155273,0.));
#15225 = LINE('',#15226,#15227);
#15226 = CARTESIAN_POINT('',(25.059265136719,-11.25009155273,0.));
#15227 = VECTOR('',#15228,1.);
#15228 = DIRECTION('',(0.980806680438,0.19498270592,0.));
#15229 = ORIENTED_EDGE('',*,*,#15208,.F.);
#15230 = ORIENTED_EDGE('',*,*,#15231,.T.);
#15231 = EDGE_CURVE('',#15201,#15232,#15234,.T.);
#15232 = VERTEX_POINT('',#15233);
#15233 = CARTESIAN_POINT('',(25.059265136719,-11.25009155273,3.));
#15234 = LINE('',#15235,#15236);
#15235 = CARTESIAN_POINT('',(27.508338928223,-10.76321983337,3.));
#15236 = VECTOR('',#15237,1.);
#15237 = DIRECTION('',(-0.980806680438,-0.19498270592,0.));
#15238 = ORIENTED_EDGE('',*,*,#15239,.T.);
#15239 = EDGE_CURVE('',#15232,#15223,#15240,.T.);
#15240 = LINE('',#15241,#15242);
#15241 = CARTESIAN_POINT('',(25.059265136719,-11.25009155273,3.));
#15242 = VECTOR('',#15243,1.);
#15243 = DIRECTION('',(0.,0.,-1.));
#15244 = PLANE('',#15245);
#15245 = AXIS2_PLACEMENT_3D('',#15246,#15247,#15248);
#15246 = CARTESIAN_POINT('',(26.283802032471,-11.00665569305,1.5));
#15247 = DIRECTION('',(0.19498270592,-0.980806680438,0.));
#15248 = DIRECTION('',(-0.980806680438,-0.19498270592,0.));
#15249 = ADVANCED_FACE('',(#15250),#15275,.F.);
#15250 = FACE_BOUND('',#15251,.F.);
#15251 = EDGE_LOOP('',(#15252,#15260,#15261,#15269));
#15252 = ORIENTED_EDGE('',*,*,#15253,.T.);
#15253 = EDGE_CURVE('',#15254,#15223,#15256,.T.);
#15254 = VERTEX_POINT('',#15255);
#15255 = CARTESIAN_POINT('',(22.694631576538,-12.05229187011,0.));
#15256 = LINE('',#15257,#15258);
#15257 = CARTESIAN_POINT('',(22.694631576538,-12.05229187011,0.));
#15258 = VECTOR('',#15259,1.);
#15259 = DIRECTION('',(0.946989187371,0.321265433875,0.));
#15260 = ORIENTED_EDGE('',*,*,#15239,.F.);
#15261 = ORIENTED_EDGE('',*,*,#15262,.T.);
#15262 = EDGE_CURVE('',#15232,#15263,#15265,.T.);
#15263 = VERTEX_POINT('',#15264);
#15264 = CARTESIAN_POINT('',(22.694631576538,-12.05229187011,3.));
#15265 = LINE('',#15266,#15267);
#15266 = CARTESIAN_POINT('',(25.059265136719,-11.25009155273,3.));
#15267 = VECTOR('',#15268,1.);
#15268 = DIRECTION('',(-0.946989187371,-0.321265433875,0.));
#15269 = ORIENTED_EDGE('',*,*,#15270,.T.);
#15270 = EDGE_CURVE('',#15263,#15254,#15271,.T.);
#15271 = LINE('',#15272,#15273);
#15272 = CARTESIAN_POINT('',(22.694631576538,-12.05229187011,3.));
#15273 = VECTOR('',#15274,1.);
#15274 = DIRECTION('',(0.,0.,-1.));
#15275 = PLANE('',#15276);
#15276 = AXIS2_PLACEMENT_3D('',#15277,#15278,#15279);
#15277 = CARTESIAN_POINT('',(23.876948356628,-11.65119171142,1.5));
#15278 = DIRECTION('',(0.321265433875,-0.946989187371,0.));
#15279 = DIRECTION('',(-0.946989187371,-0.321265433875,0.));
#15280 = ADVANCED_FACE('',(#15281),#15306,.F.);
#15281 = FACE_BOUND('',#15282,.F.);
#15282 = EDGE_LOOP('',(#15283,#15291,#15292,#15300));
#15283 = ORIENTED_EDGE('',*,*,#15284,.T.);
#15284 = EDGE_CURVE('',#15285,#15254,#15287,.T.);
#15285 = VERTEX_POINT('',#15286);
#15286 = CARTESIAN_POINT('',(20.454856872559,-13.15611171722,0.));
#15287 = LINE('',#15288,#15289);
#15288 = CARTESIAN_POINT('',(20.454856872559,-13.15611171722,0.));
#15289 = VECTOR('',#15290,1.);
#15290 = DIRECTION('',(0.896986266588,0.442058409662,0.));
#15291 = ORIENTED_EDGE('',*,*,#15270,.F.);
#15292 = ORIENTED_EDGE('',*,*,#15293,.T.);
#15293 = EDGE_CURVE('',#15263,#15294,#15296,.T.);
#15294 = VERTEX_POINT('',#15295);
#15295 = CARTESIAN_POINT('',(20.454856872559,-13.15611171722,3.));
#15296 = LINE('',#15297,#15298);
#15297 = CARTESIAN_POINT('',(22.694631576538,-12.05229187011,3.));
#15298 = VECTOR('',#15299,1.);
#15299 = DIRECTION('',(-0.896986266588,-0.442058409662,0.));
#15300 = ORIENTED_EDGE('',*,*,#15301,.T.);
#15301 = EDGE_CURVE('',#15294,#15285,#15302,.T.);
#15302 = LINE('',#15303,#15304);
#15303 = CARTESIAN_POINT('',(20.454856872559,-13.15611171722,3.));
#15304 = VECTOR('',#15305,1.);
#15305 = DIRECTION('',(0.,0.,-1.));
#15306 = PLANE('',#15307);
#15307 = AXIS2_PLACEMENT_3D('',#15308,#15309,#15310);
#15308 = CARTESIAN_POINT('',(21.574744224548,-12.60420179367,1.5));
#15309 = DIRECTION('',(0.442058409662,-0.896986266588,0.));
#15310 = DIRECTION('',(-0.896986266588,-0.442058409662,0.));
#15311 = ADVANCED_FACE('',(#15312),#15328,.F.);
#15312 = FACE_BOUND('',#15313,.F.);
#15313 = EDGE_LOOP('',(#15314,#15320,#15321,#15327));
#15314 = ORIENTED_EDGE('',*,*,#15315,.T.);
#15315 = EDGE_CURVE('',#4186,#15285,#15316,.T.);
#15316 = LINE('',#15317,#15318);
#15317 = CARTESIAN_POINT('',(18.378219604492,-14.54268455505,0.));
#15318 = VECTOR('',#15319,1.);
#15319 = DIRECTION('',(0.831653052242,0.555295597584,0.));
#15320 = ORIENTED_EDGE('',*,*,#15301,.F.);
#15321 = ORIENTED_EDGE('',*,*,#15322,.T.);
#15322 = EDGE_CURVE('',#15294,#8490,#15323,.T.);
#15323 = LINE('',#15324,#15325);
#15324 = CARTESIAN_POINT('',(20.454856872559,-13.15611171722,3.));
#15325 = VECTOR('',#15326,1.);
#15326 = DIRECTION('',(-0.831653052242,-0.555295597584,0.));
#15327 = ORIENTED_EDGE('',*,*,#15026,.F.);
#15328 = PLANE('',#15329);
#15329 = AXIS2_PLACEMENT_3D('',#15330,#15331,#15332);
#15330 = CARTESIAN_POINT('',(19.416538238525,-13.84939813613,1.5));
#15331 = DIRECTION('',(0.555295597584,-0.831653052242,0.));
#15332 = DIRECTION('',(-0.831653052242,-0.555295597584,0.));
#15333 = ADVANCED_FACE('',(#15334),#15350,.F.);
#15334 = FACE_BOUND('',#15335,.F.);
#15335 = EDGE_LOOP('',(#15336,#15337,#15343,#15344));
#15336 = ORIENTED_EDGE('',*,*,#8313,.F.);
#15337 = ORIENTED_EDGE('',*,*,#15338,.T.);
#15338 = EDGE_CURVE('',#8306,#4370,#15339,.T.);
#15339 = LINE('',#15340,#15341);
#15340 = CARTESIAN_POINT('',(14.842684745789,-16.80542564392,3.));
#15341 = VECTOR('',#15342,1.);
#15342 = DIRECTION('',(0.,0.,-1.));
#15343 = ORIENTED_EDGE('',*,*,#4369,.F.);
#15344 = ORIENTED_EDGE('',*,*,#15345,.F.);
#15345 = EDGE_CURVE('',#8314,#4362,#15346,.T.);
#15346 = LINE('',#15347,#15348);
#15347 = CARTESIAN_POINT('',(13.378628730774,-15.34137058258,3.));
#15348 = VECTOR('',#15349,1.);
#15349 = DIRECTION('',(0.,0.,-1.));
#15350 = PLANE('',#15351);
#15351 = AXIS2_PLACEMENT_3D('',#15352,#15353,#15354);
#15352 = CARTESIAN_POINT('',(14.110656738281,-16.07339811325,1.5));
#15353 = DIRECTION('',(0.707106550885,0.707107011488,0.));
#15354 = DIRECTION('',(0.707107011488,-0.707106550885,0.));
#15355 = ADVANCED_FACE('',(#15356),#15386,.F.);
#15356 = FACE_BOUND('',#15357,.F.);
#15357 = EDGE_LOOP('',(#15358,#15366,#15374,#15380));
#15358 = ORIENTED_EDGE('',*,*,#15359,.T.);
#15359 = EDGE_CURVE('',#8474,#15360,#15362,.T.);
#15360 = VERTEX_POINT('',#15361);
#15361 = CARTESIAN_POINT('',(15.310000419617,-12.82435894012,3.));
#15362 = LINE('',#15363,#15364);
#15363 = CARTESIAN_POINT('',(15.641370773315,-13.07862949371,3.));
#15364 = VECTOR('',#15365,1.);
#15365 = DIRECTION('',(-0.793352024226,0.608763144135,0.));
#15366 = ORIENTED_EDGE('',*,*,#15367,.T.);
#15367 = EDGE_CURVE('',#15360,#15368,#15370,.T.);
#15368 = VERTEX_POINT('',#15369);
#15369 = CARTESIAN_POINT('',(15.310000419617,-12.82435894012,0.));
#15370 = LINE('',#15371,#15372);
#15371 = CARTESIAN_POINT('',(15.310000419617,-12.82435894012,3.));
#15372 = VECTOR('',#15373,1.);
#15373 = DIRECTION('',(0.,0.,-1.));
#15374 = ORIENTED_EDGE('',*,*,#15375,.T.);
#15375 = EDGE_CURVE('',#15368,#4202,#15376,.T.);
#15376 = LINE('',#15377,#15378);
#15377 = CARTESIAN_POINT('',(15.310000419617,-12.82435894012,0.));
#15378 = VECTOR('',#15379,1.);
#15379 = DIRECTION('',(0.793352024226,-0.608763144135,0.));
#15380 = ORIENTED_EDGE('',*,*,#15381,.T.);
#15381 = EDGE_CURVE('',#4202,#8474,#15382,.T.);
#15382 = LINE('',#15383,#15384);
#15383 = CARTESIAN_POINT('',(15.641370773315,-13.07862949371,0.));
#15384 = VECTOR('',#15385,1.);
#15385 = DIRECTION('',(0.,0.,1.));
#15386 = PLANE('',#15387);
#15387 = AXIS2_PLACEMENT_3D('',#15388,#15389,#15390);
#15388 = CARTESIAN_POINT('',(15.475685596466,-12.95149421691,1.5));
#15389 = DIRECTION('',(-0.608763144135,-0.793352024226,-0.));
#15390 = DIRECTION('',(-0.793352024226,0.608763144135,0.));
#15391 = ADVANCED_FACE('',(#15392),#15417,.F.);
#15392 = FACE_BOUND('',#15393,.F.);
#15393 = EDGE_LOOP('',(#15394,#15402,#15403,#15411));
#15394 = ORIENTED_EDGE('',*,*,#15395,.T.);
#15395 = EDGE_CURVE('',#15396,#15368,#15398,.T.);
#15396 = VERTEX_POINT('',#15397);
#15397 = CARTESIAN_POINT('',(14.924110412598,-12.66451835632,0.));
#15398 = LINE('',#15399,#15400);
#15399 = CARTESIAN_POINT('',(14.924110412598,-12.66451835632,0.));
#15400 = VECTOR('',#15401,1.);
#15401 = DIRECTION('',(0.923879778569,-0.382682838329,0.));
#15402 = ORIENTED_EDGE('',*,*,#15367,.F.);
#15403 = ORIENTED_EDGE('',*,*,#15404,.T.);
#15404 = EDGE_CURVE('',#15360,#15405,#15407,.T.);
#15405 = VERTEX_POINT('',#15406);
#15406 = CARTESIAN_POINT('',(14.924110412598,-12.66451835632,3.));
#15407 = LINE('',#15408,#15409);
#15408 = CARTESIAN_POINT('',(15.310000419617,-12.82435894012,3.));
#15409 = VECTOR('',#15410,1.);
#15410 = DIRECTION('',(-0.923879778569,0.382682838329,0.));
#15411 = ORIENTED_EDGE('',*,*,#15412,.T.);
#15412 = EDGE_CURVE('',#15405,#15396,#15413,.T.);
#15413 = LINE('',#15414,#15415);
#15414 = CARTESIAN_POINT('',(14.924110412598,-12.66451835632,3.));
#15415 = VECTOR('',#15416,1.);
#15416 = DIRECTION('',(0.,0.,-1.));
#15417 = PLANE('',#15418);
#15418 = AXIS2_PLACEMENT_3D('',#15419,#15420,#15421);
#15419 = CARTESIAN_POINT('',(15.117055416107,-12.74443864822,1.5));
#15420 = DIRECTION('',(-0.382682838329,-0.923879778569,-0.));
#15421 = DIRECTION('',(-0.923879778569,0.382682838329,0.));
#15422 = ADVANCED_FACE('',(#15423),#15448,.F.);
#15423 = FACE_BOUND('',#15424,.F.);
#15424 = EDGE_LOOP('',(#15425,#15433,#15434,#15442));
#15425 = ORIENTED_EDGE('',*,*,#15426,.T.);
#15426 = EDGE_CURVE('',#15427,#15396,#15429,.T.);
#15427 = VERTEX_POINT('',#15428);
#15428 = CARTESIAN_POINT('',(14.510000228882,-12.60999965667,0.));
#15429 = LINE('',#15430,#15431);
#15430 = CARTESIAN_POINT('',(14.510000228882,-12.60999965667,0.));
#15431 = VECTOR('',#15432,1.);
#15432 = DIRECTION('',(0.991444842882,-0.130526332677,0.));
#15433 = ORIENTED_EDGE('',*,*,#15412,.F.);
#15434 = ORIENTED_EDGE('',*,*,#15435,.T.);
#15435 = EDGE_CURVE('',#15405,#15436,#15438,.T.);
#15436 = VERTEX_POINT('',#15437);
#15437 = CARTESIAN_POINT('',(14.510000228882,-12.60999965667,3.));
#15438 = LINE('',#15439,#15440);
#15439 = CARTESIAN_POINT('',(14.924110412598,-12.66451835632,3.));
#15440 = VECTOR('',#15441,1.);
#15441 = DIRECTION('',(-0.991444842882,0.130526332677,0.));
#15442 = ORIENTED_EDGE('',*,*,#15443,.T.);
#15443 = EDGE_CURVE('',#15436,#15427,#15444,.T.);
#15444 = LINE('',#15445,#15446);
#15445 = CARTESIAN_POINT('',(14.510000228882,-12.60999965667,3.));
#15446 = VECTOR('',#15447,1.);
#15447 = DIRECTION('',(0.,0.,-1.));
#15448 = PLANE('',#15449);
#15449 = AXIS2_PLACEMENT_3D('',#15450,#15451,#15452);
#15450 = CARTESIAN_POINT('',(14.71705532074,-12.6372590065,1.5));
#15451 = DIRECTION('',(-0.130526332677,-0.991444842882,-0.));
#15452 = DIRECTION('',(-0.991444842882,0.130526332677,0.));
#15453 = ADVANCED_FACE('',(#15454),#15479,.F.);
#15454 = FACE_BOUND('',#15455,.F.);
#15455 = EDGE_LOOP('',(#15456,#15464,#15465,#15473));
#15456 = ORIENTED_EDGE('',*,*,#15457,.T.);
#15457 = EDGE_CURVE('',#15458,#15427,#15460,.T.);
#15458 = VERTEX_POINT('',#15459);
#15459 = CARTESIAN_POINT('',(14.095889091492,-12.66451835632,0.));
#15460 = LINE('',#15461,#15462);
#15461 = CARTESIAN_POINT('',(14.095889091492,-12.66451835632,0.));
#15462 = VECTOR('',#15463,1.);
#15463 = DIRECTION('',(0.991444881782,0.130526037204,0.));
#15464 = ORIENTED_EDGE('',*,*,#15443,.F.);
#15465 = ORIENTED_EDGE('',*,*,#15466,.T.);
#15466 = EDGE_CURVE('',#15436,#15467,#15469,.T.);
#15467 = VERTEX_POINT('',#15468);
#15468 = CARTESIAN_POINT('',(14.095889091492,-12.66451835632,3.));
#15469 = LINE('',#15470,#15471);
#15470 = CARTESIAN_POINT('',(14.510000228882,-12.60999965667,3.));
#15471 = VECTOR('',#15472,1.);
#15472 = DIRECTION('',(-0.991444881782,-0.130526037204,0.));
#15473 = ORIENTED_EDGE('',*,*,#15474,.T.);
#15474 = EDGE_CURVE('',#15467,#15458,#15475,.T.);
#15475 = LINE('',#15476,#15477);
#15476 = CARTESIAN_POINT('',(14.095889091492,-12.66451835632,3.));
#15477 = VECTOR('',#15478,1.);
#15478 = DIRECTION('',(0.,0.,-1.));
#15479 = PLANE('',#15480);
#15480 = AXIS2_PLACEMENT_3D('',#15481,#15482,#15483);
#15481 = CARTESIAN_POINT('',(14.302944660187,-12.6372590065,1.5));
#15482 = DIRECTION('',(0.130526037204,-0.991444881782,0.));
#15483 = DIRECTION('',(-0.991444881782,-0.130526037204,0.));
#15484 = ADVANCED_FACE('',(#15485),#15510,.F.);
#15485 = FACE_BOUND('',#15486,.F.);
#15486 = EDGE_LOOP('',(#15487,#15495,#15496,#15504));
#15487 = ORIENTED_EDGE('',*,*,#15488,.T.);
#15488 = EDGE_CURVE('',#15489,#15458,#15491,.T.);
#15489 = VERTEX_POINT('',#15490);
#15490 = CARTESIAN_POINT('',(13.710000038147,-12.82435894012,0.));
#15491 = LINE('',#15492,#15493);
#15492 = CARTESIAN_POINT('',(13.710000038147,-12.82435894012,0.));
#15493 = VECTOR('',#15494,1.);
#15494 = DIRECTION('',(0.923879444196,0.382683645577,0.));
#15495 = ORIENTED_EDGE('',*,*,#15474,.F.);
#15496 = ORIENTED_EDGE('',*,*,#15497,.T.);
#15497 = EDGE_CURVE('',#15467,#15498,#15500,.T.);
#15498 = VERTEX_POINT('',#15499);
#15499 = CARTESIAN_POINT('',(13.710000038147,-12.82435894012,3.));
#15500 = LINE('',#15501,#15502);
#15501 = CARTESIAN_POINT('',(14.095889091492,-12.66451835632,3.));
#15502 = VECTOR('',#15503,1.);
#15503 = DIRECTION('',(-0.923879444196,-0.382683645577,0.));
#15504 = ORIENTED_EDGE('',*,*,#15505,.T.);
#15505 = EDGE_CURVE('',#15498,#15489,#15506,.T.);
#15506 = LINE('',#15507,#15508);
#15507 = CARTESIAN_POINT('',(13.710000038147,-12.82435894012,3.));
#15508 = VECTOR('',#15509,1.);
#15509 = DIRECTION('',(0.,0.,-1.));
#15510 = PLANE('',#15511);
#15511 = AXIS2_PLACEMENT_3D('',#15512,#15513,#15514);
#15512 = CARTESIAN_POINT('',(13.902944564819,-12.74443864822,1.5));
#15513 = DIRECTION('',(0.382683645577,-0.923879444196,0.));
#15514 = DIRECTION('',(-0.923879444196,-0.382683645577,0.));
#15515 = ADVANCED_FACE('',(#15516),#15541,.F.);
#15516 = FACE_BOUND('',#15517,.F.);
#15517 = EDGE_LOOP('',(#15518,#15526,#15527,#15535));
#15518 = ORIENTED_EDGE('',*,*,#15519,.T.);
#15519 = EDGE_CURVE('',#15520,#15489,#15522,.T.);
#15520 = VERTEX_POINT('',#15521);
#15521 = CARTESIAN_POINT('',(13.378628730774,-13.07862949371,0.));
#15522 = LINE('',#15523,#15524);
#15523 = CARTESIAN_POINT('',(13.378628730774,-13.07862949371,0.));
#15524 = VECTOR('',#15525,1.);
#15525 = DIRECTION('',(0.793352870377,0.608762041413,0.));
#15526 = ORIENTED_EDGE('',*,*,#15505,.F.);
#15527 = ORIENTED_EDGE('',*,*,#15528,.T.);
#15528 = EDGE_CURVE('',#15498,#15529,#15531,.T.);
#15529 = VERTEX_POINT('',#15530);
#15530 = CARTESIAN_POINT('',(13.378628730774,-13.07862949371,3.));
#15531 = LINE('',#15532,#15533);
#15532 = CARTESIAN_POINT('',(13.710000038147,-12.82435894012,3.));
#15533 = VECTOR('',#15534,1.);
#15534 = DIRECTION('',(-0.793352870377,-0.608762041413,0.));
#15535 = ORIENTED_EDGE('',*,*,#15536,.T.);
#15536 = EDGE_CURVE('',#15529,#15520,#15537,.T.);
#15537 = LINE('',#15538,#15539);
#15538 = CARTESIAN_POINT('',(13.378628730774,-13.07862949371,3.));
#15539 = VECTOR('',#15540,1.);
#15540 = DIRECTION('',(0.,0.,-1.));
#15541 = PLANE('',#15542);
#15542 = AXIS2_PLACEMENT_3D('',#15543,#15544,#15545);
#15543 = CARTESIAN_POINT('',(13.54431438446,-12.95149421691,1.5));
#15544 = DIRECTION('',(0.608762041413,-0.793352870377,0.));
#15545 = DIRECTION('',(-0.793352870377,-0.608762041413,0.));
#15546 = ADVANCED_FACE('',(#15547),#15572,.F.);
#15547 = FACE_BOUND('',#15548,.F.);
#15548 = EDGE_LOOP('',(#15549,#15557,#15558,#15566));
#15549 = ORIENTED_EDGE('',*,*,#15550,.T.);
#15550 = EDGE_CURVE('',#15551,#15520,#15553,.T.);
#15551 = VERTEX_POINT('',#15552);
#15552 = CARTESIAN_POINT('',(13.124359130859,-13.40999984741,0.));
#15553 = LINE('',#15554,#15555);
#15554 = CARTESIAN_POINT('',(13.124359130859,-13.40999984741,0.));
#15555 = VECTOR('',#15556,1.);
#15556 = DIRECTION('',(0.608761707041,0.79335312695,0.));
#15557 = ORIENTED_EDGE('',*,*,#15536,.F.);
#15558 = ORIENTED_EDGE('',*,*,#15559,.T.);
#15559 = EDGE_CURVE('',#15529,#15560,#15562,.T.);
#15560 = VERTEX_POINT('',#15561);
#15561 = CARTESIAN_POINT('',(13.124359130859,-13.40999984741,3.));
#15562 = LINE('',#15563,#15564);
#15563 = CARTESIAN_POINT('',(13.378628730774,-13.07862949371,3.));
#15564 = VECTOR('',#15565,1.);
#15565 = DIRECTION('',(-0.608761707041,-0.79335312695,0.));
#15566 = ORIENTED_EDGE('',*,*,#15567,.T.);
#15567 = EDGE_CURVE('',#15560,#15551,#15568,.T.);
#15568 = LINE('',#15569,#15570);
#15569 = CARTESIAN_POINT('',(13.124359130859,-13.40999984741,3.));
#15570 = VECTOR('',#15571,1.);
#15571 = DIRECTION('',(0.,0.,-1.));
#15572 = PLANE('',#15573);
#15573 = AXIS2_PLACEMENT_3D('',#15574,#15575,#15576);
#15574 = CARTESIAN_POINT('',(13.251493930817,-13.24431467056,1.5));
#15575 = DIRECTION('',(0.79335312695,-0.608761707041,0.));
#15576 = DIRECTION('',(0.608761707041,0.79335312695,0.));
#15577 = ADVANCED_FACE('',(#15578),#15603,.F.);
#15578 = FACE_BOUND('',#15579,.F.);
#15579 = EDGE_LOOP('',(#15580,#15588,#15589,#15597));
#15580 = ORIENTED_EDGE('',*,*,#15581,.T.);
#15581 = EDGE_CURVE('',#15582,#15551,#15584,.T.);
#15582 = VERTEX_POINT('',#15583);
#15583 = CARTESIAN_POINT('',(12.964518547058,-13.79588985443,0.));
#15584 = LINE('',#15585,#15586);
#15585 = CARTESIAN_POINT('',(12.964518547058,-13.79588985443,0.));
#15586 = VECTOR('',#15587,1.);
#15587 = DIRECTION('',(0.382682838329,0.923879778569,0.));
#15588 = ORIENTED_EDGE('',*,*,#15567,.F.);
#15589 = ORIENTED_EDGE('',*,*,#15590,.T.);
#15590 = EDGE_CURVE('',#15560,#15591,#15593,.T.);
#15591 = VERTEX_POINT('',#15592);
#15592 = CARTESIAN_POINT('',(12.964518547058,-13.79588985443,3.));
#15593 = LINE('',#15594,#15595);
#15594 = CARTESIAN_POINT('',(13.124359130859,-13.40999984741,3.));
#15595 = VECTOR('',#15596,1.);
#15596 = DIRECTION('',(-0.382682838329,-0.923879778569,0.));
#15597 = ORIENTED_EDGE('',*,*,#15598,.T.);
#15598 = EDGE_CURVE('',#15591,#15582,#15599,.T.);
#15599 = LINE('',#15600,#15601);
#15600 = CARTESIAN_POINT('',(12.964518547058,-13.79588985443,3.));
#15601 = VECTOR('',#15602,1.);
#15602 = DIRECTION('',(0.,0.,-1.));
#15603 = PLANE('',#15604);
#15604 = AXIS2_PLACEMENT_3D('',#15605,#15606,#15607);
#15605 = CARTESIAN_POINT('',(13.044438838959,-13.60294485092,1.5));
#15606 = DIRECTION('',(0.923879778569,-0.382682838329,0.));
#15607 = DIRECTION('',(0.382682838329,0.923879778569,0.));
#15608 = ADVANCED_FACE('',(#15609),#15630,.F.);
#15609 = FACE_BOUND('',#15610,.F.);
#15610 = EDGE_LOOP('',(#15611,#15617,#15618,#15624));
#15611 = ORIENTED_EDGE('',*,*,#15612,.T.);
#15612 = EDGE_CURVE('',#4330,#15582,#15613,.T.);
#15613 = LINE('',#15614,#15615);
#15614 = CARTESIAN_POINT('',(12.909999847412,-14.21000003814,0.));
#15615 = VECTOR('',#15616,1.);
#15616 = DIRECTION('',(0.130526332677,0.991444842882,0.));
#15617 = ORIENTED_EDGE('',*,*,#15598,.F.);
#15618 = ORIENTED_EDGE('',*,*,#15619,.T.);
#15619 = EDGE_CURVE('',#15591,#8346,#15620,.T.);
#15620 = LINE('',#15621,#15622);
#15621 = CARTESIAN_POINT('',(12.964518547058,-13.79588985443,3.));
#15622 = VECTOR('',#15623,1.);
#15623 = DIRECTION('',(-0.130526332677,-0.991444842882,0.));
#15624 = ORIENTED_EDGE('',*,*,#15625,.T.);
#15625 = EDGE_CURVE('',#8346,#4330,#15626,.T.);
#15626 = LINE('',#15627,#15628);
#15627 = CARTESIAN_POINT('',(12.909999847412,-14.21000003814,3.));
#15628 = VECTOR('',#15629,1.);
#15629 = DIRECTION('',(0.,0.,-1.));
#15630 = PLANE('',#15631);
#15631 = AXIS2_PLACEMENT_3D('',#15632,#15633,#15634);
#15632 = CARTESIAN_POINT('',(12.937259197235,-14.00294494628,1.5));
#15633 = DIRECTION('',(0.991444842882,-0.130526332677,0.));
#15634 = DIRECTION('',(0.130526332677,0.991444842882,0.));
#15635 = ADVANCED_FACE('',(#15636),#15661,.F.);
#15636 = FACE_BOUND('',#15637,.F.);
#15637 = EDGE_LOOP('',(#15638,#15646,#15647,#15655));
#15638 = ORIENTED_EDGE('',*,*,#15639,.T.);
#15639 = EDGE_CURVE('',#15640,#4330,#15642,.T.);
#15640 = VERTEX_POINT('',#15641);
#15641 = CARTESIAN_POINT('',(12.964518547058,-14.62411022186,0.));
#15642 = LINE('',#15643,#15644);
#15643 = CARTESIAN_POINT('',(12.964518547058,-14.62411022186,0.));
#15644 = VECTOR('',#15645,1.);
#15645 = DIRECTION('',(-0.130526332677,0.991444842882,0.));
#15646 = ORIENTED_EDGE('',*,*,#15625,.F.);
#15647 = ORIENTED_EDGE('',*,*,#15648,.T.);
#15648 = EDGE_CURVE('',#8346,#15649,#15651,.T.);
#15649 = VERTEX_POINT('',#15650);
#15650 = CARTESIAN_POINT('',(12.964518547058,-14.62411022186,3.));
#15651 = LINE('',#15652,#15653);
#15652 = CARTESIAN_POINT('',(12.909999847412,-14.21000003814,3.));
#15653 = VECTOR('',#15654,1.);
#15654 = DIRECTION('',(0.130526332677,-0.991444842882,0.));
#15655 = ORIENTED_EDGE('',*,*,#15656,.T.);
#15656 = EDGE_CURVE('',#15649,#15640,#15657,.T.);
#15657 = LINE('',#15658,#15659);
#15658 = CARTESIAN_POINT('',(12.964518547058,-14.62411022186,3.));
#15659 = VECTOR('',#15660,1.);
#15660 = DIRECTION('',(0.,0.,-1.));
#15661 = PLANE('',#15662);
#15662 = AXIS2_PLACEMENT_3D('',#15663,#15664,#15665);
#15663 = CARTESIAN_POINT('',(12.937259197235,-14.41705513,1.5));
#15664 = DIRECTION('',(0.991444842882,0.130526332677,0.));
#15665 = DIRECTION('',(-0.130526332677,0.991444842882,0.));
#15666 = ADVANCED_FACE('',(#15667),#15692,.F.);
#15667 = FACE_BOUND('',#15668,.F.);
#15668 = EDGE_LOOP('',(#15669,#15677,#15678,#15686));
#15669 = ORIENTED_EDGE('',*,*,#15670,.T.);
#15670 = EDGE_CURVE('',#15671,#15640,#15673,.T.);
#15671 = VERTEX_POINT('',#15672);
#15672 = CARTESIAN_POINT('',(13.124359130859,-15.01000022888,0.));
#15673 = LINE('',#15674,#15675);
#15674 = CARTESIAN_POINT('',(13.124359130859,-15.01000022888,0.));
#15675 = VECTOR('',#15676,1.);
#15676 = DIRECTION('',(-0.382682838329,0.923879778569,0.));
#15677 = ORIENTED_EDGE('',*,*,#15656,.F.);
#15678 = ORIENTED_EDGE('',*,*,#15679,.T.);
#15679 = EDGE_CURVE('',#15649,#15680,#15682,.T.);
#15680 = VERTEX_POINT('',#15681);
#15681 = CARTESIAN_POINT('',(13.124359130859,-15.01000022888,3.));
#15682 = LINE('',#15683,#15684);
#15683 = CARTESIAN_POINT('',(12.964518547058,-14.62411022186,3.));
#15684 = VECTOR('',#15685,1.);
#15685 = DIRECTION('',(0.382682838329,-0.923879778569,0.));
#15686 = ORIENTED_EDGE('',*,*,#15687,.T.);
#15687 = EDGE_CURVE('',#15680,#15671,#15688,.T.);
#15688 = LINE('',#15689,#15690);
#15689 = CARTESIAN_POINT('',(13.124359130859,-15.01000022888,3.));
#15690 = VECTOR('',#15691,1.);
#15691 = DIRECTION('',(0.,0.,-1.));
#15692 = PLANE('',#15693);
#15693 = AXIS2_PLACEMENT_3D('',#15694,#15695,#15696);
#15694 = CARTESIAN_POINT('',(13.044438838959,-14.81705522537,1.5));
#15695 = DIRECTION('',(0.923879778569,0.382682838329,0.));
#15696 = DIRECTION('',(-0.382682838329,0.923879778569,0.));
#15697 = ADVANCED_FACE('',(#15698),#15714,.F.);
#15698 = FACE_BOUND('',#15699,.F.);
#15699 = EDGE_LOOP('',(#15700,#15706,#15707,#15713));
#15700 = ORIENTED_EDGE('',*,*,#15701,.T.);
#15701 = EDGE_CURVE('',#4362,#15671,#15702,.T.);
#15702 = LINE('',#15703,#15704);
#15703 = CARTESIAN_POINT('',(13.378628730774,-15.34137058258,0.));
#15704 = VECTOR('',#15705,1.);
#15705 = DIRECTION('',(-0.608761707041,0.79335312695,0.));
#15706 = ORIENTED_EDGE('',*,*,#15687,.F.);
#15707 = ORIENTED_EDGE('',*,*,#15708,.T.);
#15708 = EDGE_CURVE('',#15680,#8314,#15709,.T.);
#15709 = LINE('',#15710,#15711);
#15710 = CARTESIAN_POINT('',(13.124359130859,-15.01000022888,3.));
#15711 = VECTOR('',#15712,1.);
#15712 = DIRECTION('',(0.608761707041,-0.79335312695,0.));
#15713 = ORIENTED_EDGE('',*,*,#15345,.T.);
#15714 = PLANE('',#15715);
#15715 = AXIS2_PLACEMENT_3D('',#15716,#15717,#15718);
#15716 = CARTESIAN_POINT('',(13.251493930817,-15.17568540573,1.5));
#15717 = DIRECTION('',(0.79335312695,0.608761707041,0.));
#15718 = DIRECTION('',(-0.608761707041,0.79335312695,0.));
#15719 = ADVANCED_FACE('',(#15720),#15736,.F.);
#15720 = FACE_BOUND('',#15721,.F.);
#15721 = EDGE_LOOP('',(#15722,#15723,#15729,#15730));
#15722 = ORIENTED_EDGE('',*,*,#9209,.F.);
#15723 = ORIENTED_EDGE('',*,*,#15724,.T.);
#15724 = EDGE_CURVE('',#9202,#4690,#15725,.T.);
#15725 = LINE('',#15726,#15727);
#15726 = CARTESIAN_POINT('',(17.10542678833,-44.85731506347,3.));
#15727 = VECTOR('',#15728,1.);
#15728 = DIRECTION('',(0.,0.,-1.));
#15729 = ORIENTED_EDGE('',*,*,#4689,.F.);
#15730 = ORIENTED_EDGE('',*,*,#15731,.F.);
#15731 = EDGE_CURVE('',#9210,#4682,#15732,.T.);
#15732 = LINE('',#15733,#15734);
#15733 = CARTESIAN_POINT('',(15.641370773315,-46.32136917114,3.));
#15734 = VECTOR('',#15735,1.);
#15735 = DIRECTION('',(0.,0.,-1.));
#15736 = PLANE('',#15737);
#15737 = AXIS2_PLACEMENT_3D('',#15738,#15739,#15740);
#15738 = CARTESIAN_POINT('',(16.373398780823,-45.58934211731,1.5));
#15739 = DIRECTION('',(-0.707106320582,0.70710724179,0.));
#15740 = DIRECTION('',(0.70710724179,0.707106320582,0.));
#15741 = ADVANCED_FACE('',(#15742),#15772,.F.);
#15742 = FACE_BOUND('',#15743,.F.);
#15743 = EDGE_LOOP('',(#15744,#15752,#15760,#15766));
#15744 = ORIENTED_EDGE('',*,*,#15745,.T.);
#15745 = EDGE_CURVE('',#8154,#15746,#15748,.T.);
#15746 = VERTEX_POINT('',#15747);
#15747 = CARTESIAN_POINT('',(13.124359130859,-44.38999938964,3.));
#15748 = LINE('',#15749,#15750);
#15749 = CARTESIAN_POINT('',(13.378628730774,-44.05862808227,3.));
#15750 = VECTOR('',#15751,1.);
#15751 = DIRECTION('',(-0.608760604318,-0.793353973098,0.));
#15752 = ORIENTED_EDGE('',*,*,#15753,.T.);
#15753 = EDGE_CURVE('',#15746,#15754,#15756,.T.);
#15754 = VERTEX_POINT('',#15755);
#15755 = CARTESIAN_POINT('',(13.124359130859,-44.38999938964,0.));
#15756 = LINE('',#15757,#15758);
#15757 = CARTESIAN_POINT('',(13.124359130859,-44.38999938964,3.));
#15758 = VECTOR('',#15759,1.);
#15759 = DIRECTION('',(0.,0.,-1.));
#15760 = ORIENTED_EDGE('',*,*,#15761,.T.);
#15761 = EDGE_CURVE('',#15754,#4522,#15762,.T.);
#15762 = LINE('',#15763,#15764);
#15763 = CARTESIAN_POINT('',(13.124359130859,-44.38999938964,0.));
#15764 = VECTOR('',#15765,1.);
#15765 = DIRECTION('',(0.608760604318,0.793353973098,0.));
#15766 = ORIENTED_EDGE('',*,*,#15767,.T.);
#15767 = EDGE_CURVE('',#4522,#8154,#15768,.T.);
#15768 = LINE('',#15769,#15770);
#15769 = CARTESIAN_POINT('',(13.378628730774,-44.05862808227,0.));
#15770 = VECTOR('',#15771,1.);
#15771 = DIRECTION('',(0.,0.,1.));
#15772 = PLANE('',#15773);
#15773 = AXIS2_PLACEMENT_3D('',#15774,#15775,#15776);
#15774 = CARTESIAN_POINT('',(13.251493930817,-44.22431373596,1.5));
#15775 = DIRECTION('',(0.793353973098,-0.608760604318,0.));
#15776 = DIRECTION('',(0.608760604318,0.793353973098,0.));
#15777 = ADVANCED_FACE('',(#15778),#15803,.F.);
#15778 = FACE_BOUND('',#15779,.F.);
#15779 = EDGE_LOOP('',(#15780,#15788,#15789,#15797));
#15780 = ORIENTED_EDGE('',*,*,#15781,.T.);
#15781 = EDGE_CURVE('',#15782,#15754,#15784,.T.);
#15782 = VERTEX_POINT('',#15783);
#15783 = CARTESIAN_POINT('',(12.964518547058,-44.77589035034,0.));
#15784 = LINE('',#15785,#15786);
#15785 = CARTESIAN_POINT('',(12.964518547058,-44.77589035034,0.));
#15786 = VECTOR('',#15787,1.);
#15787 = DIRECTION('',(0.382682031083,0.92388011294,0.));
#15788 = ORIENTED_EDGE('',*,*,#15753,.F.);
#15789 = ORIENTED_EDGE('',*,*,#15790,.T.);
#15790 = EDGE_CURVE('',#15746,#15791,#15793,.T.);
#15791 = VERTEX_POINT('',#15792);
#15792 = CARTESIAN_POINT('',(12.964518547058,-44.77589035034,3.));
#15793 = LINE('',#15794,#15795);
#15794 = CARTESIAN_POINT('',(13.124359130859,-44.38999938964,3.));
#15795 = VECTOR('',#15796,1.);
#15796 = DIRECTION('',(-0.382682031083,-0.92388011294,0.));
#15797 = ORIENTED_EDGE('',*,*,#15798,.T.);
#15798 = EDGE_CURVE('',#15791,#15782,#15799,.T.);
#15799 = LINE('',#15800,#15801);
#15800 = CARTESIAN_POINT('',(12.964518547058,-44.77589035034,3.));
#15801 = VECTOR('',#15802,1.);
#15802 = DIRECTION('',(0.,0.,-1.));
#15803 = PLANE('',#15804);
#15804 = AXIS2_PLACEMENT_3D('',#15805,#15806,#15807);
#15805 = CARTESIAN_POINT('',(13.044438838959,-44.58294486999,1.5));
#15806 = DIRECTION('',(0.92388011294,-0.382682031083,0.));
#15807 = DIRECTION('',(0.382682031083,0.92388011294,0.));
#15808 = ADVANCED_FACE('',(#15809),#15830,.F.);
#15809 = FACE_BOUND('',#15810,.F.);
#15810 = EDGE_LOOP('',(#15811,#15817,#15818,#15824));
#15811 = ORIENTED_EDGE('',*,*,#15812,.T.);
#15812 = EDGE_CURVE('',#4554,#15782,#15813,.T.);
#15813 = LINE('',#15814,#15815);
#15814 = CARTESIAN_POINT('',(12.909999847412,-45.1899986267,0.));
#15815 = VECTOR('',#15816,1.);
#15816 = DIRECTION('',(0.130526923628,0.991444765082,0.));
#15817 = ORIENTED_EDGE('',*,*,#15798,.F.);
#15818 = ORIENTED_EDGE('',*,*,#15819,.T.);
#15819 = EDGE_CURVE('',#15791,#8122,#15820,.T.);
#15820 = LINE('',#15821,#15822);
#15821 = CARTESIAN_POINT('',(12.964518547058,-44.77589035034,3.));
#15822 = VECTOR('',#15823,1.);
#15823 = DIRECTION('',(-0.130526923628,-0.991444765082,0.));
#15824 = ORIENTED_EDGE('',*,*,#15825,.T.);
#15825 = EDGE_CURVE('',#8122,#4554,#15826,.T.);
#15826 = LINE('',#15827,#15828);
#15827 = CARTESIAN_POINT('',(12.909999847412,-45.1899986267,3.));
#15828 = VECTOR('',#15829,1.);
#15829 = DIRECTION('',(0.,0.,-1.));
#15830 = PLANE('',#15831);
#15831 = AXIS2_PLACEMENT_3D('',#15832,#15833,#15834);
#15832 = CARTESIAN_POINT('',(12.937259197235,-44.98294448852,1.5));
#15833 = DIRECTION('',(0.991444765082,-0.130526923628,0.));
#15834 = DIRECTION('',(0.130526923628,0.991444765082,0.));
#15835 = ADVANCED_FACE('',(#15836),#15861,.F.);
#15836 = FACE_BOUND('',#15837,.F.);
#15837 = EDGE_LOOP('',(#15838,#15846,#15847,#15855));
#15838 = ORIENTED_EDGE('',*,*,#15839,.T.);
#15839 = EDGE_CURVE('',#15840,#4554,#15842,.T.);
#15840 = VERTEX_POINT('',#15841);
#15841 = CARTESIAN_POINT('',(12.964518547058,-45.60411071777,0.));
#15842 = LINE('',#15843,#15844);
#15843 = CARTESIAN_POINT('',(12.964518547058,-45.60411071777,0.));
#15844 = VECTOR('',#15845,1.);
#15845 = DIRECTION('',(-0.130525741732,0.991444920682,0.));
#15846 = ORIENTED_EDGE('',*,*,#15825,.F.);
#15847 = ORIENTED_EDGE('',*,*,#15848,.T.);
#15848 = EDGE_CURVE('',#8122,#15849,#15851,.T.);
#15849 = VERTEX_POINT('',#15850);
#15850 = CARTESIAN_POINT('',(12.964518547058,-45.60411071777,3.));
#15851 = LINE('',#15852,#15853);
#15852 = CARTESIAN_POINT('',(12.909999847412,-45.1899986267,3.));
#15853 = VECTOR('',#15854,1.);
#15854 = DIRECTION('',(0.130525741732,-0.991444920682,0.));
#15855 = ORIENTED_EDGE('',*,*,#15856,.T.);
#15856 = EDGE_CURVE('',#15849,#15840,#15857,.T.);
#15857 = LINE('',#15858,#15859);
#15858 = CARTESIAN_POINT('',(12.964518547058,-45.60411071777,3.));
#15859 = VECTOR('',#15860,1.);
#15860 = DIRECTION('',(0.,0.,-1.));
#15861 = PLANE('',#15862);
#15862 = AXIS2_PLACEMENT_3D('',#15863,#15864,#15865);
#15863 = CARTESIAN_POINT('',(12.937259197235,-45.39705467224,1.5));
#15864 = DIRECTION('',(0.991444920682,0.130525741732,0.));
#15865 = DIRECTION('',(-0.130525741732,0.991444920682,0.));
#15866 = ADVANCED_FACE('',(#15867),#15892,.F.);
#15867 = FACE_BOUND('',#15868,.F.);
#15868 = EDGE_LOOP('',(#15869,#15877,#15878,#15886));
#15869 = ORIENTED_EDGE('',*,*,#15870,.T.);
#15870 = EDGE_CURVE('',#15871,#15840,#15873,.T.);
#15871 = VERTEX_POINT('',#15872);
#15872 = CARTESIAN_POINT('',(13.124359130859,-45.99000167846,0.));
#15873 = LINE('',#15874,#15875);
#15874 = CARTESIAN_POINT('',(13.124359130859,-45.99000167846,0.));
#15875 = VECTOR('',#15876,1.);
#15876 = DIRECTION('',(-0.382682031083,0.92388011294,0.));
#15877 = ORIENTED_EDGE('',*,*,#15856,.F.);
#15878 = ORIENTED_EDGE('',*,*,#15879,.T.);
#15879 = EDGE_CURVE('',#15849,#15880,#15882,.T.);
#15880 = VERTEX_POINT('',#15881);
#15881 = CARTESIAN_POINT('',(13.124359130859,-45.99000167846,3.));
#15882 = LINE('',#15883,#15884);
#15883 = CARTESIAN_POINT('',(12.964518547058,-45.60411071777,3.));
#15884 = VECTOR('',#15885,1.);
#15885 = DIRECTION('',(0.382682031083,-0.92388011294,0.));
#15886 = ORIENTED_EDGE('',*,*,#15887,.T.);
#15887 = EDGE_CURVE('',#15880,#15871,#15888,.T.);
#15888 = LINE('',#15889,#15890);
#15889 = CARTESIAN_POINT('',(13.124359130859,-45.99000167846,3.));
#15890 = VECTOR('',#15891,1.);
#15891 = DIRECTION('',(0.,0.,-1.));
#15892 = PLANE('',#15893);
#15893 = AXIS2_PLACEMENT_3D('',#15894,#15895,#15896);
#15894 = CARTESIAN_POINT('',(13.044438838959,-45.79705619812,1.5));
#15895 = DIRECTION('',(0.92388011294,0.382682031083,0.));
#15896 = DIRECTION('',(-0.382682031083,0.92388011294,0.));
#15897 = ADVANCED_FACE('',(#15898),#15923,.F.);
#15898 = FACE_BOUND('',#15899,.F.);
#15899 = EDGE_LOOP('',(#15900,#15908,#15909,#15917));
#15900 = ORIENTED_EDGE('',*,*,#15901,.T.);
#15901 = EDGE_CURVE('',#15902,#15871,#15904,.T.);
#15902 = VERTEX_POINT('',#15903);
#15903 = CARTESIAN_POINT('',(13.378628730774,-46.32136917114,0.));
#15904 = LINE('',#15905,#15906);
#15905 = CARTESIAN_POINT('',(13.378628730774,-46.32136917114,0.));
#15906 = VECTOR('',#15907,1.);
#15907 = DIRECTION('',(-0.608765015226,0.793350588477,0.));
#15908 = ORIENTED_EDGE('',*,*,#15887,.F.);
#15909 = ORIENTED_EDGE('',*,*,#15910,.T.);
#15910 = EDGE_CURVE('',#15880,#15911,#15913,.T.);
#15911 = VERTEX_POINT('',#15912);
#15912 = CARTESIAN_POINT('',(13.378628730774,-46.32136917114,3.));
#15913 = LINE('',#15914,#15915);
#15914 = CARTESIAN_POINT('',(13.124359130859,-45.99000167846,3.));
#15915 = VECTOR('',#15916,1.);
#15916 = DIRECTION('',(0.608765015226,-0.793350588477,0.));
#15917 = ORIENTED_EDGE('',*,*,#15918,.T.);
#15918 = EDGE_CURVE('',#15911,#15902,#15919,.T.);
#15919 = LINE('',#15920,#15921);
#15920 = CARTESIAN_POINT('',(13.378628730774,-46.32136917114,3.));
#15921 = VECTOR('',#15922,1.);
#15922 = DIRECTION('',(0.,0.,-1.));
#15923 = PLANE('',#15924);
#15924 = AXIS2_PLACEMENT_3D('',#15925,#15926,#15927);
#15925 = CARTESIAN_POINT('',(13.251493930817,-46.1556854248,1.5));
#15926 = DIRECTION('',(0.793350588477,0.608765015226,0.));
#15927 = DIRECTION('',(-0.608765015226,0.793350588477,0.));
#15928 = ADVANCED_FACE('',(#15929),#15954,.F.);
#15929 = FACE_BOUND('',#15930,.F.);
#15930 = EDGE_LOOP('',(#15931,#15939,#15940,#15948));
#15931 = ORIENTED_EDGE('',*,*,#15932,.T.);
#15932 = EDGE_CURVE('',#15933,#15902,#15935,.T.);
#15933 = VERTEX_POINT('',#15934);
#15934 = CARTESIAN_POINT('',(13.710000038147,-46.57564163208,0.));
#15935 = LINE('',#15936,#15937);
#15936 = CARTESIAN_POINT('',(13.710000038147,-46.57564163208,0.));
#15937 = VECTOR('',#15938,1.);
#15938 = DIRECTION('',(-0.793350664936,0.608764915583,0.));
#15939 = ORIENTED_EDGE('',*,*,#15918,.F.);
#15940 = ORIENTED_EDGE('',*,*,#15941,.T.);
#15941 = EDGE_CURVE('',#15911,#15942,#15944,.T.);
#15942 = VERTEX_POINT('',#15943);
#15943 = CARTESIAN_POINT('',(13.710000038147,-46.57564163208,3.));
#15944 = LINE('',#15945,#15946);
#15945 = CARTESIAN_POINT('',(13.378628730774,-46.32136917114,3.));
#15946 = VECTOR('',#15947,1.);
#15947 = DIRECTION('',(0.793350664936,-0.608764915583,0.));
#15948 = ORIENTED_EDGE('',*,*,#15949,.T.);
#15949 = EDGE_CURVE('',#15942,#15933,#15950,.T.);
#15950 = LINE('',#15951,#15952);
#15951 = CARTESIAN_POINT('',(13.710000038147,-46.57564163208,3.));
#15952 = VECTOR('',#15953,1.);
#15953 = DIRECTION('',(0.,0.,-1.));
#15954 = PLANE('',#15955);
#15955 = AXIS2_PLACEMENT_3D('',#15956,#15957,#15958);
#15956 = CARTESIAN_POINT('',(13.54431438446,-46.44850540161,1.5));
#15957 = DIRECTION('',(0.608764915583,0.793350664936,0.));
#15958 = DIRECTION('',(0.793350664936,-0.608764915583,0.));
#15959 = ADVANCED_FACE('',(#15960),#15985,.F.);
#15960 = FACE_BOUND('',#15961,.F.);
#15961 = EDGE_LOOP('',(#15962,#15970,#15971,#15979));
#15962 = ORIENTED_EDGE('',*,*,#15963,.T.);
#15963 = EDGE_CURVE('',#15964,#15933,#15966,.T.);
#15964 = VERTEX_POINT('',#15965);
#15965 = CARTESIAN_POINT('',(14.095889091492,-46.7354812622,0.));
#15966 = LINE('',#15967,#15968);
#15967 = CARTESIAN_POINT('',(14.095889091492,-46.7354812622,0.));
#15968 = VECTOR('',#15969,1.);
#15969 = DIRECTION('',(-0.923880251445,0.382681696702,0.));
#15970 = ORIENTED_EDGE('',*,*,#15949,.F.);
#15971 = ORIENTED_EDGE('',*,*,#15972,.T.);
#15972 = EDGE_CURVE('',#15942,#15973,#15975,.T.);
#15973 = VERTEX_POINT('',#15974);
#15974 = CARTESIAN_POINT('',(14.095889091492,-46.7354812622,3.));
#15975 = LINE('',#15976,#15977);
#15976 = CARTESIAN_POINT('',(13.710000038147,-46.57564163208,3.));
#15977 = VECTOR('',#15978,1.);
#15978 = DIRECTION('',(0.923880251445,-0.382681696702,0.));
#15979 = ORIENTED_EDGE('',*,*,#15980,.T.);
#15980 = EDGE_CURVE('',#15973,#15964,#15981,.T.);
#15981 = LINE('',#15982,#15983);
#15982 = CARTESIAN_POINT('',(14.095889091492,-46.7354812622,3.));
#15983 = VECTOR('',#15984,1.);
#15984 = DIRECTION('',(0.,0.,-1.));
#15985 = PLANE('',#15986);
#15986 = AXIS2_PLACEMENT_3D('',#15987,#15988,#15989);
#15987 = CARTESIAN_POINT('',(13.902944564819,-46.65556144714,1.5));
#15988 = DIRECTION('',(0.382681696702,0.923880251445,0.));
#15989 = DIRECTION('',(0.923880251445,-0.382681696702,0.));
#15990 = ADVANCED_FACE('',(#15991),#16016,.F.);
#15991 = FACE_BOUND('',#15992,.F.);
#15992 = EDGE_LOOP('',(#15993,#16001,#16002,#16010));
#15993 = ORIENTED_EDGE('',*,*,#15994,.T.);
#15994 = EDGE_CURVE('',#15995,#15964,#15997,.T.);
#15995 = VERTEX_POINT('',#15996);
#15996 = CARTESIAN_POINT('',(14.510000228882,-46.79000091552,0.));
#15997 = LINE('',#15998,#15999);
#15998 = CARTESIAN_POINT('',(14.510000228882,-46.79000091552,0.));
#15999 = VECTOR('',#16000,1.);
#16000 = DIRECTION('',(-0.991444586307,0.130528281544,0.));
#16001 = ORIENTED_EDGE('',*,*,#15980,.F.);
#16002 = ORIENTED_EDGE('',*,*,#16003,.T.);
#16003 = EDGE_CURVE('',#15973,#16004,#16006,.T.);
#16004 = VERTEX_POINT('',#16005);
#16005 = CARTESIAN_POINT('',(14.510000228882,-46.79000091552,3.));
#16006 = LINE('',#16007,#16008);
#16007 = CARTESIAN_POINT('',(14.095889091492,-46.7354812622,3.));
#16008 = VECTOR('',#16009,1.);
#16009 = DIRECTION('',(0.991444586307,-0.130528281544,0.));
#16010 = ORIENTED_EDGE('',*,*,#16011,.T.);
#16011 = EDGE_CURVE('',#16004,#15995,#16012,.T.);
#16012 = LINE('',#16013,#16014);
#16013 = CARTESIAN_POINT('',(14.510000228882,-46.79000091552,3.));
#16014 = VECTOR('',#16015,1.);
#16015 = DIRECTION('',(0.,0.,-1.));
#16016 = PLANE('',#16017);
#16017 = AXIS2_PLACEMENT_3D('',#16018,#16019,#16020);
#16018 = CARTESIAN_POINT('',(14.302944660187,-46.76274108886,1.5));
#16019 = DIRECTION('',(0.130528281544,0.991444586307,0.));
#16020 = DIRECTION('',(0.991444586307,-0.130528281544,0.));
#16021 = ADVANCED_FACE('',(#16022),#16047,.F.);
#16022 = FACE_BOUND('',#16023,.F.);
#16023 = EDGE_LOOP('',(#16024,#16032,#16033,#16041));
#16024 = ORIENTED_EDGE('',*,*,#16025,.T.);
#16025 = EDGE_CURVE('',#16026,#15995,#16028,.T.);
#16026 = VERTEX_POINT('',#16027);
#16027 = CARTESIAN_POINT('',(14.924110412598,-46.7354812622,0.));
#16028 = LINE('',#16029,#16030);
#16029 = CARTESIAN_POINT('',(14.924110412598,-46.7354812622,0.));
#16030 = VECTOR('',#16031,1.);
#16031 = DIRECTION('',(-0.991444547406,-0.130528577022,0.));
#16032 = ORIENTED_EDGE('',*,*,#16011,.F.);
#16033 = ORIENTED_EDGE('',*,*,#16034,.T.);
#16034 = EDGE_CURVE('',#16004,#16035,#16037,.T.);
#16035 = VERTEX_POINT('',#16036);
#16036 = CARTESIAN_POINT('',(14.924110412598,-46.7354812622,3.));
#16037 = LINE('',#16038,#16039);
#16038 = CARTESIAN_POINT('',(14.510000228882,-46.79000091552,3.));
#16039 = VECTOR('',#16040,1.);
#16040 = DIRECTION('',(0.991444547406,0.130528577022,0.));
#16041 = ORIENTED_EDGE('',*,*,#16042,.T.);
#16042 = EDGE_CURVE('',#16035,#16026,#16043,.T.);
#16043 = LINE('',#16044,#16045);
#16044 = CARTESIAN_POINT('',(14.924110412598,-46.7354812622,3.));
#16045 = VECTOR('',#16046,1.);
#16046 = DIRECTION('',(0.,0.,-1.));
#16047 = PLANE('',#16048);
#16048 = AXIS2_PLACEMENT_3D('',#16049,#16050,#16051);
#16049 = CARTESIAN_POINT('',(14.71705532074,-46.76274108886,1.5));
#16050 = DIRECTION('',(-0.130528577022,0.991444547406,0.));
#16051 = DIRECTION('',(0.991444547406,0.130528577022,0.));
#16052 = ADVANCED_FACE('',(#16053),#16078,.F.);
#16053 = FACE_BOUND('',#16054,.F.);
#16054 = EDGE_LOOP('',(#16055,#16063,#16064,#16072));
#16055 = ORIENTED_EDGE('',*,*,#16056,.T.);
#16056 = EDGE_CURVE('',#16057,#16026,#16059,.T.);
#16057 = VERTEX_POINT('',#16058);
#16058 = CARTESIAN_POINT('',(15.310000419617,-46.57564163208,0.));
#16059 = LINE('',#16060,#16061);
#16060 = CARTESIAN_POINT('',(15.310000419617,-46.57564163208,0.));
#16061 = VECTOR('',#16062,1.);
#16062 = DIRECTION('',(-0.923880585815,-0.382680889456,0.));
#16063 = ORIENTED_EDGE('',*,*,#16042,.F.);
#16064 = ORIENTED_EDGE('',*,*,#16065,.T.);
#16065 = EDGE_CURVE('',#16035,#16066,#16068,.T.);
#16066 = VERTEX_POINT('',#16067);
#16067 = CARTESIAN_POINT('',(15.310000419617,-46.57564163208,3.));
#16068 = LINE('',#16069,#16070);
#16069 = CARTESIAN_POINT('',(14.924110412598,-46.7354812622,3.));
#16070 = VECTOR('',#16071,1.);
#16071 = DIRECTION('',(0.923880585815,0.382680889456,0.));
#16072 = ORIENTED_EDGE('',*,*,#16073,.T.);
#16073 = EDGE_CURVE('',#16066,#16057,#16074,.T.);
#16074 = LINE('',#16075,#16076);
#16075 = CARTESIAN_POINT('',(15.310000419617,-46.57564163208,3.));
#16076 = VECTOR('',#16077,1.);
#16077 = DIRECTION('',(0.,0.,-1.));
#16078 = PLANE('',#16079);
#16079 = AXIS2_PLACEMENT_3D('',#16080,#16081,#16082);
#16080 = CARTESIAN_POINT('',(15.117055416107,-46.65556144714,1.5));
#16081 = DIRECTION('',(-0.382680889456,0.923880585815,0.));
#16082 = DIRECTION('',(0.923880585815,0.382680889456,0.));
#16083 = ADVANCED_FACE('',(#16084),#16100,.F.);
#16084 = FACE_BOUND('',#16085,.F.);
#16085 = EDGE_LOOP('',(#16086,#16092,#16093,#16099));
#16086 = ORIENTED_EDGE('',*,*,#16087,.T.);
#16087 = EDGE_CURVE('',#4682,#16057,#16088,.T.);
#16088 = LINE('',#16089,#16090);
#16089 = CARTESIAN_POINT('',(15.641370773315,-46.32136917114,0.));
#16090 = VECTOR('',#16091,1.);
#16091 = DIRECTION('',(-0.79334981878,-0.608766018305,0.));
#16092 = ORIENTED_EDGE('',*,*,#16073,.F.);
#16093 = ORIENTED_EDGE('',*,*,#16094,.T.);
#16094 = EDGE_CURVE('',#16066,#9210,#16095,.T.);
#16095 = LINE('',#16096,#16097);
#16096 = CARTESIAN_POINT('',(15.310000419617,-46.57564163208,3.));
#16097 = VECTOR('',#16098,1.);
#16098 = DIRECTION('',(0.79334981878,0.608766018305,0.));
#16099 = ORIENTED_EDGE('',*,*,#15731,.T.);
#16100 = PLANE('',#16101);
#16101 = AXIS2_PLACEMENT_3D('',#16102,#16103,#16104);
#16102 = CARTESIAN_POINT('',(15.475685596466,-46.44850540161,1.5));
#16103 = DIRECTION('',(-0.608766018305,0.79334981878,0.));
#16104 = DIRECTION('',(0.79334981878,0.608766018305,0.));
#16105 = ADVANCED_FACE('',(#16106),#16117,.F.);
#16106 = FACE_BOUND('',#16107,.F.);
#16107 = EDGE_LOOP('',(#16108,#16109,#16115,#16116));
#16108 = ORIENTED_EDGE('',*,*,#9201,.F.);
#16109 = ORIENTED_EDGE('',*,*,#16110,.F.);
#16110 = EDGE_CURVE('',#4698,#9194,#16111,.T.);
#16111 = LINE('',#16112,#16113);
#16112 = CARTESIAN_POINT('',(18.378219604492,-44.85731506347,0.));
#16113 = VECTOR('',#16114,1.);
#16114 = DIRECTION('',(0.,0.,1.));
#16115 = ORIENTED_EDGE('',*,*,#4697,.F.);
#16116 = ORIENTED_EDGE('',*,*,#15724,.F.);
#16117 = PLANE('',#16118);
#16118 = AXIS2_PLACEMENT_3D('',#16119,#16120,#16121);
#16119 = CARTESIAN_POINT('',(17.741823196411,-44.85731506347,1.5));
#16120 = DIRECTION('',(0.,1.,0.));
#16121 = DIRECTION('',(0.,0.,1.));
#16122 = ADVANCED_FACE('',(#16123),#16139,.F.);
#16123 = FACE_BOUND('',#16124,.F.);
#16124 = EDGE_LOOP('',(#16125,#16131,#16132,#16138));
#16125 = ORIENTED_EDGE('',*,*,#16126,.F.);
#16126 = EDGE_CURVE('',#4834,#9058,#16127,.T.);
#16127 = LINE('',#16128,#16129);
#16128 = CARTESIAN_POINT('',(42.89457321167,-44.85731506347,0.));
#16129 = VECTOR('',#16130,1.);
#16130 = DIRECTION('',(0.,0.,1.));
#16131 = ORIENTED_EDGE('',*,*,#4833,.T.);
#16132 = ORIENTED_EDGE('',*,*,#16133,.F.);
#16133 = EDGE_CURVE('',#9066,#4826,#16134,.T.);
#16134 = LINE('',#16135,#16136);
#16135 = CARTESIAN_POINT('',(41.621780395508,-44.85731506347,3.));
#16136 = VECTOR('',#16137,1.);
#16137 = DIRECTION('',(0.,0.,-1.));
#16138 = ORIENTED_EDGE('',*,*,#9065,.T.);
#16139 = PLANE('',#16140);
#16140 = AXIS2_PLACEMENT_3D('',#16141,#16142,#16143);
#16141 = CARTESIAN_POINT('',(42.258176803589,-44.85731506347,1.5));
#16142 = DIRECTION('',(0.,1.,0.));
#16143 = DIRECTION('',(0.,0.,1.));
#16144 = ADVANCED_FACE('',(#16145),#16170,.F.);
#16145 = FACE_BOUND('',#16146,.F.);
#16146 = EDGE_LOOP('',(#16147,#16155,#16156,#16164));
#16147 = ORIENTED_EDGE('',*,*,#16148,.T.);
#16148 = EDGE_CURVE('',#16149,#4698,#16151,.T.);
#16149 = VERTEX_POINT('',#16150);
#16150 = CARTESIAN_POINT('',(20.454856872559,-46.24388885498,0.));
#16151 = LINE('',#16152,#16153);
#16152 = CARTESIAN_POINT('',(20.454856872559,-46.24388885498,0.));
#16153 = VECTOR('',#16154,1.);
#16154 = DIRECTION('',(-0.831652875863,0.555295861744,0.));
#16155 = ORIENTED_EDGE('',*,*,#16110,.T.);
#16156 = ORIENTED_EDGE('',*,*,#16157,.T.);
#16157 = EDGE_CURVE('',#9194,#16158,#16160,.T.);
#16158 = VERTEX_POINT('',#16159);
#16159 = CARTESIAN_POINT('',(20.454856872559,-46.24388885498,3.));
#16160 = LINE('',#16161,#16162);
#16161 = CARTESIAN_POINT('',(18.378219604492,-44.85731506347,3.));
#16162 = VECTOR('',#16163,1.);
#16163 = DIRECTION('',(0.831652875863,-0.555295861744,0.));
#16164 = ORIENTED_EDGE('',*,*,#16165,.T.);
#16165 = EDGE_CURVE('',#16158,#16149,#16166,.T.);
#16166 = LINE('',#16167,#16168);
#16167 = CARTESIAN_POINT('',(20.454856872559,-46.24388885498,3.));
#16168 = VECTOR('',#16169,1.);
#16169 = DIRECTION('',(0.,0.,-1.));
#16170 = PLANE('',#16171);
#16171 = AXIS2_PLACEMENT_3D('',#16172,#16173,#16174);
#16172 = CARTESIAN_POINT('',(19.416538238525,-45.55060195922,1.5));
#16173 = DIRECTION('',(0.555295861744,0.831652875863,0.));
#16174 = DIRECTION('',(0.831652875863,-0.555295861744,0.));
#16175 = ADVANCED_FACE('',(#16176),#16201,.F.);
#16176 = FACE_BOUND('',#16177,.F.);
#16177 = EDGE_LOOP('',(#16178,#16186,#16187,#16195));
#16178 = ORIENTED_EDGE('',*,*,#16179,.T.);
#16179 = EDGE_CURVE('',#16180,#16149,#16182,.T.);
#16180 = VERTEX_POINT('',#16181);
#16181 = CARTESIAN_POINT('',(22.694631576538,-47.34770965576,0.));
#16182 = LINE('',#16183,#16184);
#16183 = CARTESIAN_POINT('',(22.694631576538,-47.34770965576,0.));
#16184 = VECTOR('',#16185,1.);
#16185 = DIRECTION('',(-0.896986115146,0.442058716955,0.));
#16186 = ORIENTED_EDGE('',*,*,#16165,.F.);
#16187 = ORIENTED_EDGE('',*,*,#16188,.T.);
#16188 = EDGE_CURVE('',#16158,#16189,#16191,.T.);
#16189 = VERTEX_POINT('',#16190);
#16190 = CARTESIAN_POINT('',(22.694631576538,-47.34770965576,3.));
#16191 = LINE('',#16192,#16193);
#16192 = CARTESIAN_POINT('',(20.454856872559,-46.24388885498,3.));
#16193 = VECTOR('',#16194,1.);
#16194 = DIRECTION('',(0.896986115146,-0.442058716955,0.));
#16195 = ORIENTED_EDGE('',*,*,#16196,.T.);
#16196 = EDGE_CURVE('',#16189,#16180,#16197,.T.);
#16197 = LINE('',#16198,#16199);
#16198 = CARTESIAN_POINT('',(22.694631576538,-47.34770965576,3.));
#16199 = VECTOR('',#16200,1.);
#16200 = DIRECTION('',(0.,0.,-1.));
#16201 = PLANE('',#16202);
#16202 = AXIS2_PLACEMENT_3D('',#16203,#16204,#16205);
#16203 = CARTESIAN_POINT('',(21.574744224548,-46.79579925537,1.5));
#16204 = DIRECTION('',(0.442058716955,0.896986115146,0.));
#16205 = DIRECTION('',(0.896986115146,-0.442058716955,0.));
#16206 = ADVANCED_FACE('',(#16207),#16232,.F.);
#16207 = FACE_BOUND('',#16208,.F.);
#16208 = EDGE_LOOP('',(#16209,#16217,#16218,#16226));
#16209 = ORIENTED_EDGE('',*,*,#16210,.T.);
#16210 = EDGE_CURVE('',#16211,#16180,#16213,.T.);
#16211 = VERTEX_POINT('',#16212);
#16212 = CARTESIAN_POINT('',(25.059265136719,-48.14990997314,0.));
#16213 = LINE('',#16214,#16215);
#16214 = CARTESIAN_POINT('',(25.059265136719,-48.14990997314,0.));
#16215 = VECTOR('',#16216,1.);
#16216 = DIRECTION('',(-0.946989187371,0.321265433875,0.));
#16217 = ORIENTED_EDGE('',*,*,#16196,.F.);
#16218 = ORIENTED_EDGE('',*,*,#16219,.T.);
#16219 = EDGE_CURVE('',#16189,#16220,#16222,.T.);
#16220 = VERTEX_POINT('',#16221);
#16221 = CARTESIAN_POINT('',(25.059265136719,-48.14990997314,3.));
#16222 = LINE('',#16223,#16224);
#16223 = CARTESIAN_POINT('',(22.694631576538,-47.34770965576,3.));
#16224 = VECTOR('',#16225,1.);
#16225 = DIRECTION('',(0.946989187371,-0.321265433875,0.));
#16226 = ORIENTED_EDGE('',*,*,#16227,.T.);
#16227 = EDGE_CURVE('',#16220,#16211,#16228,.T.);
#16228 = LINE('',#16229,#16230);
#16229 = CARTESIAN_POINT('',(25.059265136719,-48.14990997314,3.));
#16230 = VECTOR('',#16231,1.);
#16231 = DIRECTION('',(0.,0.,-1.));
#16232 = PLANE('',#16233);
#16233 = AXIS2_PLACEMENT_3D('',#16234,#16235,#16236);
#16234 = CARTESIAN_POINT('',(23.876948356628,-47.74880981445,1.5));
#16235 = DIRECTION('',(0.321265433875,0.946989187371,0.));
#16236 = DIRECTION('',(0.946989187371,-0.321265433875,0.));
#16237 = ADVANCED_FACE('',(#16238),#16263,.F.);
#16238 = FACE_BOUND('',#16239,.F.);
#16239 = EDGE_LOOP('',(#16240,#16248,#16249,#16257));
#16240 = ORIENTED_EDGE('',*,*,#16241,.T.);
#16241 = EDGE_CURVE('',#16242,#16211,#16244,.T.);
#16242 = VERTEX_POINT('',#16243);
#16243 = CARTESIAN_POINT('',(27.508338928223,-48.63677978515,0.));
#16244 = LINE('',#16245,#16246);
#16245 = CARTESIAN_POINT('',(27.508338928223,-48.63677978515,0.));
#16246 = VECTOR('',#16247,1.);
#16247 = DIRECTION('',(-0.980806826518,0.194981971104,0.));
#16248 = ORIENTED_EDGE('',*,*,#16227,.F.);
#16249 = ORIENTED_EDGE('',*,*,#16250,.T.);
#16250 = EDGE_CURVE('',#16220,#16251,#16253,.T.);
#16251 = VERTEX_POINT('',#16252);
#16252 = CARTESIAN_POINT('',(27.508338928223,-48.63677978515,3.));
#16253 = LINE('',#16254,#16255);
#16254 = CARTESIAN_POINT('',(25.059265136719,-48.14990997314,3.));
#16255 = VECTOR('',#16256,1.);
#16256 = DIRECTION('',(0.980806826518,-0.194981971104,0.));
#16257 = ORIENTED_EDGE('',*,*,#16258,.T.);
#16258 = EDGE_CURVE('',#16251,#16242,#16259,.T.);
#16259 = LINE('',#16260,#16261);
#16260 = CARTESIAN_POINT('',(27.508338928223,-48.63677978515,3.));
#16261 = VECTOR('',#16262,1.);
#16262 = DIRECTION('',(0.,0.,-1.));
#16263 = PLANE('',#16264);
#16264 = AXIS2_PLACEMENT_3D('',#16265,#16266,#16267);
#16265 = CARTESIAN_POINT('',(26.283802032471,-48.39334487915,1.5));
#16266 = DIRECTION('',(0.194981971104,0.980806826518,0.));
#16267 = DIRECTION('',(0.980806826518,-0.194981971104,0.));
#16268 = ADVANCED_FACE('',(#16269),#16290,.F.);
#16269 = FACE_BOUND('',#16270,.F.);
#16270 = EDGE_LOOP('',(#16271,#16277,#16278,#16284));
#16271 = ORIENTED_EDGE('',*,*,#16272,.T.);
#16272 = EDGE_CURVE('',#4762,#16242,#16273,.T.);
#16273 = LINE('',#16274,#16275);
#16274 = CARTESIAN_POINT('',(30.,-48.79999923706,0.));
#16275 = VECTOR('',#16276,1.);
#16276 = DIRECTION('',(-0.997861343924,6.536618622677E-02,0.));
#16277 = ORIENTED_EDGE('',*,*,#16258,.F.);
#16278 = ORIENTED_EDGE('',*,*,#16279,.T.);
#16279 = EDGE_CURVE('',#16251,#9130,#16280,.T.);
#16280 = LINE('',#16281,#16282);
#16281 = CARTESIAN_POINT('',(27.508338928223,-48.63677978515,3.));
#16282 = VECTOR('',#16283,1.);
#16283 = DIRECTION('',(0.997861343924,-6.536618622677E-02,0.));
#16284 = ORIENTED_EDGE('',*,*,#16285,.T.);
#16285 = EDGE_CURVE('',#9130,#4762,#16286,.T.);
#16286 = LINE('',#16287,#16288);
#16287 = CARTESIAN_POINT('',(30.,-48.79999923706,3.));
#16288 = VECTOR('',#16289,1.);
#16289 = DIRECTION('',(0.,0.,-1.));
#16290 = PLANE('',#16291);
#16291 = AXIS2_PLACEMENT_3D('',#16292,#16293,#16294);
#16292 = CARTESIAN_POINT('',(28.754169464111,-48.7183895111,1.5));
#16293 = DIRECTION('',(6.536618622677E-02,0.997861343924,0.));
#16294 = DIRECTION('',(0.997861343924,-6.536618622677E-02,0.));
#16295 = ADVANCED_FACE('',(#16296),#16321,.F.);
#16296 = FACE_BOUND('',#16297,.F.);
#16297 = EDGE_LOOP('',(#16298,#16306,#16307,#16315));
#16298 = ORIENTED_EDGE('',*,*,#16299,.T.);
#16299 = EDGE_CURVE('',#16300,#4762,#16302,.T.);
#16300 = VERTEX_POINT('',#16301);
#16301 = CARTESIAN_POINT('',(32.491661071777,-48.63677978515,0.));
#16302 = LINE('',#16303,#16304);
#16303 = CARTESIAN_POINT('',(32.491661071777,-48.63677978515,0.));
#16304 = VECTOR('',#16305,1.);
#16305 = DIRECTION('',(-0.997861343924,-6.536618622677E-02,0.));
#16306 = ORIENTED_EDGE('',*,*,#16285,.F.);
#16307 = ORIENTED_EDGE('',*,*,#16308,.T.);
#16308 = EDGE_CURVE('',#9130,#16309,#16311,.T.);
#16309 = VERTEX_POINT('',#16310);
#16310 = CARTESIAN_POINT('',(32.491661071777,-48.63677978515,3.));
#16311 = LINE('',#16312,#16313);
#16312 = CARTESIAN_POINT('',(30.,-48.79999923706,3.));
#16313 = VECTOR('',#16314,1.);
#16314 = DIRECTION('',(0.997861343924,6.536618622677E-02,0.));
#16315 = ORIENTED_EDGE('',*,*,#16316,.T.);
#16316 = EDGE_CURVE('',#16309,#16300,#16317,.T.);
#16317 = LINE('',#16318,#16319);
#16318 = CARTESIAN_POINT('',(32.491661071777,-48.63677978515,3.));
#16319 = VECTOR('',#16320,1.);
#16320 = DIRECTION('',(0.,0.,-1.));
#16321 = PLANE('',#16322);
#16322 = AXIS2_PLACEMENT_3D('',#16323,#16324,#16325);
#16323 = CARTESIAN_POINT('',(31.245830535889,-48.7183895111,1.5));
#16324 = DIRECTION('',(-6.536618622677E-02,0.997861343924,0.));
#16325 = DIRECTION('',(0.997861343924,6.536618622677E-02,0.));
#16326 = ADVANCED_FACE('',(#16327),#16352,.F.);
#16327 = FACE_BOUND('',#16328,.F.);
#16328 = EDGE_LOOP('',(#16329,#16337,#16338,#16346));
#16329 = ORIENTED_EDGE('',*,*,#16330,.T.);
#16330 = EDGE_CURVE('',#16331,#16300,#16333,.T.);
#16331 = VERTEX_POINT('',#16332);
#16332 = CARTESIAN_POINT('',(34.940734863281,-48.14990997314,0.));
#16333 = LINE('',#16334,#16335);
#16334 = CARTESIAN_POINT('',(34.940734863281,-48.14990997314,0.));
#16335 = VECTOR('',#16336,1.);
#16336 = DIRECTION('',(-0.980806826518,-0.194981971104,0.));
#16337 = ORIENTED_EDGE('',*,*,#16316,.F.);
#16338 = ORIENTED_EDGE('',*,*,#16339,.T.);
#16339 = EDGE_CURVE('',#16309,#16340,#16342,.T.);
#16340 = VERTEX_POINT('',#16341);
#16341 = CARTESIAN_POINT('',(34.940734863281,-48.14990997314,3.));
#16342 = LINE('',#16343,#16344);
#16343 = CARTESIAN_POINT('',(32.491661071777,-48.63677978515,3.));
#16344 = VECTOR('',#16345,1.);
#16345 = DIRECTION('',(0.980806826518,0.194981971104,0.));
#16346 = ORIENTED_EDGE('',*,*,#16347,.T.);
#16347 = EDGE_CURVE('',#16340,#16331,#16348,.T.);
#16348 = LINE('',#16349,#16350);
#16349 = CARTESIAN_POINT('',(34.940734863281,-48.14990997314,3.));
#16350 = VECTOR('',#16351,1.);
#16351 = DIRECTION('',(0.,0.,-1.));
#16352 = PLANE('',#16353);
#16353 = AXIS2_PLACEMENT_3D('',#16354,#16355,#16356);
#16354 = CARTESIAN_POINT('',(33.716197967529,-48.39334487915,1.5));
#16355 = DIRECTION('',(-0.194981971104,0.980806826518,0.));
#16356 = DIRECTION('',(0.980806826518,0.194981971104,0.));
#16357 = ADVANCED_FACE('',(#16358),#16383,.F.);
#16358 = FACE_BOUND('',#16359,.F.);
#16359 = EDGE_LOOP('',(#16360,#16368,#16369,#16377));
#16360 = ORIENTED_EDGE('',*,*,#16361,.T.);
#16361 = EDGE_CURVE('',#16362,#16331,#16364,.T.);
#16362 = VERTEX_POINT('',#16363);
#16363 = CARTESIAN_POINT('',(37.305366516113,-47.34770965576,0.));
#16364 = LINE('',#16365,#16366);
#16365 = CARTESIAN_POINT('',(37.305366516113,-47.34770965576,0.));
#16366 = VECTOR('',#16367,1.);
#16367 = DIRECTION('',(-0.946989108532,-0.321265666267,0.));
#16368 = ORIENTED_EDGE('',*,*,#16347,.F.);
#16369 = ORIENTED_EDGE('',*,*,#16370,.T.);
#16370 = EDGE_CURVE('',#16340,#16371,#16373,.T.);
#16371 = VERTEX_POINT('',#16372);
#16372 = CARTESIAN_POINT('',(37.305366516113,-47.34770965576,3.));
#16373 = LINE('',#16374,#16375);
#16374 = CARTESIAN_POINT('',(34.940734863281,-48.14990997314,3.));
#16375 = VECTOR('',#16376,1.);
#16376 = DIRECTION('',(0.946989108532,0.321265666267,0.));
#16377 = ORIENTED_EDGE('',*,*,#16378,.T.);
#16378 = EDGE_CURVE('',#16371,#16362,#16379,.T.);
#16379 = LINE('',#16380,#16381);
#16380 = CARTESIAN_POINT('',(37.305366516113,-47.34770965576,3.));
#16381 = VECTOR('',#16382,1.);
#16382 = DIRECTION('',(0.,0.,-1.));
#16383 = PLANE('',#16384);
#16384 = AXIS2_PLACEMENT_3D('',#16385,#16386,#16387);
#16385 = CARTESIAN_POINT('',(36.123050689697,-47.74880981445,1.5));
#16386 = DIRECTION('',(-0.321265666267,0.946989108532,0.));
#16387 = DIRECTION('',(0.946989108532,0.321265666267,0.));
#16388 = ADVANCED_FACE('',(#16389),#16414,.F.);
#16389 = FACE_BOUND('',#16390,.F.);
#16390 = EDGE_LOOP('',(#16391,#16399,#16400,#16408));
#16391 = ORIENTED_EDGE('',*,*,#16392,.T.);
#16392 = EDGE_CURVE('',#16393,#16362,#16395,.T.);
#16393 = VERTEX_POINT('',#16394);
#16394 = CARTESIAN_POINT('',(39.545143127441,-46.24388885498,0.));
#16395 = LINE('',#16396,#16397);
#16396 = CARTESIAN_POINT('',(39.545143127441,-46.24388885498,0.));
#16397 = VECTOR('',#16398,1.);
#16398 = DIRECTION('',(-0.896986264415,-0.442058414071,0.));
#16399 = ORIENTED_EDGE('',*,*,#16378,.F.);
#16400 = ORIENTED_EDGE('',*,*,#16401,.T.);
#16401 = EDGE_CURVE('',#16371,#16402,#16404,.T.);
#16402 = VERTEX_POINT('',#16403);
#16403 = CARTESIAN_POINT('',(39.545143127441,-46.24388885498,3.));
#16404 = LINE('',#16405,#16406);
#16405 = CARTESIAN_POINT('',(37.305366516113,-47.34770965576,3.));
#16406 = VECTOR('',#16407,1.);
#16407 = DIRECTION('',(0.896986264415,0.442058414071,0.));
#16408 = ORIENTED_EDGE('',*,*,#16409,.T.);
#16409 = EDGE_CURVE('',#16402,#16393,#16410,.T.);
#16410 = LINE('',#16411,#16412);
#16411 = CARTESIAN_POINT('',(39.545143127441,-46.24388885498,3.));
#16412 = VECTOR('',#16413,1.);
#16413 = DIRECTION('',(0.,0.,-1.));
#16414 = PLANE('',#16415);
#16415 = AXIS2_PLACEMENT_3D('',#16416,#16417,#16418);
#16416 = CARTESIAN_POINT('',(38.425254821777,-46.79579925537,1.5));
#16417 = DIRECTION('',(-0.442058414071,0.896986264415,0.));
#16418 = DIRECTION('',(0.896986264415,0.442058414071,0.));
#16419 = ADVANCED_FACE('',(#16420),#16436,.F.);
#16420 = FACE_BOUND('',#16421,.F.);
#16421 = EDGE_LOOP('',(#16422,#16428,#16429,#16435));
#16422 = ORIENTED_EDGE('',*,*,#16423,.T.);
#16423 = EDGE_CURVE('',#4826,#16393,#16424,.T.);
#16424 = LINE('',#16425,#16426);
#16425 = CARTESIAN_POINT('',(41.621780395508,-44.85731506347,0.));
#16426 = VECTOR('',#16427,1.);
#16427 = DIRECTION('',(-0.831652875863,-0.555295861744,0.));
#16428 = ORIENTED_EDGE('',*,*,#16409,.F.);
#16429 = ORIENTED_EDGE('',*,*,#16430,.T.);
#16430 = EDGE_CURVE('',#16402,#9066,#16431,.T.);
#16431 = LINE('',#16432,#16433);
#16432 = CARTESIAN_POINT('',(39.545143127441,-46.24388885498,3.));
#16433 = VECTOR('',#16434,1.);
#16434 = DIRECTION('',(0.831652875863,0.555295861744,0.));
#16435 = ORIENTED_EDGE('',*,*,#16133,.T.);
#16436 = PLANE('',#16437);
#16437 = AXIS2_PLACEMENT_3D('',#16438,#16439,#16440);
#16438 = CARTESIAN_POINT('',(40.583461761475,-45.55060195922,1.5));
#16439 = DIRECTION('',(-0.555295861744,0.831652875863,0.));
#16440 = DIRECTION('',(0.831652875863,0.555295861744,0.));
#16441 = ADVANCED_FACE('',(#16442),#16453,.F.);
#16442 = FACE_BOUND('',#16443,.F.);
#16443 = EDGE_LOOP('',(#16444,#16445,#16446,#16447));
#16444 = ORIENTED_EDGE('',*,*,#8161,.T.);
#16445 = ORIENTED_EDGE('',*,*,#15767,.F.);
#16446 = ORIENTED_EDGE('',*,*,#4521,.T.);
#16447 = ORIENTED_EDGE('',*,*,#16448,.T.);
#16448 = EDGE_CURVE('',#4514,#8162,#16449,.T.);
#16449 = LINE('',#16450,#16451);
#16450 = CARTESIAN_POINT('',(14.842684745789,-42.5945739746,0.));
#16451 = VECTOR('',#16452,1.);
#16452 = DIRECTION('',(0.,0.,1.));
#16453 = PLANE('',#16454);
#16454 = AXIS2_PLACEMENT_3D('',#16455,#16456,#16457);
#16455 = CARTESIAN_POINT('',(14.110656738281,-43.32660102844,1.5));
#16456 = DIRECTION('',(0.707106320582,-0.70710724179,0.));
#16457 = DIRECTION('',(-0.70710724179,-0.707106320582,0.));
#16458 = ADVANCED_FACE('',(#16459),#16470,.F.);
#16459 = FACE_BOUND('',#16460,.F.);
#16460 = EDGE_LOOP('',(#16461,#16462,#16463,#16464));
#16461 = ORIENTED_EDGE('',*,*,#8169,.T.);
#16462 = ORIENTED_EDGE('',*,*,#16448,.F.);
#16463 = ORIENTED_EDGE('',*,*,#4513,.T.);
#16464 = ORIENTED_EDGE('',*,*,#16465,.T.);
#16465 = EDGE_CURVE('',#4506,#8170,#16466,.T.);
#16466 = LINE('',#16467,#16468);
#16467 = CARTESIAN_POINT('',(14.842684745789,-41.32178115844,0.));
#16468 = VECTOR('',#16469,1.);
#16469 = DIRECTION('',(0.,0.,1.));
#16470 = PLANE('',#16471);
#16471 = AXIS2_PLACEMENT_3D('',#16472,#16473,#16474);
#16472 = CARTESIAN_POINT('',(14.842684745789,-41.95817756652,1.5));
#16473 = DIRECTION('',(1.,0.,0.));
#16474 = DIRECTION('',(0.,0.,1.));
#16475 = ADVANCED_FACE('',(#16476),#16506,.F.);
#16476 = FACE_BOUND('',#16477,.F.);
#16477 = EDGE_LOOP('',(#16478,#16486,#16494,#16500));
#16478 = ORIENTED_EDGE('',*,*,#16479,.T.);
#16479 = EDGE_CURVE('',#8298,#16480,#16482,.T.);
#16480 = VERTEX_POINT('',#16481);
#16481 = CARTESIAN_POINT('',(13.456111907959,-20.15485763549,3.));
#16482 = LINE('',#16483,#16484);
#16483 = CARTESIAN_POINT('',(14.842684745789,-18.07821846008,3.));
#16484 = VECTOR('',#16485,1.);
#16485 = DIRECTION('',(-0.555295244826,-0.831653287779,0.));
#16486 = ORIENTED_EDGE('',*,*,#16487,.T.);
#16487 = EDGE_CURVE('',#16480,#16488,#16490,.T.);
#16488 = VERTEX_POINT('',#16489);
#16489 = CARTESIAN_POINT('',(13.456111907959,-20.15485763549,0.));
#16490 = LINE('',#16491,#16492);
#16491 = CARTESIAN_POINT('',(13.456111907959,-20.15485763549,3.));
#16492 = VECTOR('',#16493,1.);
#16493 = DIRECTION('',(0.,0.,-1.));
#16494 = ORIENTED_EDGE('',*,*,#16495,.T.);
#16495 = EDGE_CURVE('',#16488,#4378,#16496,.T.);
#16496 = LINE('',#16497,#16498);
#16497 = CARTESIAN_POINT('',(13.456111907959,-20.15485763549,0.));
#16498 = VECTOR('',#16499,1.);
#16499 = DIRECTION('',(0.555295244826,0.831653287779,0.));
#16500 = ORIENTED_EDGE('',*,*,#16501,.T.);
#16501 = EDGE_CURVE('',#4378,#8298,#16502,.T.);
#16502 = LINE('',#16503,#16504);
#16503 = CARTESIAN_POINT('',(14.842684745789,-18.07821846008,0.));
#16504 = VECTOR('',#16505,1.);
#16505 = DIRECTION('',(0.,0.,1.));
#16506 = PLANE('',#16507);
#16507 = AXIS2_PLACEMENT_3D('',#16508,#16509,#16510);
#16508 = CARTESIAN_POINT('',(14.149398326874,-19.11653804779,1.5));
#16509 = DIRECTION('',(0.831653287779,-0.555295244826,0.));
#16510 = DIRECTION('',(0.555295244826,0.831653287779,0.));
#16511 = ADVANCED_FACE('',(#16512),#16537,.F.);
#16512 = FACE_BOUND('',#16513,.F.);
#16513 = EDGE_LOOP('',(#16514,#16522,#16523,#16531));
#16514 = ORIENTED_EDGE('',*,*,#16515,.T.);
#16515 = EDGE_CURVE('',#16516,#16488,#16518,.T.);
#16516 = VERTEX_POINT('',#16517);
#16517 = CARTESIAN_POINT('',(12.352292060852,-22.39463233947,0.));
#16518 = LINE('',#16519,#16520);
#16519 = CARTESIAN_POINT('',(12.352292060852,-22.39463233947,0.));
#16520 = VECTOR('',#16521,1.);
#16521 = DIRECTION('',(0.442058409662,0.896986266588,0.));
#16522 = ORIENTED_EDGE('',*,*,#16487,.F.);
#16523 = ORIENTED_EDGE('',*,*,#16524,.T.);
#16524 = EDGE_CURVE('',#16480,#16525,#16527,.T.);
#16525 = VERTEX_POINT('',#16526);
#16526 = CARTESIAN_POINT('',(12.352292060852,-22.39463233947,3.));
#16527 = LINE('',#16528,#16529);
#16528 = CARTESIAN_POINT('',(13.456111907959,-20.15485763549,3.));
#16529 = VECTOR('',#16530,1.);
#16530 = DIRECTION('',(-0.442058409662,-0.896986266588,0.));
#16531 = ORIENTED_EDGE('',*,*,#16532,.F.);
#16532 = EDGE_CURVE('',#16516,#16525,#16533,.T.);
#16533 = LINE('',#16534,#16535);
#16534 = CARTESIAN_POINT('',(12.352292060852,-22.39463233947,0.));
#16535 = VECTOR('',#16536,1.);
#16536 = DIRECTION('',(0.,0.,1.));
#16537 = PLANE('',#16538);
#16538 = AXIS2_PLACEMENT_3D('',#16539,#16540,#16541);
#16539 = CARTESIAN_POINT('',(12.904201984406,-21.27474498748,1.5));
#16540 = DIRECTION('',(0.896986266588,-0.442058409662,0.));
#16541 = DIRECTION('',(0.442058409662,0.896986266588,0.));
#16542 = ADVANCED_FACE('',(#16543),#16568,.F.);
#16543 = FACE_BOUND('',#16544,.F.);
#16544 = EDGE_LOOP('',(#16545,#16546,#16554,#16562));
#16545 = ORIENTED_EDGE('',*,*,#16532,.T.);
#16546 = ORIENTED_EDGE('',*,*,#16547,.T.);
#16547 = EDGE_CURVE('',#16525,#16548,#16550,.T.);
#16548 = VERTEX_POINT('',#16549);
#16549 = CARTESIAN_POINT('',(11.550090789795,-24.75926399231,3.));
#16550 = LINE('',#16551,#16552);
#16551 = CARTESIAN_POINT('',(12.352292060852,-22.39463233947,3.));
#16552 = VECTOR('',#16553,1.);
#16553 = DIRECTION('',(-0.321266008775,-0.946988992336,0.));
#16554 = ORIENTED_EDGE('',*,*,#16555,.F.);
#16555 = EDGE_CURVE('',#16556,#16548,#16558,.T.);
#16556 = VERTEX_POINT('',#16557);
#16557 = CARTESIAN_POINT('',(11.550090789795,-24.75926399231,0.));
#16558 = LINE('',#16559,#16560);
#16559 = CARTESIAN_POINT('',(11.550090789795,-24.75926399231,0.));
#16560 = VECTOR('',#16561,1.);
#16561 = DIRECTION('',(0.,0.,1.));
#16562 = ORIENTED_EDGE('',*,*,#16563,.T.);
#16563 = EDGE_CURVE('',#16556,#16516,#16564,.T.);
#16564 = LINE('',#16565,#16566);
#16565 = CARTESIAN_POINT('',(11.550090789795,-24.75926399231,0.));
#16566 = VECTOR('',#16567,1.);
#16567 = DIRECTION('',(0.321266008775,0.946988992336,0.));
#16568 = PLANE('',#16569);
#16569 = AXIS2_PLACEMENT_3D('',#16570,#16571,#16572);
#16570 = CARTESIAN_POINT('',(11.951191425323,-23.57694816589,1.5));
#16571 = DIRECTION('',(0.946988992336,-0.321266008775,0.));
#16572 = DIRECTION('',(0.321266008775,0.946988992336,0.));
#16573 = ADVANCED_FACE('',(#16574),#16599,.F.);
#16574 = FACE_BOUND('',#16575,.F.);
#16575 = EDGE_LOOP('',(#16576,#16577,#16585,#16593));
#16576 = ORIENTED_EDGE('',*,*,#16555,.T.);
#16577 = ORIENTED_EDGE('',*,*,#16578,.T.);
#16578 = EDGE_CURVE('',#16548,#16579,#16581,.T.);
#16579 = VERTEX_POINT('',#16580);
#16580 = CARTESIAN_POINT('',(11.063220024109,-27.20833969116,3.));
#16581 = LINE('',#16582,#16583);
#16582 = CARTESIAN_POINT('',(11.550090789795,-24.75926399231,3.));
#16583 = VECTOR('',#16584,1.);
#16584 = DIRECTION('',(-0.194982192432,-0.980806782519,0.));
#16585 = ORIENTED_EDGE('',*,*,#16586,.T.);
#16586 = EDGE_CURVE('',#16579,#16587,#16589,.T.);
#16587 = VERTEX_POINT('',#16588);
#16588 = CARTESIAN_POINT('',(11.063220024109,-27.20833969116,0.));
#16589 = LINE('',#16590,#16591);
#16590 = CARTESIAN_POINT('',(11.063220024109,-27.20833969116,3.));
#16591 = VECTOR('',#16592,1.);
#16592 = DIRECTION('',(0.,0.,-1.));
#16593 = ORIENTED_EDGE('',*,*,#16594,.T.);
#16594 = EDGE_CURVE('',#16587,#16556,#16595,.T.);
#16595 = LINE('',#16596,#16597);
#16596 = CARTESIAN_POINT('',(11.063220024109,-27.20833969116,0.));
#16597 = VECTOR('',#16598,1.);
#16598 = DIRECTION('',(0.194982192432,0.980806782519,0.));
#16599 = PLANE('',#16600);
#16600 = AXIS2_PLACEMENT_3D('',#16601,#16602,#16603);
#16601 = CARTESIAN_POINT('',(11.306655406952,-25.98380184173,1.5));
#16602 = DIRECTION('',(0.980806782519,-0.194982192432,0.));
#16603 = DIRECTION('',(0.194982192432,0.980806782519,0.));
#16604 = ADVANCED_FACE('',(#16605),#16626,.F.);
#16605 = FACE_BOUND('',#16606,.F.);
#16606 = EDGE_LOOP('',(#16607,#16613,#16614,#16620));
#16607 = ORIENTED_EDGE('',*,*,#16608,.T.);
#16608 = EDGE_CURVE('',#4442,#16587,#16609,.T.);
#16609 = LINE('',#16610,#16611);
#16610 = CARTESIAN_POINT('',(10.89999961853,-29.70000076293,0.));
#16611 = VECTOR('',#16612,1.);
#16612 = DIRECTION('',(6.536656652272E-02,0.997861319012,0.));
#16613 = ORIENTED_EDGE('',*,*,#16586,.F.);
#16614 = ORIENTED_EDGE('',*,*,#16615,.T.);
#16615 = EDGE_CURVE('',#16579,#8234,#16616,.T.);
#16616 = LINE('',#16617,#16618);
#16617 = CARTESIAN_POINT('',(11.063220024109,-27.20833969116,3.));
#16618 = VECTOR('',#16619,1.);
#16619 = DIRECTION('',(-6.536656652272E-02,-0.997861319012,0.));
#16620 = ORIENTED_EDGE('',*,*,#16621,.T.);
#16621 = EDGE_CURVE('',#8234,#4442,#16622,.T.);
#16622 = LINE('',#16623,#16624);
#16623 = CARTESIAN_POINT('',(10.89999961853,-29.70000076293,3.));
#16624 = VECTOR('',#16625,1.);
#16625 = DIRECTION('',(0.,0.,-1.));
#16626 = PLANE('',#16627);
#16627 = AXIS2_PLACEMENT_3D('',#16628,#16629,#16630);
#16628 = CARTESIAN_POINT('',(10.98160982132,-28.45417022705,1.5));
#16629 = DIRECTION('',(0.997861319012,-6.536656652272E-02,0.));
#16630 = DIRECTION('',(6.536656652272E-02,0.997861319012,0.));
#16631 = ADVANCED_FACE('',(#16632),#16657,.F.);
#16632 = FACE_BOUND('',#16633,.F.);
#16633 = EDGE_LOOP('',(#16634,#16635,#16643,#16651));
#16634 = ORIENTED_EDGE('',*,*,#16621,.F.);
#16635 = ORIENTED_EDGE('',*,*,#16636,.T.);
#16636 = EDGE_CURVE('',#8234,#16637,#16639,.T.);
#16637 = VERTEX_POINT('',#16638);
#16638 = CARTESIAN_POINT('',(11.063220024109,-32.19166183471,3.));
#16639 = LINE('',#16640,#16641);
#16640 = CARTESIAN_POINT('',(10.89999961853,-29.70000076293,3.));
#16641 = VECTOR('',#16642,1.);
#16642 = DIRECTION('',(6.536656652272E-02,-0.997861319012,0.));
#16643 = ORIENTED_EDGE('',*,*,#16644,.F.);
#16644 = EDGE_CURVE('',#16645,#16637,#16647,.T.);
#16645 = VERTEX_POINT('',#16646);
#16646 = CARTESIAN_POINT('',(11.063220024109,-32.19166183471,0.));
#16647 = LINE('',#16648,#16649);
#16648 = CARTESIAN_POINT('',(11.063220024109,-32.19166183471,0.));
#16649 = VECTOR('',#16650,1.);
#16650 = DIRECTION('',(0.,0.,1.));
#16651 = ORIENTED_EDGE('',*,*,#16652,.T.);
#16652 = EDGE_CURVE('',#16645,#4442,#16653,.T.);
#16653 = LINE('',#16654,#16655);
#16654 = CARTESIAN_POINT('',(11.063220024109,-32.19166183471,0.));
#16655 = VECTOR('',#16656,1.);
#16656 = DIRECTION('',(-6.536656652272E-02,0.997861319012,0.));
#16657 = PLANE('',#16658);
#16658 = AXIS2_PLACEMENT_3D('',#16659,#16660,#16661);
#16659 = CARTESIAN_POINT('',(10.98160982132,-30.94583129882,1.5));
#16660 = DIRECTION('',(0.997861319012,6.536656652272E-02,0.));
#16661 = DIRECTION('',(-6.536656652272E-02,0.997861319012,0.));
#16662 = ADVANCED_FACE('',(#16663),#16688,.F.);
#16663 = FACE_BOUND('',#16664,.F.);
#16664 = EDGE_LOOP('',(#16665,#16666,#16674,#16682));
#16665 = ORIENTED_EDGE('',*,*,#16644,.T.);
#16666 = ORIENTED_EDGE('',*,*,#16667,.T.);
#16667 = EDGE_CURVE('',#16637,#16668,#16670,.T.);
#16668 = VERTEX_POINT('',#16669);
#16669 = CARTESIAN_POINT('',(11.550090789795,-34.64073562622,3.));
#16670 = LINE('',#16671,#16672);
#16671 = CARTESIAN_POINT('',(11.063220024109,-32.19166183471,3.));
#16672 = VECTOR('',#16673,1.);
#16673 = DIRECTION('',(0.194982338512,-0.980806753478,0.));
#16674 = ORIENTED_EDGE('',*,*,#16675,.F.);
#16675 = EDGE_CURVE('',#16676,#16668,#16678,.T.);
#16676 = VERTEX_POINT('',#16677);
#16677 = CARTESIAN_POINT('',(11.550090789795,-34.64073562622,0.));
#16678 = LINE('',#16679,#16680);
#16679 = CARTESIAN_POINT('',(11.550090789795,-34.64073562622,0.));
#16680 = VECTOR('',#16681,1.);
#16681 = DIRECTION('',(0.,0.,1.));
#16682 = ORIENTED_EDGE('',*,*,#16683,.T.);
#16683 = EDGE_CURVE('',#16676,#16645,#16684,.T.);
#16684 = LINE('',#16685,#16686);
#16685 = CARTESIAN_POINT('',(11.550090789795,-34.64073562622,0.));
#16686 = VECTOR('',#16687,1.);
#16687 = DIRECTION('',(-0.194982338512,0.980806753478,0.));
#16688 = PLANE('',#16689);
#16689 = AXIS2_PLACEMENT_3D('',#16690,#16691,#16692);
#16690 = CARTESIAN_POINT('',(11.306655406952,-33.41619873046,1.5));
#16691 = DIRECTION('',(0.980806753478,0.194982338512,0.));
#16692 = DIRECTION('',(-0.194982338512,0.980806753478,0.));
#16693 = ADVANCED_FACE('',(#16694),#16719,.F.);
#16694 = FACE_BOUND('',#16695,.F.);
#16695 = EDGE_LOOP('',(#16696,#16697,#16705,#16713));
#16696 = ORIENTED_EDGE('',*,*,#16675,.T.);
#16697 = ORIENTED_EDGE('',*,*,#16698,.T.);
#16698 = EDGE_CURVE('',#16668,#16699,#16701,.T.);
#16699 = VERTEX_POINT('',#16700);
#16700 = CARTESIAN_POINT('',(12.352292060852,-37.00536727905,3.));
#16701 = LINE('',#16702,#16703);
#16702 = CARTESIAN_POINT('',(11.550090789795,-34.64073562622,3.));
#16703 = VECTOR('',#16704,1.);
#16704 = DIRECTION('',(0.321266008775,-0.946988992336,0.));
#16705 = ORIENTED_EDGE('',*,*,#16706,.F.);
#16706 = EDGE_CURVE('',#16707,#16699,#16709,.T.);
#16707 = VERTEX_POINT('',#16708);
#16708 = CARTESIAN_POINT('',(12.352292060852,-37.00536727905,0.));
#16709 = LINE('',#16710,#16711);
#16710 = CARTESIAN_POINT('',(12.352292060852,-37.00536727905,0.));
#16711 = VECTOR('',#16712,1.);
#16712 = DIRECTION('',(0.,0.,1.));
#16713 = ORIENTED_EDGE('',*,*,#16714,.T.);
#16714 = EDGE_CURVE('',#16707,#16676,#16715,.T.);
#16715 = LINE('',#16716,#16717);
#16716 = CARTESIAN_POINT('',(12.352292060852,-37.00536727905,0.));
#16717 = VECTOR('',#16718,1.);
#16718 = DIRECTION('',(-0.321266008775,0.946988992336,0.));
#16719 = PLANE('',#16720);
#16720 = AXIS2_PLACEMENT_3D('',#16721,#16722,#16723);
#16721 = CARTESIAN_POINT('',(11.951191425323,-35.82305145263,1.5));
#16722 = DIRECTION('',(0.946988992336,0.321266008775,0.));
#16723 = DIRECTION('',(-0.321266008775,0.946988992336,0.));
#16724 = ADVANCED_FACE('',(#16725),#16750,.F.);
#16725 = FACE_BOUND('',#16726,.F.);
#16726 = EDGE_LOOP('',(#16727,#16728,#16736,#16744));
#16727 = ORIENTED_EDGE('',*,*,#16706,.T.);
#16728 = ORIENTED_EDGE('',*,*,#16729,.T.);
#16729 = EDGE_CURVE('',#16699,#16730,#16732,.T.);
#16730 = VERTEX_POINT('',#16731);
#16731 = CARTESIAN_POINT('',(13.456111907959,-39.24514389038,3.));
#16732 = LINE('',#16733,#16734);
#16733 = CARTESIAN_POINT('',(12.352292060852,-37.00536727905,3.));
#16734 = VECTOR('',#16735,1.);
#16735 = DIRECTION('',(0.442058106778,-0.896986415857,0.));
#16736 = ORIENTED_EDGE('',*,*,#16737,.F.);
#16737 = EDGE_CURVE('',#16738,#16730,#16740,.T.);
#16738 = VERTEX_POINT('',#16739);
#16739 = CARTESIAN_POINT('',(13.456111907959,-39.24514389038,0.));
#16740 = LINE('',#16741,#16742);
#16741 = CARTESIAN_POINT('',(13.456111907959,-39.24514389038,0.));
#16742 = VECTOR('',#16743,1.);
#16743 = DIRECTION('',(0.,0.,1.));
#16744 = ORIENTED_EDGE('',*,*,#16745,.T.);
#16745 = EDGE_CURVE('',#16738,#16707,#16746,.T.);
#16746 = LINE('',#16747,#16748);
#16747 = CARTESIAN_POINT('',(13.456111907959,-39.24514389038,0.));
#16748 = VECTOR('',#16749,1.);
#16749 = DIRECTION('',(-0.442058106778,0.896986415857,0.));
#16750 = PLANE('',#16751);
#16751 = AXIS2_PLACEMENT_3D('',#16752,#16753,#16754);
#16752 = CARTESIAN_POINT('',(12.904201984406,-38.12525558471,1.5));
#16753 = DIRECTION('',(0.896986415857,0.442058106778,0.));
#16754 = DIRECTION('',(-0.442058106778,0.896986415857,0.));
#16755 = ADVANCED_FACE('',(#16756),#16772,.F.);
#16756 = FACE_BOUND('',#16757,.F.);
#16757 = EDGE_LOOP('',(#16758,#16759,#16765,#16766));
#16758 = ORIENTED_EDGE('',*,*,#16737,.T.);
#16759 = ORIENTED_EDGE('',*,*,#16760,.T.);
#16760 = EDGE_CURVE('',#16730,#8170,#16761,.T.);
#16761 = LINE('',#16762,#16763);
#16762 = CARTESIAN_POINT('',(13.456111907959,-39.24514389038,3.));
#16763 = VECTOR('',#16764,1.);
#16764 = DIRECTION('',(0.555295597584,-0.831653052242,0.));
#16765 = ORIENTED_EDGE('',*,*,#16465,.F.);
#16766 = ORIENTED_EDGE('',*,*,#16767,.T.);
#16767 = EDGE_CURVE('',#4506,#16738,#16768,.T.);
#16768 = LINE('',#16769,#16770);
#16769 = CARTESIAN_POINT('',(14.842684745789,-41.32178115844,0.));
#16770 = VECTOR('',#16771,1.);
#16771 = DIRECTION('',(-0.555295597584,0.831653052242,0.));
#16772 = PLANE('',#16773);
#16773 = AXIS2_PLACEMENT_3D('',#16774,#16775,#16776);
#16774 = CARTESIAN_POINT('',(14.149398326874,-40.28346252441,1.5));
#16775 = DIRECTION('',(0.831653052242,0.555295597584,0.));
#16776 = DIRECTION('',(-0.555295597584,0.831653052242,0.));
#16777 = ADVANCED_FACE('',(#16778),#16784,.F.);
#16778 = FACE_BOUND('',#16779,.F.);
#16779 = EDGE_LOOP('',(#16780,#16781,#16782,#16783));
#16780 = ORIENTED_EDGE('',*,*,#16501,.F.);
#16781 = ORIENTED_EDGE('',*,*,#4377,.F.);
#16782 = ORIENTED_EDGE('',*,*,#15338,.F.);
#16783 = ORIENTED_EDGE('',*,*,#8305,.F.);
#16784 = PLANE('',#16785);
#16785 = AXIS2_PLACEMENT_3D('',#16786,#16787,#16788);
#16786 = CARTESIAN_POINT('',(14.842684745789,-17.441822052,1.5));
#16787 = DIRECTION('',(1.,0.,0.));
#16788 = DIRECTION('',(0.,0.,1.));
#16789 = ADVANCED_FACE('',(#16790),#16796,.F.);
#16790 = FACE_BOUND('',#16791,.F.);
#16791 = EDGE_LOOP('',(#16792,#16793,#16794,#16795));
#16792 = ORIENTED_EDGE('',*,*,#8481,.T.);
#16793 = ORIENTED_EDGE('',*,*,#15381,.F.);
#16794 = ORIENTED_EDGE('',*,*,#4201,.T.);
#16795 = ORIENTED_EDGE('',*,*,#15019,.T.);
#16796 = PLANE('',#16797);
#16797 = AXIS2_PLACEMENT_3D('',#16798,#16799,#16800);
#16798 = CARTESIAN_POINT('',(16.373398780823,-13.81065702438,1.5));
#16799 = DIRECTION('',(-0.707106550885,-0.707107011488,-0.));
#16800 = DIRECTION('',(-0.707107011488,0.707106550885,0.));
#16801 = ADVANCED_FACE('',(#16802),#16808,.F.);
#16802 = FACE_BOUND('',#16803,.F.);
#16803 = EDGE_LOOP('',(#16804,#16805,#16806,#16807));
#16804 = ORIENTED_EDGE('',*,*,#8769,.T.);
#16805 = ORIENTED_EDGE('',*,*,#14653,.F.);
#16806 = ORIENTED_EDGE('',*,*,#5129,.T.);
#16807 = ORIENTED_EDGE('',*,*,#14305,.T.);
#16808 = PLANE('',#16809);
#16809 = AXIS2_PLACEMENT_3D('',#16810,#16811,#16812);
#16810 = CARTESIAN_POINT('',(45.889343261719,-16.07339811325,1.5));
#16811 = DIRECTION('',(-0.707106090281,0.707107472091,0.));
#16812 = DIRECTION('',(0.707107472091,0.707106090281,0.));
#16813 = ADVANCED_FACE('',(#16814),#16820,.F.);
#16814 = FACE_BOUND('',#16815,.F.);
#16815 = EDGE_LOOP('',(#16816,#16817,#16818,#16819));
#16816 = ORIENTED_EDGE('',*,*,#9057,.T.);
#16817 = ORIENTED_EDGE('',*,*,#13939,.F.);
#16818 = ORIENTED_EDGE('',*,*,#4841,.T.);
#16819 = ORIENTED_EDGE('',*,*,#16126,.T.);
#16820 = PLANE('',#16821);
#16821 = AXIS2_PLACEMENT_3D('',#16822,#16823,#16824);
#16822 = CARTESIAN_POINT('',(43.626600265503,-45.58934211731,1.5));
#16823 = DIRECTION('',(0.707106781187,0.707106781187,0.));
#16824 = DIRECTION('',(0.707106781187,-0.707106781187,0.));
#16825 = ADVANCED_FACE('',(#16826),#16842,.F.);
#16826 = FACE_BOUND('',#16827,.F.);
#16827 = EDGE_LOOP('',(#16828,#16829,#16835,#16836));
#16828 = ORIENTED_EDGE('',*,*,#10361,.T.);
#16829 = ORIENTED_EDGE('',*,*,#16830,.F.);
#16830 = EDGE_CURVE('',#6618,#10354,#16831,.T.);
#16831 = LINE('',#16832,#16833);
#16832 = CARTESIAN_POINT('',(47.450000762939,-88.44999694824,0.));
#16833 = VECTOR('',#16834,1.);
#16834 = DIRECTION('',(0.,0.,1.));
#16835 = ORIENTED_EDGE('',*,*,#6617,.T.);
#16836 = ORIENTED_EDGE('',*,*,#16837,.T.);
#16837 = EDGE_CURVE('',#6610,#10362,#16838,.T.);
#16838 = LINE('',#16839,#16840);
#16839 = CARTESIAN_POINT('',(47.450000762939,-66.94999694824,0.));
#16840 = VECTOR('',#16841,1.);
#16841 = DIRECTION('',(0.,0.,1.));
#16842 = PLANE('',#16843);
#16843 = AXIS2_PLACEMENT_3D('',#16844,#16845,#16846);
#16844 = CARTESIAN_POINT('',(47.450000762939,-77.69999694824,1.5));
#16845 = DIRECTION('',(1.,0.,0.));
#16846 = DIRECTION('',(0.,0.,1.));
#16847 = ADVANCED_FACE('',(#16848),#16873,.F.);
#16848 = FACE_BOUND('',#16849,.F.);
#16849 = EDGE_LOOP('',(#16850,#16858,#16859,#16867));
#16850 = ORIENTED_EDGE('',*,*,#16851,.T.);
#16851 = EDGE_CURVE('',#16852,#6618,#16854,.T.);
#16852 = VERTEX_POINT('',#16853);
#16853 = CARTESIAN_POINT('',(47.536888122559,-89.10998535156,0.));
#16854 = LINE('',#16855,#16856);
#16855 = CARTESIAN_POINT('',(47.536888122559,-89.10998535156,0.));
#16856 = VECTOR('',#16857,1.);
#16857 = DIRECTION('',(-0.130523590327,0.991445203916,0.));
#16858 = ORIENTED_EDGE('',*,*,#16830,.T.);
#16859 = ORIENTED_EDGE('',*,*,#16860,.T.);
#16860 = EDGE_CURVE('',#10354,#16861,#16863,.T.);
#16861 = VERTEX_POINT('',#16862);
#16862 = CARTESIAN_POINT('',(47.536888122559,-89.10998535156,3.));
#16863 = LINE('',#16864,#16865);
#16864 = CARTESIAN_POINT('',(47.450000762939,-88.44999694824,3.));
#16865 = VECTOR('',#16866,1.);
#16866 = DIRECTION('',(0.130523590327,-0.991445203916,0.));
#16867 = ORIENTED_EDGE('',*,*,#16868,.T.);
#16868 = EDGE_CURVE('',#16861,#16852,#16869,.T.);
#16869 = LINE('',#16870,#16871);
#16870 = CARTESIAN_POINT('',(47.536888122559,-89.10998535156,3.));
#16871 = VECTOR('',#16872,1.);
#16872 = DIRECTION('',(0.,0.,-1.));
#16873 = PLANE('',#16874);
#16874 = AXIS2_PLACEMENT_3D('',#16875,#16876,#16877);
#16875 = CARTESIAN_POINT('',(47.493444442749,-88.7799911499,1.5));
#16876 = DIRECTION('',(0.991445203916,0.130523590327,0.));
#16877 = DIRECTION('',(-0.130523590327,0.991445203916,0.));
#16878 = ADVANCED_FACE('',(#16879),#16904,.F.);
#16879 = FACE_BOUND('',#16880,.F.);
#16880 = EDGE_LOOP('',(#16881,#16889,#16890,#16898));
#16881 = ORIENTED_EDGE('',*,*,#16882,.T.);
#16882 = EDGE_CURVE('',#16883,#16852,#16885,.T.);
#16883 = VERTEX_POINT('',#16884);
#16884 = CARTESIAN_POINT('',(47.791633605957,-89.72499847412,0.));
#16885 = LINE('',#16886,#16887);
#16886 = CARTESIAN_POINT('',(47.791633605957,-89.72499847412,0.));
#16887 = VECTOR('',#16888,1.);
#16888 = DIRECTION('',(-0.382681774453,0.923880219239,0.));
#16889 = ORIENTED_EDGE('',*,*,#16868,.F.);
#16890 = ORIENTED_EDGE('',*,*,#16891,.T.);
#16891 = EDGE_CURVE('',#16861,#16892,#16894,.T.);
#16892 = VERTEX_POINT('',#16893);
#16893 = CARTESIAN_POINT('',(47.791633605957,-89.72499847412,3.));
#16894 = LINE('',#16895,#16896);
#16895 = CARTESIAN_POINT('',(47.536888122559,-89.10998535156,3.));
#16896 = VECTOR('',#16897,1.);
#16897 = DIRECTION('',(0.382681774453,-0.923880219239,0.));
#16898 = ORIENTED_EDGE('',*,*,#16899,.T.);
#16899 = EDGE_CURVE('',#16892,#16883,#16900,.T.);
#16900 = LINE('',#16901,#16902);
#16901 = CARTESIAN_POINT('',(47.791633605957,-89.72499847412,3.));
#16902 = VECTOR('',#16903,1.);
#16903 = DIRECTION('',(0.,0.,-1.));
#16904 = PLANE('',#16905);
#16905 = AXIS2_PLACEMENT_3D('',#16906,#16907,#16908);
#16906 = CARTESIAN_POINT('',(47.664260864258,-89.41749191284,1.5));
#16907 = DIRECTION('',(0.923880219239,0.382681774453,0.));
#16908 = DIRECTION('',(-0.382681774453,0.923880219239,0.));
#16909 = ADVANCED_FACE('',(#16910),#16931,.F.);
#16910 = FACE_BOUND('',#16911,.F.);
#16911 = EDGE_LOOP('',(#16912,#16918,#16919,#16925));
#16912 = ORIENTED_EDGE('',*,*,#16913,.T.);
#16913 = EDGE_CURVE('',#6650,#16883,#16914,.T.);
#16914 = LINE('',#16915,#16916);
#16915 = CARTESIAN_POINT('',(48.196876525879,-90.25312042236,0.));
#16916 = VECTOR('',#16917,1.);
#16917 = DIRECTION('',(-0.608762087169,0.793352835267,0.));
#16918 = ORIENTED_EDGE('',*,*,#16899,.F.);
#16919 = ORIENTED_EDGE('',*,*,#16920,.T.);
#16920 = EDGE_CURVE('',#16892,#10322,#16921,.T.);
#16921 = LINE('',#16922,#16923);
#16922 = CARTESIAN_POINT('',(47.791633605957,-89.72499847412,3.));
#16923 = VECTOR('',#16924,1.);
#16924 = DIRECTION('',(0.608762087169,-0.793352835267,0.));
#16925 = ORIENTED_EDGE('',*,*,#16926,.T.);
#16926 = EDGE_CURVE('',#10322,#6650,#16927,.T.);
#16927 = LINE('',#16928,#16929);
#16928 = CARTESIAN_POINT('',(48.196876525879,-90.25312042236,3.));
#16929 = VECTOR('',#16930,1.);
#16930 = DIRECTION('',(0.,0.,-1.));
#16931 = PLANE('',#16932);
#16932 = AXIS2_PLACEMENT_3D('',#16933,#16934,#16935);
#16933 = CARTESIAN_POINT('',(47.994255065918,-89.98905944824,1.5));
#16934 = DIRECTION('',(0.793352835267,0.608762087169,0.));
#16935 = DIRECTION('',(-0.608762087169,0.793352835267,0.));
#16936 = ADVANCED_FACE('',(#16937),#16962,.F.);
#16937 = FACE_BOUND('',#16938,.F.);
#16938 = EDGE_LOOP('',(#16939,#16947,#16948,#16956));
#16939 = ORIENTED_EDGE('',*,*,#16940,.T.);
#16940 = EDGE_CURVE('',#16941,#6650,#16943,.T.);
#16941 = VERTEX_POINT('',#16942);
#16942 = CARTESIAN_POINT('',(48.724998474121,-90.65836334228,0.));
#16943 = LINE('',#16944,#16945);
#16944 = CARTESIAN_POINT('',(48.724998474121,-90.65836334228,0.));
#16945 = VECTOR('',#16946,1.);
#16946 = DIRECTION('',(-0.793352835267,0.608762087169,0.));
#16947 = ORIENTED_EDGE('',*,*,#16926,.F.);
#16948 = ORIENTED_EDGE('',*,*,#16949,.T.);
#16949 = EDGE_CURVE('',#10322,#16950,#16952,.T.);
#16950 = VERTEX_POINT('',#16951);
#16951 = CARTESIAN_POINT('',(48.724998474121,-90.65836334228,3.));
#16952 = LINE('',#16953,#16954);
#16953 = CARTESIAN_POINT('',(48.196876525879,-90.25312042236,3.));
#16954 = VECTOR('',#16955,1.);
#16955 = DIRECTION('',(0.793352835267,-0.608762087169,0.));
#16956 = ORIENTED_EDGE('',*,*,#16957,.F.);
#16957 = EDGE_CURVE('',#16941,#16950,#16958,.T.);
#16958 = LINE('',#16959,#16960);
#16959 = CARTESIAN_POINT('',(48.724998474121,-90.65836334228,0.));
#16960 = VECTOR('',#16961,1.);
#16961 = DIRECTION('',(0.,0.,1.));
#16962 = PLANE('',#16963);
#16963 = AXIS2_PLACEMENT_3D('',#16964,#16965,#16966);
#16964 = CARTESIAN_POINT('',(48.4609375,-90.45574188232,1.5));
#16965 = DIRECTION('',(0.608762087169,0.793352835267,0.));
#16966 = DIRECTION('',(0.793352835267,-0.608762087169,0.));
#16967 = ADVANCED_FACE('',(#16968),#16993,.F.);
#16968 = FACE_BOUND('',#16969,.F.);
#16969 = EDGE_LOOP('',(#16970,#16971,#16979,#16987));
#16970 = ORIENTED_EDGE('',*,*,#16957,.T.);
#16971 = ORIENTED_EDGE('',*,*,#16972,.T.);
#16972 = EDGE_CURVE('',#16950,#16973,#16975,.T.);
#16973 = VERTEX_POINT('',#16974);
#16974 = CARTESIAN_POINT('',(49.34001159668,-90.91310882568,3.));
#16975 = LINE('',#16976,#16977);
#16976 = CARTESIAN_POINT('',(48.724998474121,-90.65836334228,3.));
#16977 = VECTOR('',#16978,1.);
#16978 = DIRECTION('',(0.923880219239,-0.382681774453,0.));
#16979 = ORIENTED_EDGE('',*,*,#16980,.T.);
#16980 = EDGE_CURVE('',#16973,#16981,#16983,.T.);
#16981 = VERTEX_POINT('',#16982);
#16982 = CARTESIAN_POINT('',(49.34001159668,-90.91310882568,0.));
#16983 = LINE('',#16984,#16985);
#16984 = CARTESIAN_POINT('',(49.34001159668,-90.91310882568,3.));
#16985 = VECTOR('',#16986,1.);
#16986 = DIRECTION('',(0.,0.,-1.));
#16987 = ORIENTED_EDGE('',*,*,#16988,.T.);
#16988 = EDGE_CURVE('',#16981,#16941,#16989,.T.);
#16989 = LINE('',#16990,#16991);
#16990 = CARTESIAN_POINT('',(49.34001159668,-90.91310882568,0.));
#16991 = VECTOR('',#16992,1.);
#16992 = DIRECTION('',(-0.923880219239,0.382681774453,0.));
#16993 = PLANE('',#16994);
#16994 = AXIS2_PLACEMENT_3D('',#16995,#16996,#16997);
#16995 = CARTESIAN_POINT('',(49.0325050354,-90.78573608398,1.5));
#16996 = DIRECTION('',(0.382681774453,0.923880219239,0.));
#16997 = DIRECTION('',(0.923880219239,-0.382681774453,0.));
#16998 = ADVANCED_FACE('',(#16999),#17020,.F.);
#16999 = FACE_BOUND('',#17000,.F.);
#17000 = EDGE_LOOP('',(#17001,#17007,#17008,#17014));
#17001 = ORIENTED_EDGE('',*,*,#17002,.T.);
#17002 = EDGE_CURVE('',#6410,#16981,#17003,.T.);
#17003 = LINE('',#17004,#17005);
#17004 = CARTESIAN_POINT('',(50.,-91.,0.));
#17005 = VECTOR('',#17006,1.);
#17006 = DIRECTION('',(-0.991444462334,0.130529223193,0.));
#17007 = ORIENTED_EDGE('',*,*,#16980,.F.);
#17008 = ORIENTED_EDGE('',*,*,#17009,.T.);
#17009 = EDGE_CURVE('',#16973,#10562,#17010,.T.);
#17010 = LINE('',#17011,#17012);
#17011 = CARTESIAN_POINT('',(49.34001159668,-90.91310882568,3.));
#17012 = VECTOR('',#17013,1.);
#17013 = DIRECTION('',(0.991444462334,-0.130529223193,0.));
#17014 = ORIENTED_EDGE('',*,*,#17015,.T.);
#17015 = EDGE_CURVE('',#10562,#6410,#17016,.T.);
#17016 = LINE('',#17017,#17018);
#17017 = CARTESIAN_POINT('',(50.,-91.,3.));
#17018 = VECTOR('',#17019,1.);
#17019 = DIRECTION('',(0.,0.,-1.));
#17020 = PLANE('',#17021);
#17021 = AXIS2_PLACEMENT_3D('',#17022,#17023,#17024);
#17022 = CARTESIAN_POINT('',(49.67000579834,-90.95655441284,1.5));
#17023 = DIRECTION('',(0.130529223193,0.991444462334,0.));
#17024 = DIRECTION('',(0.991444462334,-0.130529223193,0.));
#17025 = ADVANCED_FACE('',(#17026),#17051,.F.);
#17026 = FACE_BOUND('',#17027,.F.);
#17027 = EDGE_LOOP('',(#17028,#17036,#17037,#17045));
#17028 = ORIENTED_EDGE('',*,*,#17029,.T.);
#17029 = EDGE_CURVE('',#17030,#6410,#17032,.T.);
#17030 = VERTEX_POINT('',#17031);
#17031 = CARTESIAN_POINT('',(50.65998840332,-90.91310882568,0.));
#17032 = LINE('',#17033,#17034);
#17033 = CARTESIAN_POINT('',(50.65998840332,-90.91310882568,0.));
#17034 = VECTOR('',#17035,1.);
#17035 = DIRECTION('',(-0.991444462334,-0.130529223193,0.));
#17036 = ORIENTED_EDGE('',*,*,#17015,.F.);
#17037 = ORIENTED_EDGE('',*,*,#17038,.T.);
#17038 = EDGE_CURVE('',#10562,#17039,#17041,.T.);
#17039 = VERTEX_POINT('',#17040);
#17040 = CARTESIAN_POINT('',(50.65998840332,-90.91310882568,3.));
#17041 = LINE('',#17042,#17043);
#17042 = CARTESIAN_POINT('',(50.,-91.,3.));
#17043 = VECTOR('',#17044,1.);
#17044 = DIRECTION('',(0.991444462334,0.130529223193,0.));
#17045 = ORIENTED_EDGE('',*,*,#17046,.T.);
#17046 = EDGE_CURVE('',#17039,#17030,#17047,.T.);
#17047 = LINE('',#17048,#17049);
#17048 = CARTESIAN_POINT('',(50.65998840332,-90.91310882568,3.));
#17049 = VECTOR('',#17050,1.);
#17050 = DIRECTION('',(0.,0.,-1.));
#17051 = PLANE('',#17052);
#17052 = AXIS2_PLACEMENT_3D('',#17053,#17054,#17055);
#17053 = CARTESIAN_POINT('',(50.32999420166,-90.95655441284,1.5));
#17054 = DIRECTION('',(-0.130529223193,0.991444462334,0.));
#17055 = DIRECTION('',(0.991444462334,0.130529223193,0.));
#17056 = ADVANCED_FACE('',(#17057),#17082,.F.);
#17057 = FACE_BOUND('',#17058,.F.);
#17058 = EDGE_LOOP('',(#17059,#17067,#17068,#17076));
#17059 = ORIENTED_EDGE('',*,*,#17060,.T.);
#17060 = EDGE_CURVE('',#17061,#17030,#17063,.T.);
#17061 = VERTEX_POINT('',#17062);
#17062 = CARTESIAN_POINT('',(51.275001525879,-90.65836334228,0.));
#17063 = LINE('',#17064,#17065);
#17064 = CARTESIAN_POINT('',(51.275001525879,-90.65836334228,0.));
#17065 = VECTOR('',#17066,1.);
#17066 = DIRECTION('',(-0.923880219239,-0.382681774453,0.));
#17067 = ORIENTED_EDGE('',*,*,#17046,.F.);
#17068 = ORIENTED_EDGE('',*,*,#17069,.T.);
#17069 = EDGE_CURVE('',#17039,#17070,#17072,.T.);
#17070 = VERTEX_POINT('',#17071);
#17071 = CARTESIAN_POINT('',(51.275001525879,-90.65836334228,3.));
#17072 = LINE('',#17073,#17074);
#17073 = CARTESIAN_POINT('',(50.65998840332,-90.91310882568,3.));
#17074 = VECTOR('',#17075,1.);
#17075 = DIRECTION('',(0.923880219239,0.382681774453,0.));
#17076 = ORIENTED_EDGE('',*,*,#17077,.T.);
#17077 = EDGE_CURVE('',#17070,#17061,#17078,.T.);
#17078 = LINE('',#17079,#17080);
#17079 = CARTESIAN_POINT('',(51.275001525879,-90.65836334228,3.));
#17080 = VECTOR('',#17081,1.);
#17081 = DIRECTION('',(0.,0.,-1.));
#17082 = PLANE('',#17083);
#17083 = AXIS2_PLACEMENT_3D('',#17084,#17085,#17086);
#17084 = CARTESIAN_POINT('',(50.9674949646,-90.78573608398,1.5));
#17085 = DIRECTION('',(-0.382681774453,0.923880219239,0.));
#17086 = DIRECTION('',(0.923880219239,0.382681774453,0.));
#17087 = ADVANCED_FACE('',(#17088),#17109,.F.);
#17088 = FACE_BOUND('',#17089,.F.);
#17089 = EDGE_LOOP('',(#17090,#17096,#17097,#17103));
#17090 = ORIENTED_EDGE('',*,*,#17091,.T.);
#17091 = EDGE_CURVE('',#6442,#17061,#17092,.T.);
#17092 = LINE('',#17093,#17094);
#17093 = CARTESIAN_POINT('',(51.803123474121,-90.25312042236,0.));
#17094 = VECTOR('',#17095,1.);
#17095 = DIRECTION('',(-0.793352835267,-0.608762087169,0.));
#17096 = ORIENTED_EDGE('',*,*,#17077,.F.);
#17097 = ORIENTED_EDGE('',*,*,#17098,.T.);
#17098 = EDGE_CURVE('',#17070,#10530,#17099,.T.);
#17099 = LINE('',#17100,#17101);
#17100 = CARTESIAN_POINT('',(51.275001525879,-90.65836334228,3.));
#17101 = VECTOR('',#17102,1.);
#17102 = DIRECTION('',(0.793352835267,0.608762087169,0.));
#17103 = ORIENTED_EDGE('',*,*,#17104,.F.);
#17104 = EDGE_CURVE('',#6442,#10530,#17105,.T.);
#17105 = LINE('',#17106,#17107);
#17106 = CARTESIAN_POINT('',(51.803123474121,-90.25312042236,0.));
#17107 = VECTOR('',#17108,1.);
#17108 = DIRECTION('',(0.,0.,1.));
#17109 = PLANE('',#17110);
#17110 = AXIS2_PLACEMENT_3D('',#17111,#17112,#17113);
#17111 = CARTESIAN_POINT('',(51.5390625,-90.45574188232,1.5));
#17112 = DIRECTION('',(-0.608762087169,0.793352835267,0.));
#17113 = DIRECTION('',(0.793352835267,0.608762087169,0.));
#17114 = ADVANCED_FACE('',(#17115),#17140,.F.);
#17115 = FACE_BOUND('',#17116,.F.);
#17116 = EDGE_LOOP('',(#17117,#17118,#17126,#17134));
#17117 = ORIENTED_EDGE('',*,*,#17104,.T.);
#17118 = ORIENTED_EDGE('',*,*,#17119,.T.);
#17119 = EDGE_CURVE('',#10530,#17120,#17122,.T.);
#17120 = VERTEX_POINT('',#17121);
#17121 = CARTESIAN_POINT('',(52.208366394043,-89.72499847412,3.));
#17122 = LINE('',#17123,#17124);
#17123 = CARTESIAN_POINT('',(51.803123474121,-90.25312042236,3.));
#17124 = VECTOR('',#17125,1.);
#17125 = DIRECTION('',(0.608762087169,0.793352835267,0.));
#17126 = ORIENTED_EDGE('',*,*,#17127,.T.);
#17127 = EDGE_CURVE('',#17120,#17128,#17130,.T.);
#17128 = VERTEX_POINT('',#17129);
#17129 = CARTESIAN_POINT('',(52.208366394043,-89.72499847412,0.));
#17130 = LINE('',#17131,#17132);
#17131 = CARTESIAN_POINT('',(52.208366394043,-89.72499847412,3.));
#17132 = VECTOR('',#17133,1.);
#17133 = DIRECTION('',(0.,0.,-1.));
#17134 = ORIENTED_EDGE('',*,*,#17135,.T.);
#17135 = EDGE_CURVE('',#17128,#6442,#17136,.T.);
#17136 = LINE('',#17137,#17138);
#17137 = CARTESIAN_POINT('',(52.208366394043,-89.72499847412,0.));
#17138 = VECTOR('',#17139,1.);
#17139 = DIRECTION('',(-0.608762087169,-0.793352835267,0.));
#17140 = PLANE('',#17141);
#17141 = AXIS2_PLACEMENT_3D('',#17142,#17143,#17144);
#17142 = CARTESIAN_POINT('',(52.005744934082,-89.98905944824,1.5));
#17143 = DIRECTION('',(-0.793352835267,0.608762087169,0.));
#17144 = DIRECTION('',(-0.608762087169,-0.793352835267,0.));
#17145 = ADVANCED_FACE('',(#17146),#17171,.F.);
#17146 = FACE_BOUND('',#17147,.F.);
#17147 = EDGE_LOOP('',(#17148,#17156,#17157,#17165));
#17148 = ORIENTED_EDGE('',*,*,#17149,.T.);
#17149 = EDGE_CURVE('',#17150,#17128,#17152,.T.);
#17150 = VERTEX_POINT('',#17151);
#17151 = CARTESIAN_POINT('',(52.463111877441,-89.10998535156,0.));
#17152 = LINE('',#17153,#17154);
#17153 = CARTESIAN_POINT('',(52.463111877441,-89.10998535156,0.));
#17154 = VECTOR('',#17155,1.);
#17155 = DIRECTION('',(-0.382681774453,-0.923880219239,0.));
#17156 = ORIENTED_EDGE('',*,*,#17127,.F.);
#17157 = ORIENTED_EDGE('',*,*,#17158,.T.);
#17158 = EDGE_CURVE('',#17120,#17159,#17161,.T.);
#17159 = VERTEX_POINT('',#17160);
#17160 = CARTESIAN_POINT('',(52.463111877441,-89.10998535156,3.));
#17161 = LINE('',#17162,#17163);
#17162 = CARTESIAN_POINT('',(52.208366394043,-89.72499847412,3.));
#17163 = VECTOR('',#17164,1.);
#17164 = DIRECTION('',(0.382681774453,0.923880219239,0.));
#17165 = ORIENTED_EDGE('',*,*,#17166,.T.);
#17166 = EDGE_CURVE('',#17159,#17150,#17167,.T.);
#17167 = LINE('',#17168,#17169);
#17168 = CARTESIAN_POINT('',(52.463111877441,-89.10998535156,3.));
#17169 = VECTOR('',#17170,1.);
#17170 = DIRECTION('',(0.,0.,-1.));
#17171 = PLANE('',#17172);
#17172 = AXIS2_PLACEMENT_3D('',#17173,#17174,#17175);
#17173 = CARTESIAN_POINT('',(52.335739135742,-89.41749191284,1.5));
#17174 = DIRECTION('',(-0.923880219239,0.382681774453,0.));
#17175 = DIRECTION('',(-0.382681774453,-0.923880219239,0.));
#17176 = ADVANCED_FACE('',(#17177),#17198,.F.);
#17177 = FACE_BOUND('',#17178,.F.);
#17178 = EDGE_LOOP('',(#17179,#17185,#17186,#17192));
#17179 = ORIENTED_EDGE('',*,*,#17180,.T.);
#17180 = EDGE_CURVE('',#6474,#17150,#17181,.T.);
#17181 = LINE('',#17182,#17183);
#17182 = CARTESIAN_POINT('',(52.549999237061,-88.44999694824,0.));
#17183 = VECTOR('',#17184,1.);
#17184 = DIRECTION('',(-0.130523590327,-0.991445203916,0.));
#17185 = ORIENTED_EDGE('',*,*,#17166,.F.);
#17186 = ORIENTED_EDGE('',*,*,#17187,.T.);
#17187 = EDGE_CURVE('',#17159,#10498,#17188,.T.);
#17188 = LINE('',#17189,#17190);
#17189 = CARTESIAN_POINT('',(52.463111877441,-89.10998535156,3.));
#17190 = VECTOR('',#17191,1.);
#17191 = DIRECTION('',(0.130523590327,0.991445203916,0.));
#17192 = ORIENTED_EDGE('',*,*,#17193,.T.);
#17193 = EDGE_CURVE('',#10498,#6474,#17194,.T.);
#17194 = LINE('',#17195,#17196);
#17195 = CARTESIAN_POINT('',(52.549999237061,-88.44999694824,3.));
#17196 = VECTOR('',#17197,1.);
#17197 = DIRECTION('',(0.,0.,-1.));
#17198 = PLANE('',#17199);
#17199 = AXIS2_PLACEMENT_3D('',#17200,#17201,#17202);
#17200 = CARTESIAN_POINT('',(52.506555557251,-88.7799911499,1.5));
#17201 = DIRECTION('',(-0.991445203916,0.130523590327,0.));
#17202 = DIRECTION('',(-0.130523590327,-0.991445203916,0.));
#17203 = ADVANCED_FACE('',(#17204),#17234,.F.);
#17204 = FACE_BOUND('',#17205,.F.);
#17205 = EDGE_LOOP('',(#17206,#17214,#17220,#17228));
#17206 = ORIENTED_EDGE('',*,*,#17207,.T.);
#17207 = EDGE_CURVE('',#17208,#6482,#17210,.T.);
#17208 = VERTEX_POINT('',#17209);
#17209 = CARTESIAN_POINT('',(52.463111877441,-66.29000854492,0.));
#17210 = LINE('',#17211,#17212);
#17211 = CARTESIAN_POINT('',(52.463111877441,-66.29000854492,0.));
#17212 = VECTOR('',#17213,1.);
#17213 = DIRECTION('',(0.130523590327,-0.991445203916,0.));
#17214 = ORIENTED_EDGE('',*,*,#17215,.T.);
#17215 = EDGE_CURVE('',#6482,#10490,#17216,.T.);
#17216 = LINE('',#17217,#17218);
#17217 = CARTESIAN_POINT('',(52.549999237061,-66.94999694824,0.));
#17218 = VECTOR('',#17219,1.);
#17219 = DIRECTION('',(0.,0.,1.));
#17220 = ORIENTED_EDGE('',*,*,#17221,.T.);
#17221 = EDGE_CURVE('',#10490,#17222,#17224,.T.);
#17222 = VERTEX_POINT('',#17223);
#17223 = CARTESIAN_POINT('',(52.463111877441,-66.29000854492,3.));
#17224 = LINE('',#17225,#17226);
#17225 = CARTESIAN_POINT('',(52.549999237061,-66.94999694824,3.));
#17226 = VECTOR('',#17227,1.);
#17227 = DIRECTION('',(-0.130523590327,0.991445203916,0.));
#17228 = ORIENTED_EDGE('',*,*,#17229,.T.);
#17229 = EDGE_CURVE('',#17222,#17208,#17230,.T.);
#17230 = LINE('',#17231,#17232);
#17231 = CARTESIAN_POINT('',(52.463111877441,-66.29000854492,3.));
#17232 = VECTOR('',#17233,1.);
#17233 = DIRECTION('',(0.,0.,-1.));
#17234 = PLANE('',#17235);
#17235 = AXIS2_PLACEMENT_3D('',#17236,#17237,#17238);
#17236 = CARTESIAN_POINT('',(52.506555557251,-66.62000274658,1.5));
#17237 = DIRECTION('',(-0.991445203916,-0.130523590327,-0.));
#17238 = DIRECTION('',(0.130523590327,-0.991445203916,0.));
#17239 = ADVANCED_FACE('',(#17240),#17265,.F.);
#17240 = FACE_BOUND('',#17241,.F.);
#17241 = EDGE_LOOP('',(#17242,#17250,#17251,#17259));
#17242 = ORIENTED_EDGE('',*,*,#17243,.T.);
#17243 = EDGE_CURVE('',#17244,#17208,#17246,.T.);
#17244 = VERTEX_POINT('',#17245);
#17245 = CARTESIAN_POINT('',(52.208366394043,-65.67500305175,0.));
#17246 = LINE('',#17247,#17248);
#17247 = CARTESIAN_POINT('',(52.208366394043,-65.67500305175,0.));
#17248 = VECTOR('',#17249,1.);
#17249 = DIRECTION('',(0.382685826542,-0.923878540807,0.));
#17250 = ORIENTED_EDGE('',*,*,#17229,.F.);
#17251 = ORIENTED_EDGE('',*,*,#17252,.T.);
#17252 = EDGE_CURVE('',#17222,#17253,#17255,.T.);
#17253 = VERTEX_POINT('',#17254);
#17254 = CARTESIAN_POINT('',(52.208366394043,-65.67500305175,3.));
#17255 = LINE('',#17256,#17257);
#17256 = CARTESIAN_POINT('',(52.463111877441,-66.29000854492,3.));
#17257 = VECTOR('',#17258,1.);
#17258 = DIRECTION('',(-0.382685826542,0.923878540807,0.));
#17259 = ORIENTED_EDGE('',*,*,#17260,.T.);
#17260 = EDGE_CURVE('',#17253,#17244,#17261,.T.);
#17261 = LINE('',#17262,#17263);
#17262 = CARTESIAN_POINT('',(52.208366394043,-65.67500305175,3.));
#17263 = VECTOR('',#17264,1.);
#17264 = DIRECTION('',(0.,0.,-1.));
#17265 = PLANE('',#17266);
#17266 = AXIS2_PLACEMENT_3D('',#17267,#17268,#17269);
#17267 = CARTESIAN_POINT('',(52.335739135742,-65.98250579834,1.5));
#17268 = DIRECTION('',(-0.923878540807,-0.382685826542,-0.));
#17269 = DIRECTION('',(0.382685826542,-0.923878540807,0.));
#17270 = ADVANCED_FACE('',(#17271),#17292,.F.);
#17271 = FACE_BOUND('',#17272,.F.);
#17272 = EDGE_LOOP('',(#17273,#17279,#17280,#17286));
#17273 = ORIENTED_EDGE('',*,*,#17274,.T.);
#17274 = EDGE_CURVE('',#6514,#17244,#17275,.T.);
#17275 = LINE('',#17276,#17277);
#17276 = CARTESIAN_POINT('',(51.803123474121,-65.14688110351,0.));
#17277 = VECTOR('',#17278,1.);
#17278 = DIRECTION('',(0.608762087169,-0.793352835267,0.));
#17279 = ORIENTED_EDGE('',*,*,#17260,.F.);
#17280 = ORIENTED_EDGE('',*,*,#17281,.T.);
#17281 = EDGE_CURVE('',#17253,#10458,#17282,.T.);
#17282 = LINE('',#17283,#17284);
#17283 = CARTESIAN_POINT('',(52.208366394043,-65.67500305175,3.));
#17284 = VECTOR('',#17285,1.);
#17285 = DIRECTION('',(-0.608762087169,0.793352835267,0.));
#17286 = ORIENTED_EDGE('',*,*,#17287,.T.);
#17287 = EDGE_CURVE('',#10458,#6514,#17288,.T.);
#17288 = LINE('',#17289,#17290);
#17289 = CARTESIAN_POINT('',(51.803123474121,-65.14688110351,3.));
#17290 = VECTOR('',#17291,1.);
#17291 = DIRECTION('',(0.,0.,-1.));
#17292 = PLANE('',#17293);
#17293 = AXIS2_PLACEMENT_3D('',#17294,#17295,#17296);
#17294 = CARTESIAN_POINT('',(52.005744934082,-65.41094207763,1.5));
#17295 = DIRECTION('',(-0.793352835267,-0.608762087169,-0.));
#17296 = DIRECTION('',(0.608762087169,-0.793352835267,0.));
#17297 = ADVANCED_FACE('',(#17298),#17323,.F.);
#17298 = FACE_BOUND('',#17299,.F.);
#17299 = EDGE_LOOP('',(#17300,#17308,#17309,#17317));
#17300 = ORIENTED_EDGE('',*,*,#17301,.T.);
#17301 = EDGE_CURVE('',#17302,#6514,#17304,.T.);
#17302 = VERTEX_POINT('',#17303);
#17303 = CARTESIAN_POINT('',(51.275001525879,-64.74163818359,0.));
#17304 = LINE('',#17305,#17306);
#17305 = CARTESIAN_POINT('',(51.275001525879,-64.74163818359,0.));
#17306 = VECTOR('',#17307,1.);
#17307 = DIRECTION('',(0.793352835267,-0.608762087169,0.));
#17308 = ORIENTED_EDGE('',*,*,#17287,.F.);
#17309 = ORIENTED_EDGE('',*,*,#17310,.T.);
#17310 = EDGE_CURVE('',#10458,#17311,#17313,.T.);
#17311 = VERTEX_POINT('',#17312);
#17312 = CARTESIAN_POINT('',(51.275001525879,-64.74163818359,3.));
#17313 = LINE('',#17314,#17315);
#17314 = CARTESIAN_POINT('',(51.803123474121,-65.14688110351,3.));
#17315 = VECTOR('',#17316,1.);
#17316 = DIRECTION('',(-0.793352835267,0.608762087169,0.));
#17317 = ORIENTED_EDGE('',*,*,#17318,.T.);
#17318 = EDGE_CURVE('',#17311,#17302,#17319,.T.);
#17319 = LINE('',#17320,#17321);
#17320 = CARTESIAN_POINT('',(51.275001525879,-64.74163818359,3.));
#17321 = VECTOR('',#17322,1.);
#17322 = DIRECTION('',(0.,0.,-1.));
#17323 = PLANE('',#17324);
#17324 = AXIS2_PLACEMENT_3D('',#17325,#17326,#17327);
#17325 = CARTESIAN_POINT('',(51.5390625,-64.94425964355,1.5));
#17326 = DIRECTION('',(-0.608762087169,-0.793352835267,-0.));
#17327 = DIRECTION('',(-0.793352835267,0.608762087169,0.));
#17328 = ADVANCED_FACE('',(#17329),#17354,.F.);
#17329 = FACE_BOUND('',#17330,.F.);
#17330 = EDGE_LOOP('',(#17331,#17339,#17340,#17348));
#17331 = ORIENTED_EDGE('',*,*,#17332,.T.);
#17332 = EDGE_CURVE('',#17333,#17302,#17335,.T.);
#17333 = VERTEX_POINT('',#17334);
#17334 = CARTESIAN_POINT('',(50.65998840332,-64.48689270019,0.));
#17335 = LINE('',#17336,#17337);
#17336 = CARTESIAN_POINT('',(50.65998840332,-64.48689270019,0.));
#17337 = VECTOR('',#17338,1.);
#17338 = DIRECTION('',(0.923880219239,-0.382681774453,0.));
#17339 = ORIENTED_EDGE('',*,*,#17318,.F.);
#17340 = ORIENTED_EDGE('',*,*,#17341,.T.);
#17341 = EDGE_CURVE('',#17311,#17342,#17344,.T.);
#17342 = VERTEX_POINT('',#17343);
#17343 = CARTESIAN_POINT('',(50.65998840332,-64.48689270019,3.));
#17344 = LINE('',#17345,#17346);
#17345 = CARTESIAN_POINT('',(51.275001525879,-64.74163818359,3.));
#17346 = VECTOR('',#17347,1.);
#17347 = DIRECTION('',(-0.923880219239,0.382681774453,0.));
#17348 = ORIENTED_EDGE('',*,*,#17349,.T.);
#17349 = EDGE_CURVE('',#17342,#17333,#17350,.T.);
#17350 = LINE('',#17351,#17352);
#17351 = CARTESIAN_POINT('',(50.65998840332,-64.48689270019,3.));
#17352 = VECTOR('',#17353,1.);
#17353 = DIRECTION('',(0.,0.,-1.));
#17354 = PLANE('',#17355);
#17355 = AXIS2_PLACEMENT_3D('',#17356,#17357,#17358);
#17356 = CARTESIAN_POINT('',(50.9674949646,-64.61426544189,1.5));
#17357 = DIRECTION('',(-0.382681774453,-0.923880219239,-0.));
#17358 = DIRECTION('',(-0.923880219239,0.382681774453,0.));
#17359 = ADVANCED_FACE('',(#17360),#17381,.F.);
#17360 = FACE_BOUND('',#17361,.F.);
#17361 = EDGE_LOOP('',(#17362,#17368,#17369,#17375));
#17362 = ORIENTED_EDGE('',*,*,#17363,.T.);
#17363 = EDGE_CURVE('',#6546,#17333,#17364,.T.);
#17364 = LINE('',#17365,#17366);
#17365 = CARTESIAN_POINT('',(50.,-64.40000152587,0.));
#17366 = VECTOR('',#17367,1.);
#17367 = DIRECTION('',(0.991444462334,-0.130529223193,0.));
#17368 = ORIENTED_EDGE('',*,*,#17349,.F.);
#17369 = ORIENTED_EDGE('',*,*,#17370,.T.);
#17370 = EDGE_CURVE('',#17342,#10426,#17371,.T.);
#17371 = LINE('',#17372,#17373);
#17372 = CARTESIAN_POINT('',(50.65998840332,-64.48689270019,3.));
#17373 = VECTOR('',#17374,1.);
#17374 = DIRECTION('',(-0.991444462334,0.130529223193,0.));
#17375 = ORIENTED_EDGE('',*,*,#17376,.T.);
#17376 = EDGE_CURVE('',#10426,#6546,#17377,.T.);
#17377 = LINE('',#17378,#17379);
#17378 = CARTESIAN_POINT('',(50.,-64.40000152587,3.));
#17379 = VECTOR('',#17380,1.);
#17380 = DIRECTION('',(0.,0.,-1.));
#17381 = PLANE('',#17382);
#17382 = AXIS2_PLACEMENT_3D('',#17383,#17384,#17385);
#17383 = CARTESIAN_POINT('',(50.32999420166,-64.44344711303,1.5));
#17384 = DIRECTION('',(-0.130529223193,-0.991444462334,-0.));
#17385 = DIRECTION('',(-0.991444462334,0.130529223193,0.));
#17386 = ADVANCED_FACE('',(#17387),#17412,.F.);
#17387 = FACE_BOUND('',#17388,.F.);
#17388 = EDGE_LOOP('',(#17389,#17397,#17398,#17406));
#17389 = ORIENTED_EDGE('',*,*,#17390,.T.);
#17390 = EDGE_CURVE('',#17391,#6546,#17393,.T.);
#17391 = VERTEX_POINT('',#17392);
#17392 = CARTESIAN_POINT('',(49.34001159668,-64.48689270019,0.));
#17393 = LINE('',#17394,#17395);
#17394 = CARTESIAN_POINT('',(49.34001159668,-64.48689270019,0.));
#17395 = VECTOR('',#17396,1.);
#17396 = DIRECTION('',(0.991444462334,0.130529223193,0.));
#17397 = ORIENTED_EDGE('',*,*,#17376,.F.);
#17398 = ORIENTED_EDGE('',*,*,#17399,.T.);
#17399 = EDGE_CURVE('',#10426,#17400,#17402,.T.);
#17400 = VERTEX_POINT('',#17401);
#17401 = CARTESIAN_POINT('',(49.34001159668,-64.48689270019,3.));
#17402 = LINE('',#17403,#17404);
#17403 = CARTESIAN_POINT('',(50.,-64.40000152587,3.));
#17404 = VECTOR('',#17405,1.);
#17405 = DIRECTION('',(-0.991444462334,-0.130529223193,0.));
#17406 = ORIENTED_EDGE('',*,*,#17407,.T.);
#17407 = EDGE_CURVE('',#17400,#17391,#17408,.T.);
#17408 = LINE('',#17409,#17410);
#17409 = CARTESIAN_POINT('',(49.34001159668,-64.48689270019,3.));
#17410 = VECTOR('',#17411,1.);
#17411 = DIRECTION('',(0.,0.,-1.));
#17412 = PLANE('',#17413);
#17413 = AXIS2_PLACEMENT_3D('',#17414,#17415,#17416);
#17414 = CARTESIAN_POINT('',(49.67000579834,-64.44344711303,1.5));
#17415 = DIRECTION('',(0.130529223193,-0.991444462334,0.));
#17416 = DIRECTION('',(-0.991444462334,-0.130529223193,0.));
#17417 = ADVANCED_FACE('',(#17418),#17443,.F.);
#17418 = FACE_BOUND('',#17419,.F.);
#17419 = EDGE_LOOP('',(#17420,#17428,#17429,#17437));
#17420 = ORIENTED_EDGE('',*,*,#17421,.T.);
#17421 = EDGE_CURVE('',#17422,#17391,#17424,.T.);
#17422 = VERTEX_POINT('',#17423);
#17423 = CARTESIAN_POINT('',(48.724998474121,-64.74163818359,0.));
#17424 = LINE('',#17425,#17426);
#17425 = CARTESIAN_POINT('',(48.724998474121,-64.74163818359,0.));
#17426 = VECTOR('',#17427,1.);
#17427 = DIRECTION('',(0.923880219239,0.382681774453,0.));
#17428 = ORIENTED_EDGE('',*,*,#17407,.F.);
#17429 = ORIENTED_EDGE('',*,*,#17430,.T.);
#17430 = EDGE_CURVE('',#17400,#17431,#17433,.T.);
#17431 = VERTEX_POINT('',#17432);
#17432 = CARTESIAN_POINT('',(48.724998474121,-64.74163818359,3.));
#17433 = LINE('',#17434,#17435);
#17434 = CARTESIAN_POINT('',(49.34001159668,-64.48689270019,3.));
#17435 = VECTOR('',#17436,1.);
#17436 = DIRECTION('',(-0.923880219239,-0.382681774453,0.));
#17437 = ORIENTED_EDGE('',*,*,#17438,.T.);
#17438 = EDGE_CURVE('',#17431,#17422,#17439,.T.);
#17439 = LINE('',#17440,#17441);
#17440 = CARTESIAN_POINT('',(48.724998474121,-64.74163818359,3.));
#17441 = VECTOR('',#17442,1.);
#17442 = DIRECTION('',(0.,0.,-1.));
#17443 = PLANE('',#17444);
#17444 = AXIS2_PLACEMENT_3D('',#17445,#17446,#17447);
#17445 = CARTESIAN_POINT('',(49.0325050354,-64.61426544189,1.5));
#17446 = DIRECTION('',(0.382681774453,-0.923880219239,0.));
#17447 = DIRECTION('',(-0.923880219239,-0.382681774453,0.));
#17448 = ADVANCED_FACE('',(#17449),#17470,.F.);
#17449 = FACE_BOUND('',#17450,.F.);
#17450 = EDGE_LOOP('',(#17451,#17457,#17458,#17464));
#17451 = ORIENTED_EDGE('',*,*,#17452,.T.);
#17452 = EDGE_CURVE('',#6578,#17422,#17453,.T.);
#17453 = LINE('',#17454,#17455);
#17454 = CARTESIAN_POINT('',(48.196876525879,-65.14688110351,0.));
#17455 = VECTOR('',#17456,1.);
#17456 = DIRECTION('',(0.793352835267,0.608762087169,0.));
#17457 = ORIENTED_EDGE('',*,*,#17438,.F.);
#17458 = ORIENTED_EDGE('',*,*,#17459,.T.);
#17459 = EDGE_CURVE('',#17431,#10394,#17460,.T.);
#17460 = LINE('',#17461,#17462);
#17461 = CARTESIAN_POINT('',(48.724998474121,-64.74163818359,3.));
#17462 = VECTOR('',#17463,1.);
#17463 = DIRECTION('',(-0.793352835267,-0.608762087169,0.));
#17464 = ORIENTED_EDGE('',*,*,#17465,.T.);
#17465 = EDGE_CURVE('',#10394,#6578,#17466,.T.);
#17466 = LINE('',#17467,#17468);
#17467 = CARTESIAN_POINT('',(48.196876525879,-65.14688110351,3.));
#17468 = VECTOR('',#17469,1.);
#17469 = DIRECTION('',(0.,0.,-1.));
#17470 = PLANE('',#17471);
#17471 = AXIS2_PLACEMENT_3D('',#17472,#17473,#17474);
#17472 = CARTESIAN_POINT('',(48.4609375,-64.94425964355,1.5));
#17473 = DIRECTION('',(0.608762087169,-0.793352835267,0.));
#17474 = DIRECTION('',(-0.793352835267,-0.608762087169,0.));
#17475 = ADVANCED_FACE('',(#17476),#17501,.F.);
#17476 = FACE_BOUND('',#17477,.F.);
#17477 = EDGE_LOOP('',(#17478,#17486,#17487,#17495));
#17478 = ORIENTED_EDGE('',*,*,#17479,.T.);
#17479 = EDGE_CURVE('',#17480,#6578,#17482,.T.);
#17480 = VERTEX_POINT('',#17481);
#17481 = CARTESIAN_POINT('',(47.791633605957,-65.67500305175,0.));
#17482 = LINE('',#17483,#17484);
#17483 = CARTESIAN_POINT('',(47.791633605957,-65.67500305175,0.));
#17484 = VECTOR('',#17485,1.);
#17485 = DIRECTION('',(0.608762087169,0.793352835267,0.));
#17486 = ORIENTED_EDGE('',*,*,#17465,.F.);
#17487 = ORIENTED_EDGE('',*,*,#17488,.T.);
#17488 = EDGE_CURVE('',#10394,#17489,#17491,.T.);
#17489 = VERTEX_POINT('',#17490);
#17490 = CARTESIAN_POINT('',(47.791633605957,-65.67500305175,3.));
#17491 = LINE('',#17492,#17493);
#17492 = CARTESIAN_POINT('',(48.196876525879,-65.14688110351,3.));
#17493 = VECTOR('',#17494,1.);
#17494 = DIRECTION('',(-0.608762087169,-0.793352835267,0.));
#17495 = ORIENTED_EDGE('',*,*,#17496,.T.);
#17496 = EDGE_CURVE('',#17489,#17480,#17497,.T.);
#17497 = LINE('',#17498,#17499);
#17498 = CARTESIAN_POINT('',(47.791633605957,-65.67500305175,3.));
#17499 = VECTOR('',#17500,1.);
#17500 = DIRECTION('',(0.,0.,-1.));
#17501 = PLANE('',#17502);
#17502 = AXIS2_PLACEMENT_3D('',#17503,#17504,#17505);
#17503 = CARTESIAN_POINT('',(47.994255065918,-65.41094207763,1.5));
#17504 = DIRECTION('',(0.793352835267,-0.608762087169,0.));
#17505 = DIRECTION('',(0.608762087169,0.793352835267,0.));
#17506 = ADVANCED_FACE('',(#17507),#17532,.F.);
#17507 = FACE_BOUND('',#17508,.F.);
#17508 = EDGE_LOOP('',(#17509,#17517,#17518,#17526));
#17509 = ORIENTED_EDGE('',*,*,#17510,.T.);
#17510 = EDGE_CURVE('',#17511,#17480,#17513,.T.);
#17511 = VERTEX_POINT('',#17512);
#17512 = CARTESIAN_POINT('',(47.536888122559,-66.29000854492,0.));
#17513 = LINE('',#17514,#17515);
#17514 = CARTESIAN_POINT('',(47.536888122559,-66.29000854492,0.));
#17515 = VECTOR('',#17516,1.);
#17516 = DIRECTION('',(0.382685826542,0.923878540807,0.));
#17517 = ORIENTED_EDGE('',*,*,#17496,.F.);
#17518 = ORIENTED_EDGE('',*,*,#17519,.T.);
#17519 = EDGE_CURVE('',#17489,#17520,#17522,.T.);
#17520 = VERTEX_POINT('',#17521);
#17521 = CARTESIAN_POINT('',(47.536888122559,-66.29000854492,3.));
#17522 = LINE('',#17523,#17524);
#17523 = CARTESIAN_POINT('',(47.791633605957,-65.67500305175,3.));
#17524 = VECTOR('',#17525,1.);
#17525 = DIRECTION('',(-0.382685826542,-0.923878540807,0.));
#17526 = ORIENTED_EDGE('',*,*,#17527,.T.);
#17527 = EDGE_CURVE('',#17520,#17511,#17528,.T.);
#17528 = LINE('',#17529,#17530);
#17529 = CARTESIAN_POINT('',(47.536888122559,-66.29000854492,3.));
#17530 = VECTOR('',#17531,1.);
#17531 = DIRECTION('',(0.,0.,-1.));
#17532 = PLANE('',#17533);
#17533 = AXIS2_PLACEMENT_3D('',#17534,#17535,#17536);
#17534 = CARTESIAN_POINT('',(47.664260864258,-65.98250579834,1.5));
#17535 = DIRECTION('',(0.923878540807,-0.382685826542,0.));
#17536 = DIRECTION('',(0.382685826542,0.923878540807,0.));
#17537 = ADVANCED_FACE('',(#17538),#17554,.F.);
#17538 = FACE_BOUND('',#17539,.F.);
#17539 = EDGE_LOOP('',(#17540,#17546,#17547,#17553));
#17540 = ORIENTED_EDGE('',*,*,#17541,.T.);
#17541 = EDGE_CURVE('',#6610,#17511,#17542,.T.);
#17542 = LINE('',#17543,#17544);
#17543 = CARTESIAN_POINT('',(47.450000762939,-66.94999694824,0.));
#17544 = VECTOR('',#17545,1.);
#17545 = DIRECTION('',(0.130523590327,0.991445203916,0.));
#17546 = ORIENTED_EDGE('',*,*,#17527,.F.);
#17547 = ORIENTED_EDGE('',*,*,#17548,.T.);
#17548 = EDGE_CURVE('',#17520,#10362,#17549,.T.);
#17549 = LINE('',#17550,#17551);
#17550 = CARTESIAN_POINT('',(47.536888122559,-66.29000854492,3.));
#17551 = VECTOR('',#17552,1.);
#17552 = DIRECTION('',(-0.130523590327,-0.991445203916,0.));
#17553 = ORIENTED_EDGE('',*,*,#16837,.F.);
#17554 = PLANE('',#17555);
#17555 = AXIS2_PLACEMENT_3D('',#17556,#17557,#17558);
#17556 = CARTESIAN_POINT('',(47.493444442749,-66.62000274658,1.5));
#17557 = DIRECTION('',(0.991445203916,-0.130523590327,0.));
#17558 = DIRECTION('',(0.130523590327,0.991445203916,0.));
#17559 = ADVANCED_FACE('',(#17560),#17566,.F.);
#17560 = FACE_BOUND('',#17561,.F.);
#17561 = EDGE_LOOP('',(#17562,#17563,#17564,#17565));
#17562 = ORIENTED_EDGE('',*,*,#17215,.F.);
#17563 = ORIENTED_EDGE('',*,*,#6481,.F.);
#17564 = ORIENTED_EDGE('',*,*,#17193,.F.);
#17565 = ORIENTED_EDGE('',*,*,#10497,.F.);
#17566 = PLANE('',#17567);
#17567 = AXIS2_PLACEMENT_3D('',#17568,#17569,#17570);
#17568 = CARTESIAN_POINT('',(52.549999237061,-77.69999694824,1.5));
#17569 = DIRECTION('',(-1.,-0.,-0.));
#17570 = DIRECTION('',(0.,0.,-1.));
#17571 = ADVANCED_FACE('',(#17572),#17597,.F.);
#17572 = FACE_BOUND('',#17573,.F.);
#17573 = EDGE_LOOP('',(#17574,#17582,#17590,#17596));
#17574 = ORIENTED_EDGE('',*,*,#17575,.F.);
#17575 = EDGE_CURVE('',#17576,#7872,#17578,.T.);
#17576 = VERTEX_POINT('',#17577);
#17577 = CARTESIAN_POINT('',(59.843257904053,-93.09056854248,3.));
#17578 = LINE('',#17579,#17580);
#17579 = CARTESIAN_POINT('',(59.843257904053,-93.09056854248,3.));
#17580 = VECTOR('',#17581,1.);
#17581 = DIRECTION('',(0.130526990045,0.991444756338,0.));
#17582 = ORIENTED_EDGE('',*,*,#17583,.F.);
#17583 = EDGE_CURVE('',#17584,#17576,#17586,.T.);
#17584 = VERTEX_POINT('',#17585);
#17585 = CARTESIAN_POINT('',(59.843257904053,-93.09056854248,0.));
#17586 = LINE('',#17587,#17588);
#17587 = CARTESIAN_POINT('',(59.843257904053,-93.09056854248,0.));
#17588 = VECTOR('',#17589,1.);
#17589 = DIRECTION('',(0.,0.,1.));
#17590 = ORIENTED_EDGE('',*,*,#17591,.F.);
#17591 = EDGE_CURVE('',#3840,#17584,#17592,.T.);
#17592 = LINE('',#17593,#17594);
#17593 = CARTESIAN_POINT('',(60.,-91.90000152587,0.));
#17594 = VECTOR('',#17595,1.);
#17595 = DIRECTION('',(-0.130526990045,-0.991444756338,0.));
#17596 = ORIENTED_EDGE('',*,*,#11616,.F.);
#17597 = PLANE('',#17598);
#17598 = AXIS2_PLACEMENT_3D('',#17599,#17600,#17601);
#17599 = CARTESIAN_POINT('',(59.921628952026,-92.49528503418,1.5));
#17600 = DIRECTION('',(0.991444756338,-0.130526990045,0.));
#17601 = DIRECTION('',(0.130526990045,0.991444756338,0.));
#17602 = ADVANCED_FACE('',(#17603),#17628,.F.);
#17603 = FACE_BOUND('',#17604,.F.);
#17604 = EDGE_LOOP('',(#17605,#17613,#17621,#17627));
#17605 = ORIENTED_EDGE('',*,*,#17606,.F.);
#17606 = EDGE_CURVE('',#17607,#17576,#17609,.T.);
#17607 = VERTEX_POINT('',#17608);
#17608 = CARTESIAN_POINT('',(59.383716583252,-94.19999694824,3.));
#17609 = LINE('',#17610,#17611);
#17610 = CARTESIAN_POINT('',(59.383716583252,-94.19999694824,3.));
#17611 = VECTOR('',#17612,1.);
#17612 = DIRECTION('',(0.38268416353,0.923879229653,0.));
#17613 = ORIENTED_EDGE('',*,*,#17614,.F.);
#17614 = EDGE_CURVE('',#17615,#17607,#17617,.T.);
#17615 = VERTEX_POINT('',#17616);
#17616 = CARTESIAN_POINT('',(59.383716583252,-94.19999694824,0.));
#17617 = LINE('',#17618,#17619);
#17618 = CARTESIAN_POINT('',(59.383716583252,-94.19999694824,0.));
#17619 = VECTOR('',#17620,1.);
#17620 = DIRECTION('',(0.,0.,1.));
#17621 = ORIENTED_EDGE('',*,*,#17622,.F.);
#17622 = EDGE_CURVE('',#17584,#17615,#17623,.T.);
#17623 = LINE('',#17624,#17625);
#17624 = CARTESIAN_POINT('',(59.843257904053,-93.09056854248,0.));
#17625 = VECTOR('',#17626,1.);
#17626 = DIRECTION('',(-0.38268416353,-0.923879229653,0.));
#17627 = ORIENTED_EDGE('',*,*,#17583,.T.);
#17628 = PLANE('',#17629);
#17629 = AXIS2_PLACEMENT_3D('',#17630,#17631,#17632);
#17630 = CARTESIAN_POINT('',(59.613487243652,-93.64528274536,1.5));
#17631 = DIRECTION('',(0.923879229653,-0.38268416353,0.));
#17632 = DIRECTION('',(0.38268416353,0.923879229653,0.));
#17633 = ADVANCED_FACE('',(#17634),#17655,.F.);
#17634 = FACE_BOUND('',#17635,.F.);
#17635 = EDGE_LOOP('',(#17636,#17642,#17648,#17654));
#17636 = ORIENTED_EDGE('',*,*,#17637,.F.);
#17637 = EDGE_CURVE('',#7840,#17607,#17638,.T.);
#17638 = LINE('',#17639,#17640);
#17639 = CARTESIAN_POINT('',(58.652690887451,-95.15269470214,3.));
#17640 = VECTOR('',#17641,1.);
#17641 = DIRECTION('',(0.608758807182,0.793355352082,0.));
#17642 = ORIENTED_EDGE('',*,*,#17643,.F.);
#17643 = EDGE_CURVE('',#3872,#7840,#17644,.T.);
#17644 = LINE('',#17645,#17646);
#17645 = CARTESIAN_POINT('',(58.652690887451,-95.15269470214,0.));
#17646 = VECTOR('',#17647,1.);
#17647 = DIRECTION('',(0.,0.,1.));
#17648 = ORIENTED_EDGE('',*,*,#17649,.F.);
#17649 = EDGE_CURVE('',#17615,#3872,#17650,.T.);
#17650 = LINE('',#17651,#17652);
#17651 = CARTESIAN_POINT('',(59.383716583252,-94.19999694824,0.));
#17652 = VECTOR('',#17653,1.);
#17653 = DIRECTION('',(-0.608758807182,-0.793355352082,0.));
#17654 = ORIENTED_EDGE('',*,*,#17614,.T.);
#17655 = PLANE('',#17656);
#17656 = AXIS2_PLACEMENT_3D('',#17657,#17658,#17659);
#17657 = CARTESIAN_POINT('',(59.018203735352,-94.67634582519,1.5));
#17658 = DIRECTION('',(0.793355352082,-0.608758807182,0.));
#17659 = DIRECTION('',(0.608758807182,0.793355352082,0.));
#17660 = ADVANCED_FACE('',(#17661),#17686,.F.);
#17661 = FACE_BOUND('',#17662,.F.);
#17662 = EDGE_LOOP('',(#17663,#17671,#17679,#17685));
#17663 = ORIENTED_EDGE('',*,*,#17664,.F.);
#17664 = EDGE_CURVE('',#17665,#7840,#17667,.T.);
#17665 = VERTEX_POINT('',#17666);
#17666 = CARTESIAN_POINT('',(57.700000762939,-95.88372039794,3.));
#17667 = LINE('',#17668,#17669);
#17668 = CARTESIAN_POINT('',(57.700000762939,-95.88372039794,3.));
#17669 = VECTOR('',#17670,1.);
#17670 = DIRECTION('',(0.793352997594,0.60876187562,0.));
#17671 = ORIENTED_EDGE('',*,*,#17672,.F.);
#17672 = EDGE_CURVE('',#17673,#17665,#17675,.T.);
#17673 = VERTEX_POINT('',#17674);
#17674 = CARTESIAN_POINT('',(57.700000762939,-95.88372039794,0.));
#17675 = LINE('',#17676,#17677);
#17676 = CARTESIAN_POINT('',(57.700000762939,-95.88372039794,0.));
#17677 = VECTOR('',#17678,1.);
#17678 = DIRECTION('',(0.,0.,1.));
#17679 = ORIENTED_EDGE('',*,*,#17680,.F.);
#17680 = EDGE_CURVE('',#3872,#17673,#17681,.T.);
#17681 = LINE('',#17682,#17683);
#17682 = CARTESIAN_POINT('',(58.652690887451,-95.15269470214,0.));
#17683 = VECTOR('',#17684,1.);
#17684 = DIRECTION('',(-0.793352997594,-0.60876187562,0.));
#17685 = ORIENTED_EDGE('',*,*,#17643,.T.);
#17686 = PLANE('',#17687);
#17687 = AXIS2_PLACEMENT_3D('',#17688,#17689,#17690);
#17688 = CARTESIAN_POINT('',(58.176345825195,-95.51820755004,1.5));
#17689 = DIRECTION('',(0.60876187562,-0.793352997594,0.));
#17690 = DIRECTION('',(-0.793352997594,-0.60876187562,0.));
#17691 = ADVANCED_FACE('',(#17692),#17717,.F.);
#17692 = FACE_BOUND('',#17693,.F.);
#17693 = EDGE_LOOP('',(#17694,#17702,#17710,#17716));
#17694 = ORIENTED_EDGE('',*,*,#17695,.F.);
#17695 = EDGE_CURVE('',#17696,#17665,#17698,.T.);
#17696 = VERTEX_POINT('',#17697);
#17697 = CARTESIAN_POINT('',(56.59056854248,-96.34326171875,3.));
#17698 = LINE('',#17699,#17700);
#17699 = CARTESIAN_POINT('',(56.59056854248,-96.34326171875,3.));
#17700 = VECTOR('',#17701,1.);
#17701 = DIRECTION('',(0.923879694869,0.382683040398,0.));
#17702 = ORIENTED_EDGE('',*,*,#17703,.F.);
#17703 = EDGE_CURVE('',#17704,#17696,#17706,.T.);
#17704 = VERTEX_POINT('',#17705);
#17705 = CARTESIAN_POINT('',(56.59056854248,-96.34326171875,0.));
#17706 = LINE('',#17707,#17708);
#17707 = CARTESIAN_POINT('',(56.59056854248,-96.34326171875,0.));
#17708 = VECTOR('',#17709,1.);
#17709 = DIRECTION('',(0.,0.,1.));
#17710 = ORIENTED_EDGE('',*,*,#17711,.F.);
#17711 = EDGE_CURVE('',#17673,#17704,#17712,.T.);
#17712 = LINE('',#17713,#17714);
#17713 = CARTESIAN_POINT('',(57.700000762939,-95.88372039794,0.));
#17714 = VECTOR('',#17715,1.);
#17715 = DIRECTION('',(-0.923879694869,-0.382683040398,0.));
#17716 = ORIENTED_EDGE('',*,*,#17672,.T.);
#17717 = PLANE('',#17718);
#17718 = AXIS2_PLACEMENT_3D('',#17719,#17720,#17721);
#17719 = CARTESIAN_POINT('',(57.14528465271,-96.11349105835,1.5));
#17720 = DIRECTION('',(0.382683040398,-0.923879694869,0.));
#17721 = DIRECTION('',(-0.923879694869,-0.382683040398,0.));
#17722 = ADVANCED_FACE('',(#17723),#17739,.F.);
#17723 = FACE_BOUND('',#17724,.F.);
#17724 = EDGE_LOOP('',(#17725,#17731,#17732,#17738));
#17725 = ORIENTED_EDGE('',*,*,#17726,.F.);
#17726 = EDGE_CURVE('',#17704,#3904,#17727,.T.);
#17727 = LINE('',#17728,#17729);
#17728 = CARTESIAN_POINT('',(56.59056854248,-96.34326171875,0.));
#17729 = VECTOR('',#17730,1.);
#17730 = DIRECTION('',(-0.991445167429,-0.130523867476,0.));
#17731 = ORIENTED_EDGE('',*,*,#17703,.T.);
#17732 = ORIENTED_EDGE('',*,*,#17733,.F.);
#17733 = EDGE_CURVE('',#7808,#17696,#17734,.T.);
#17734 = LINE('',#17735,#17736);
#17735 = CARTESIAN_POINT('',(55.400001525879,-96.5,3.));
#17736 = VECTOR('',#17737,1.);
#17737 = DIRECTION('',(0.991445167429,0.130523867476,0.));
#17738 = ORIENTED_EDGE('',*,*,#12780,.T.);
#17739 = PLANE('',#17740);
#17740 = AXIS2_PLACEMENT_3D('',#17741,#17742,#17743);
#17741 = CARTESIAN_POINT('',(55.99528503418,-96.42163085937,1.5));
#17742 = DIRECTION('',(0.130523867476,-0.991445167429,0.));
#17743 = DIRECTION('',(-0.991445167429,-0.130523867476,0.));
#17744 = ADVANCED_FACE('',(#17745),#17770,.F.);
#17745 = FACE_BOUND('',#17746,.F.);
#17746 = EDGE_LOOP('',(#17747,#17755,#17763,#17769));
#17747 = ORIENTED_EDGE('',*,*,#17748,.F.);
#17748 = EDGE_CURVE('',#17749,#3976,#17751,.T.);
#17749 = VERTEX_POINT('',#17750);
#17750 = CARTESIAN_POINT('',(0.156741201878,-93.09056854248,0.));
#17751 = LINE('',#17752,#17753);
#17752 = CARTESIAN_POINT('',(0.156741201878,-93.09056854248,0.));
#17753 = VECTOR('',#17754,1.);
#17754 = DIRECTION('',(-0.130526258194,0.991444852688,0.));
#17755 = ORIENTED_EDGE('',*,*,#17756,.F.);
#17756 = EDGE_CURVE('',#17757,#17749,#17759,.T.);
#17757 = VERTEX_POINT('',#17758);
#17758 = CARTESIAN_POINT('',(0.156741201878,-93.09056854248,3.));
#17759 = LINE('',#17760,#17761);
#17760 = CARTESIAN_POINT('',(0.156741201878,-93.09056854248,3.));
#17761 = VECTOR('',#17762,1.);
#17762 = DIRECTION('',(0.,0.,-1.));
#17763 = ORIENTED_EDGE('',*,*,#17764,.F.);
#17764 = EDGE_CURVE('',#7721,#17757,#17765,.T.);
#17765 = LINE('',#17766,#17767);
#17766 = CARTESIAN_POINT('',(0.,-91.90000152587,3.));
#17767 = VECTOR('',#17768,1.);
#17768 = DIRECTION('',(0.130526258194,-0.991444852688,0.));
#17769 = ORIENTED_EDGE('',*,*,#7720,.T.);
#17770 = PLANE('',#17771);
#17771 = AXIS2_PLACEMENT_3D('',#17772,#17773,#17774);
#17772 = CARTESIAN_POINT('',(7.83706009388E-02,-92.49528503418,1.5));
#17773 = DIRECTION('',(-0.991444852688,-0.130526258194,-0.));
#17774 = DIRECTION('',(0.130526258194,-0.991444852688,0.));
#17775 = ADVANCED_FACE('',(#17776),#17801,.F.);
#17776 = FACE_BOUND('',#17777,.F.);
#17777 = EDGE_LOOP('',(#17778,#17786,#17794,#17800));
#17778 = ORIENTED_EDGE('',*,*,#17779,.F.);
#17779 = EDGE_CURVE('',#17780,#17749,#17782,.T.);
#17780 = VERTEX_POINT('',#17781);
#17781 = CARTESIAN_POINT('',(0.616283118725,-94.19999694824,0.));
#17782 = LINE('',#17783,#17784);
#17783 = CARTESIAN_POINT('',(0.616283118725,-94.19999694824,0.));
#17784 = VECTOR('',#17785,1.);
#17785 = DIRECTION('',(-0.382684587198,0.923879054163,0.));
#17786 = ORIENTED_EDGE('',*,*,#17787,.T.);
#17787 = EDGE_CURVE('',#17780,#17788,#17790,.T.);
#17788 = VERTEX_POINT('',#17789);
#17789 = CARTESIAN_POINT('',(0.616283118725,-94.19999694824,3.));
#17790 = LINE('',#17791,#17792);
#17791 = CARTESIAN_POINT('',(0.616283118725,-94.19999694824,0.));
#17792 = VECTOR('',#17793,1.);
#17793 = DIRECTION('',(0.,0.,1.));
#17794 = ORIENTED_EDGE('',*,*,#17795,.F.);
#17795 = EDGE_CURVE('',#17757,#17788,#17796,.T.);
#17796 = LINE('',#17797,#17798);
#17797 = CARTESIAN_POINT('',(0.156741201878,-93.09056854248,3.));
#17798 = VECTOR('',#17799,1.);
#17799 = DIRECTION('',(0.382684587198,-0.923879054163,0.));
#17800 = ORIENTED_EDGE('',*,*,#17756,.T.);
#17801 = PLANE('',#17802);
#17802 = AXIS2_PLACEMENT_3D('',#17803,#17804,#17805);
#17803 = CARTESIAN_POINT('',(0.386512160301,-93.64528274536,1.5));
#17804 = DIRECTION('',(-0.923879054163,-0.382684587198,-0.));
#17805 = DIRECTION('',(0.382684587198,-0.923879054163,0.));
#17806 = ADVANCED_FACE('',(#17807),#17828,.F.);
#17807 = FACE_BOUND('',#17808,.F.);
#17808 = EDGE_LOOP('',(#17809,#17810,#17816,#17822));
#17809 = ORIENTED_EDGE('',*,*,#17787,.F.);
#17810 = ORIENTED_EDGE('',*,*,#17811,.F.);
#17811 = EDGE_CURVE('',#3944,#17780,#17812,.T.);
#17812 = LINE('',#17813,#17814);
#17813 = CARTESIAN_POINT('',(1.347308754921,-95.15269470214,0.));
#17814 = VECTOR('',#17815,1.);
#17815 = DIRECTION('',(-0.608758775941,0.793355376055,0.));
#17816 = ORIENTED_EDGE('',*,*,#17817,.F.);
#17817 = EDGE_CURVE('',#7768,#3944,#17818,.T.);
#17818 = LINE('',#17819,#17820);
#17819 = CARTESIAN_POINT('',(1.34730887413,-95.15269470214,3.));
#17820 = VECTOR('',#17821,1.);
#17821 = DIRECTION('',(-3.973642985026E-08,0.,-1.));
#17822 = ORIENTED_EDGE('',*,*,#17823,.F.);
#17823 = EDGE_CURVE('',#17788,#7768,#17824,.T.);
#17824 = LINE('',#17825,#17826);
#17825 = CARTESIAN_POINT('',(0.616283118725,-94.19999694824,3.));
#17826 = VECTOR('',#17827,1.);
#17827 = DIRECTION('',(0.608758838424,-0.79335532811,0.));
#17828 = PLANE('',#17829);
#17829 = AXIS2_PLACEMENT_3D('',#17830,#17831,#17832);
#17830 = CARTESIAN_POINT('',(0.981795966625,-94.67634582519,
    1.500000012956));
#17831 = DIRECTION('',(-0.793355352082,-0.608758807182,
    1.576255464837E-08));
#17832 = DIRECTION('',(0.608758807182,-0.793355352082,0.));
#17833 = ADVANCED_FACE('',(#17834),#17859,.F.);
#17834 = FACE_BOUND('',#17835,.F.);
#17835 = EDGE_LOOP('',(#17836,#17844,#17852,#17858));
#17836 = ORIENTED_EDGE('',*,*,#17837,.F.);
#17837 = EDGE_CURVE('',#17838,#3944,#17840,.T.);
#17838 = VERTEX_POINT('',#17839);
#17839 = CARTESIAN_POINT('',(2.299999952316,-95.88372039794,0.));
#17840 = LINE('',#17841,#17842);
#17841 = CARTESIAN_POINT('',(2.299999952316,-95.88372039794,0.));
#17842 = VECTOR('',#17843,1.);
#17843 = DIRECTION('',(-0.793353328696,0.608761444119,0.));
#17844 = ORIENTED_EDGE('',*,*,#17845,.F.);
#17845 = EDGE_CURVE('',#17846,#17838,#17848,.T.);
#17846 = VERTEX_POINT('',#17847);
#17847 = CARTESIAN_POINT('',(2.299999952316,-95.88372039794,3.));
#17848 = LINE('',#17849,#17850);
#17849 = CARTESIAN_POINT('',(2.299999952316,-95.88372039794,3.));
#17850 = VECTOR('',#17851,1.);
#17851 = DIRECTION('',(0.,0.,-1.));
#17852 = ORIENTED_EDGE('',*,*,#17853,.F.);
#17853 = EDGE_CURVE('',#7768,#17846,#17854,.T.);
#17854 = LINE('',#17855,#17856);
#17855 = CARTESIAN_POINT('',(1.34730887413,-95.15269470214,3.));
#17856 = VECTOR('',#17857,1.);
#17857 = DIRECTION('',(0.793353291907,-0.608761492064,0.));
#17858 = ORIENTED_EDGE('',*,*,#17817,.T.);
#17859 = PLANE('',#17860);
#17860 = AXIS2_PLACEMENT_3D('',#17861,#17862,#17863);
#17861 = CARTESIAN_POINT('',(1.823654383421,-95.51820755004,
    1.499999983115));
#17862 = DIRECTION('',(-0.608761468092,-0.793353310302,
    1.209500368305E-08));
#17863 = DIRECTION('',(-0.793353310302,0.608761468092,0.));
#17864 = ADVANCED_FACE('',(#17865),#17890,.F.);
#17865 = FACE_BOUND('',#17866,.F.);
#17866 = EDGE_LOOP('',(#17867,#17875,#17883,#17889));
#17867 = ORIENTED_EDGE('',*,*,#17868,.F.);
#17868 = EDGE_CURVE('',#17869,#17838,#17871,.T.);
#17869 = VERTEX_POINT('',#17870);
#17870 = CARTESIAN_POINT('',(3.409432411194,-96.34326171875,0.));
#17871 = LINE('',#17872,#17873);
#17872 = CARTESIAN_POINT('',(3.409432411194,-96.34326171875,0.));
#17873 = VECTOR('',#17874,1.);
#17874 = DIRECTION('',(-0.923879723945,0.382682970203,0.));
#17875 = ORIENTED_EDGE('',*,*,#17876,.F.);
#17876 = EDGE_CURVE('',#17877,#17869,#17879,.T.);
#17877 = VERTEX_POINT('',#17878);
#17878 = CARTESIAN_POINT('',(3.409432411194,-96.34326171875,3.));
#17879 = LINE('',#17880,#17881);
#17880 = CARTESIAN_POINT('',(3.409432411194,-96.34326171875,3.));
#17881 = VECTOR('',#17882,1.);
#17882 = DIRECTION('',(0.,0.,-1.));
#17883 = ORIENTED_EDGE('',*,*,#17884,.F.);
#17884 = EDGE_CURVE('',#17846,#17877,#17885,.T.);
#17885 = LINE('',#17886,#17887);
#17886 = CARTESIAN_POINT('',(2.299999952316,-95.88372039794,3.));
#17887 = VECTOR('',#17888,1.);
#17888 = DIRECTION('',(0.923879723945,-0.382682970203,0.));
#17889 = ORIENTED_EDGE('',*,*,#17845,.T.);
#17890 = PLANE('',#17891);
#17891 = AXIS2_PLACEMENT_3D('',#17892,#17893,#17894);
#17892 = CARTESIAN_POINT('',(2.854716181755,-96.11349105835,1.5));
#17893 = DIRECTION('',(-0.382682970203,-0.923879723945,-0.));
#17894 = DIRECTION('',(-0.923879723945,0.382682970203,0.));
#17895 = ADVANCED_FACE('',(#17896),#17912,.F.);
#17896 = FACE_BOUND('',#17897,.F.);
#17897 = EDGE_LOOP('',(#17898,#17904,#17905,#17911));
#17898 = ORIENTED_EDGE('',*,*,#17899,.F.);
#17899 = EDGE_CURVE('',#17877,#7800,#17900,.T.);
#17900 = LINE('',#17901,#17902);
#17901 = CARTESIAN_POINT('',(3.409432411194,-96.34326171875,3.));
#17902 = VECTOR('',#17903,1.);
#17903 = DIRECTION('',(0.991445174194,-0.13052381609,0.));
#17904 = ORIENTED_EDGE('',*,*,#17876,.T.);
#17905 = ORIENTED_EDGE('',*,*,#17906,.F.);
#17906 = EDGE_CURVE('',#3912,#17869,#17907,.T.);
#17907 = LINE('',#17908,#17909);
#17908 = CARTESIAN_POINT('',(4.599999904633,-96.5,0.));
#17909 = VECTOR('',#17910,1.);
#17910 = DIRECTION('',(-0.991445174194,0.13052381609,0.));
#17911 = ORIENTED_EDGE('',*,*,#12773,.T.);
#17912 = PLANE('',#17913);
#17913 = AXIS2_PLACEMENT_3D('',#17914,#17915,#17916);
#17914 = CARTESIAN_POINT('',(4.004716157913,-96.42163085937,1.5));
#17915 = DIRECTION('',(-0.13052381609,-0.991445174194,-0.));
#17916 = DIRECTION('',(-0.991445174194,0.13052381609,0.));
#17917 = ADVANCED_FACE('',(#17918),#17943,.F.);
#17918 = FACE_BOUND('',#17919,.F.);
#17919 = EDGE_LOOP('',(#17920,#17928,#17936,#17942));
#17920 = ORIENTED_EDGE('',*,*,#17921,.F.);
#17921 = EDGE_CURVE('',#17922,#3830,#17924,.T.);
#17922 = VERTEX_POINT('',#17923);
#17923 = CARTESIAN_POINT('',(59.843257904053,-3.409432411194,0.));
#17924 = LINE('',#17925,#17926);
#17925 = CARTESIAN_POINT('',(59.843257904053,-3.409432411194,0.));
#17926 = VECTOR('',#17927,1.);
#17927 = DIRECTION('',(0.130526938658,-0.991444763103,0.));
#17928 = ORIENTED_EDGE('',*,*,#17929,.F.);
#17929 = EDGE_CURVE('',#17930,#17922,#17932,.T.);
#17930 = VERTEX_POINT('',#17931);
#17931 = CARTESIAN_POINT('',(59.843257904053,-3.409432411194,3.));
#17932 = LINE('',#17933,#17934);
#17933 = CARTESIAN_POINT('',(59.843257904053,-3.409432411194,3.));
#17934 = VECTOR('',#17935,1.);
#17935 = DIRECTION('',(0.,0.,-1.));
#17936 = ORIENTED_EDGE('',*,*,#17937,.F.);
#17937 = EDGE_CURVE('',#7880,#17930,#17938,.T.);
#17938 = LINE('',#17939,#17940);
#17939 = CARTESIAN_POINT('',(60.,-4.599999904633,3.));
#17940 = VECTOR('',#17941,1.);
#17941 = DIRECTION('',(-0.130526938658,0.991444763103,0.));
#17942 = ORIENTED_EDGE('',*,*,#11623,.F.);
#17943 = PLANE('',#17944);
#17944 = AXIS2_PLACEMENT_3D('',#17945,#17946,#17947);
#17945 = CARTESIAN_POINT('',(59.921628952026,-4.004716157913,1.5));
#17946 = DIRECTION('',(0.991444763103,0.130526938658,0.));
#17947 = DIRECTION('',(-0.130526938658,0.991444763103,0.));
#17948 = ADVANCED_FACE('',(#17949),#17974,.F.);
#17949 = FACE_BOUND('',#17950,.F.);
#17950 = EDGE_LOOP('',(#17951,#17959,#17967,#17973));
#17951 = ORIENTED_EDGE('',*,*,#17952,.F.);
#17952 = EDGE_CURVE('',#17953,#17922,#17955,.T.);
#17953 = VERTEX_POINT('',#17954);
#17954 = CARTESIAN_POINT('',(59.383716583252,-2.299999952316,0.));
#17955 = LINE('',#17956,#17957);
#17956 = CARTESIAN_POINT('',(59.383716583252,-2.299999952316,0.));
#17957 = VECTOR('',#17958,1.);
#17958 = DIRECTION('',(0.382682970203,-0.923879723945,0.));
#17959 = ORIENTED_EDGE('',*,*,#17960,.F.);
#17960 = EDGE_CURVE('',#17961,#17953,#17963,.T.);
#17961 = VERTEX_POINT('',#17962);
#17962 = CARTESIAN_POINT('',(59.383716583252,-2.299999952316,3.));
#17963 = LINE('',#17964,#17965);
#17964 = CARTESIAN_POINT('',(59.383716583252,-2.299999952316,3.));
#17965 = VECTOR('',#17966,1.);
#17966 = DIRECTION('',(0.,0.,-1.));
#17967 = ORIENTED_EDGE('',*,*,#17968,.F.);
#17968 = EDGE_CURVE('',#17930,#17961,#17969,.T.);
#17969 = LINE('',#17970,#17971);
#17970 = CARTESIAN_POINT('',(59.843257904053,-3.409432411194,3.));
#17971 = VECTOR('',#17972,1.);
#17972 = DIRECTION('',(-0.382682970203,0.923879723945,0.));
#17973 = ORIENTED_EDGE('',*,*,#17929,.T.);
#17974 = PLANE('',#17975);
#17975 = AXIS2_PLACEMENT_3D('',#17976,#17977,#17978);
#17976 = CARTESIAN_POINT('',(59.613487243652,-2.854716181755,1.5));
#17977 = DIRECTION('',(0.923879723945,0.382682970203,0.));
#17978 = DIRECTION('',(-0.382682970203,0.923879723945,0.));
#17979 = ADVANCED_FACE('',(#17980),#18001,.F.);
#17980 = FACE_BOUND('',#17981,.F.);
#17981 = EDGE_LOOP('',(#17982,#17988,#17994,#18000));
#17982 = ORIENTED_EDGE('',*,*,#17983,.F.);
#17983 = EDGE_CURVE('',#4088,#17953,#17984,.T.);
#17984 = LINE('',#17985,#17986);
#17985 = CARTESIAN_POINT('',(58.652690887451,-1.347308754921,0.));
#17986 = VECTOR('',#17987,1.);
#17987 = DIRECTION('',(0.608761444119,-0.793353328696,0.));
#17988 = ORIENTED_EDGE('',*,*,#17989,.F.);
#17989 = EDGE_CURVE('',#7912,#4088,#17990,.T.);
#17990 = LINE('',#17991,#17992);
#17991 = CARTESIAN_POINT('',(58.652690887451,-1.347308754921,3.));
#17992 = VECTOR('',#17993,1.);
#17993 = DIRECTION('',(0.,0.,-1.));
#17994 = ORIENTED_EDGE('',*,*,#17995,.F.);
#17995 = EDGE_CURVE('',#17961,#7912,#17996,.T.);
#17996 = LINE('',#17997,#17998);
#17997 = CARTESIAN_POINT('',(59.383716583252,-2.299999952316,3.));
#17998 = VECTOR('',#17999,1.);
#17999 = DIRECTION('',(-0.608761444119,0.793353328696,0.));
#18000 = ORIENTED_EDGE('',*,*,#17960,.T.);
#18001 = PLANE('',#18002);
#18002 = AXIS2_PLACEMENT_3D('',#18003,#18004,#18005);
#18003 = CARTESIAN_POINT('',(59.018203735352,-1.823654353619,1.5));
#18004 = DIRECTION('',(0.793353328696,0.608761444119,0.));
#18005 = DIRECTION('',(-0.608761444119,0.793353328696,0.));
#18006 = ADVANCED_FACE('',(#18007),#18032,.F.);
#18007 = FACE_BOUND('',#18008,.F.);
#18008 = EDGE_LOOP('',(#18009,#18017,#18025,#18031));
#18009 = ORIENTED_EDGE('',*,*,#18010,.F.);
#18010 = EDGE_CURVE('',#18011,#4088,#18013,.T.);
#18011 = VERTEX_POINT('',#18012);
#18012 = CARTESIAN_POINT('',(57.700000762939,-0.616283118725,0.));
#18013 = LINE('',#18014,#18015);
#18014 = CARTESIAN_POINT('',(57.700000762939,-0.616283118725,0.));
#18015 = VECTOR('',#18016,1.);
#18016 = DIRECTION('',(0.793353021567,-0.608761844378,0.));
#18017 = ORIENTED_EDGE('',*,*,#18018,.F.);
#18018 = EDGE_CURVE('',#18019,#18011,#18021,.T.);
#18019 = VERTEX_POINT('',#18020);
#18020 = CARTESIAN_POINT('',(57.700000762939,-0.616283118725,3.));
#18021 = LINE('',#18022,#18023);
#18022 = CARTESIAN_POINT('',(57.700000762939,-0.616283118725,3.));
#18023 = VECTOR('',#18024,1.);
#18024 = DIRECTION('',(0.,0.,-1.));
#18025 = ORIENTED_EDGE('',*,*,#18026,.F.);
#18026 = EDGE_CURVE('',#7912,#18019,#18027,.T.);
#18027 = LINE('',#18028,#18029);
#18028 = CARTESIAN_POINT('',(58.652690887451,-1.347308754921,3.));
#18029 = VECTOR('',#18030,1.);
#18030 = DIRECTION('',(-0.793353021567,0.608761844378,0.));
#18031 = ORIENTED_EDGE('',*,*,#17989,.T.);
#18032 = PLANE('',#18033);
#18033 = AXIS2_PLACEMENT_3D('',#18034,#18035,#18036);
#18034 = CARTESIAN_POINT('',(58.176345825195,-0.981795936823,1.5));
#18035 = DIRECTION('',(0.608761844378,0.793353021567,0.));
#18036 = DIRECTION('',(0.793353021567,-0.608761844378,0.));
#18037 = ADVANCED_FACE('',(#18038),#18063,.F.);
#18038 = FACE_BOUND('',#18039,.F.);
#18039 = EDGE_LOOP('',(#18040,#18048,#18056,#18062));
#18040 = ORIENTED_EDGE('',*,*,#18041,.F.);
#18041 = EDGE_CURVE('',#18042,#18011,#18044,.T.);
#18042 = VERTEX_POINT('',#18043);
#18043 = CARTESIAN_POINT('',(56.59056854248,-0.156741201878,0.));
#18044 = LINE('',#18045,#18046);
#18045 = CARTESIAN_POINT('',(56.59056854248,-0.156741201878,0.));
#18046 = VECTOR('',#18047,1.);
#18047 = DIRECTION('',(0.92387951938,-0.382683464066,0.));
#18048 = ORIENTED_EDGE('',*,*,#18049,.F.);
#18049 = EDGE_CURVE('',#18050,#18042,#18052,.T.);
#18050 = VERTEX_POINT('',#18051);
#18051 = CARTESIAN_POINT('',(56.59056854248,-0.156741201878,3.));
#18052 = LINE('',#18053,#18054);
#18053 = CARTESIAN_POINT('',(56.59056854248,-0.156741201878,3.));
#18054 = VECTOR('',#18055,1.);
#18055 = DIRECTION('',(0.,0.,-1.));
#18056 = ORIENTED_EDGE('',*,*,#18057,.F.);
#18057 = EDGE_CURVE('',#18019,#18050,#18058,.T.);
#18058 = LINE('',#18059,#18060);
#18059 = CARTESIAN_POINT('',(57.700000762939,-0.616283118725,3.));
#18060 = VECTOR('',#18061,1.);
#18061 = DIRECTION('',(-0.92387951938,0.382683464066,0.));
#18062 = ORIENTED_EDGE('',*,*,#18018,.T.);
#18063 = PLANE('',#18064);
#18064 = AXIS2_PLACEMENT_3D('',#18065,#18066,#18067);
#18065 = CARTESIAN_POINT('',(57.14528465271,-0.386512160301,1.5));
#18066 = DIRECTION('',(0.382683464066,0.92387951938,0.));
#18067 = DIRECTION('',(0.92387951938,-0.382683464066,0.));
#18068 = ADVANCED_FACE('',(#18069),#18085,.F.);
#18069 = FACE_BOUND('',#18070,.F.);
#18070 = EDGE_LOOP('',(#18071,#18077,#18078,#18084));
#18071 = ORIENTED_EDGE('',*,*,#18072,.F.);
#18072 = EDGE_CURVE('',#18050,#7944,#18073,.T.);
#18073 = LINE('',#18074,#18075);
#18074 = CARTESIAN_POINT('',(56.59056854248,-0.156741201878,3.));
#18075 = VECTOR('',#18076,1.);
#18076 = DIRECTION('',(-0.991444852688,0.130526258194,0.));
#18077 = ORIENTED_EDGE('',*,*,#18049,.T.);
#18078 = ORIENTED_EDGE('',*,*,#18079,.F.);
#18079 = EDGE_CURVE('',#4056,#18042,#18080,.T.);
#18080 = LINE('',#18081,#18082);
#18081 = CARTESIAN_POINT('',(55.400001525879,0.,0.));
#18082 = VECTOR('',#18083,1.);
#18083 = DIRECTION('',(0.991444852688,-0.130526258194,0.));
#18084 = ORIENTED_EDGE('',*,*,#11637,.F.);
#18085 = PLANE('',#18086);
#18086 = AXIS2_PLACEMENT_3D('',#18087,#18088,#18089);
#18087 = CARTESIAN_POINT('',(55.99528503418,-7.83706009388E-02,1.5));
#18088 = DIRECTION('',(0.130526258194,0.991444852688,1.759876001869E-15)
  );
#18089 = DIRECTION('',(0.991444852688,-0.130526258194,4.930380657631E-32
    ));
#18090 = ADVANCED_FACE('',(#18091),#18116,.F.);
#18091 = FACE_BOUND('',#18092,.F.);
#18092 = EDGE_LOOP('',(#18093,#18101,#18109,#18115));
#18093 = ORIENTED_EDGE('',*,*,#18094,.F.);
#18094 = EDGE_CURVE('',#18095,#7712,#18097,.T.);
#18095 = VERTEX_POINT('',#18096);
#18096 = CARTESIAN_POINT('',(0.156741201878,-3.409432411194,3.));
#18097 = LINE('',#18098,#18099);
#18098 = CARTESIAN_POINT('',(0.156741201878,-3.409432411194,3.));
#18099 = VECTOR('',#18100,1.);
#18100 = DIRECTION('',(-0.130526206807,-0.991444859453,0.));
#18101 = ORIENTED_EDGE('',*,*,#18102,.F.);
#18102 = EDGE_CURVE('',#18103,#18095,#18105,.T.);
#18103 = VERTEX_POINT('',#18104);
#18104 = CARTESIAN_POINT('',(0.156741201878,-3.409432411194,0.));
#18105 = LINE('',#18106,#18107);
#18106 = CARTESIAN_POINT('',(0.156741201878,-3.409432411194,0.));
#18107 = VECTOR('',#18108,1.);
#18108 = DIRECTION('',(0.,0.,1.));
#18109 = ORIENTED_EDGE('',*,*,#18110,.F.);
#18110 = EDGE_CURVE('',#3984,#18103,#18111,.T.);
#18111 = LINE('',#18112,#18113);
#18112 = CARTESIAN_POINT('',(0.,-4.599999904633,0.));
#18113 = VECTOR('',#18114,1.);
#18114 = DIRECTION('',(0.130526206807,0.991444859453,0.));
#18115 = ORIENTED_EDGE('',*,*,#7711,.T.);
#18116 = PLANE('',#18117);
#18117 = AXIS2_PLACEMENT_3D('',#18118,#18119,#18120);
#18118 = CARTESIAN_POINT('',(7.83706009388E-02,-4.004716157913,1.5));
#18119 = DIRECTION('',(-0.991444859453,0.130526206807,0.));
#18120 = DIRECTION('',(-0.130526206807,-0.991444859453,0.));
#18121 = ADVANCED_FACE('',(#18122),#18147,.F.);
#18122 = FACE_BOUND('',#18123,.F.);
#18123 = EDGE_LOOP('',(#18124,#18132,#18140,#18146));
#18124 = ORIENTED_EDGE('',*,*,#18125,.F.);
#18125 = EDGE_CURVE('',#18126,#18095,#18128,.T.);
#18126 = VERTEX_POINT('',#18127);
#18127 = CARTESIAN_POINT('',(0.616283118725,-2.299999952316,3.));
#18128 = LINE('',#18129,#18130);
#18129 = CARTESIAN_POINT('',(0.616283118725,-2.299999952316,3.));
#18130 = VECTOR('',#18131,1.);
#18131 = DIRECTION('',(-0.382683393871,-0.923879548456,0.));
#18132 = ORIENTED_EDGE('',*,*,#18133,.F.);
#18133 = EDGE_CURVE('',#18134,#18126,#18136,.T.);
#18134 = VERTEX_POINT('',#18135);
#18135 = CARTESIAN_POINT('',(0.616283118725,-2.299999952316,0.));
#18136 = LINE('',#18137,#18138);
#18137 = CARTESIAN_POINT('',(0.616283118725,-2.299999952316,0.));
#18138 = VECTOR('',#18139,1.);
#18139 = DIRECTION('',(0.,0.,1.));
#18140 = ORIENTED_EDGE('',*,*,#18141,.F.);
#18141 = EDGE_CURVE('',#18103,#18134,#18142,.T.);
#18142 = LINE('',#18143,#18144);
#18143 = CARTESIAN_POINT('',(0.156741201878,-3.409432411194,0.));
#18144 = VECTOR('',#18145,1.);
#18145 = DIRECTION('',(0.382683393871,0.923879548456,0.));
#18146 = ORIENTED_EDGE('',*,*,#18102,.T.);
#18147 = PLANE('',#18148);
#18148 = AXIS2_PLACEMENT_3D('',#18149,#18150,#18151);
#18149 = CARTESIAN_POINT('',(0.386512160301,-2.854716181755,1.5));
#18150 = DIRECTION('',(-0.923879548456,0.382683393871,0.));
#18151 = DIRECTION('',(-0.382683393871,-0.923879548456,0.));
#18152 = ADVANCED_FACE('',(#18153),#18174,.F.);
#18153 = FACE_BOUND('',#18154,.F.);
#18154 = EDGE_LOOP('',(#18155,#18161,#18167,#18173));
#18155 = ORIENTED_EDGE('',*,*,#18156,.F.);
#18156 = EDGE_CURVE('',#7984,#18126,#18157,.T.);
#18157 = LINE('',#18158,#18159);
#18158 = CARTESIAN_POINT('',(1.34730887413,-1.347308754921,3.));
#18159 = VECTOR('',#18160,1.);
#18160 = DIRECTION('',(-0.608761475361,-0.793353304724,0.));
#18161 = ORIENTED_EDGE('',*,*,#18162,.F.);
#18162 = EDGE_CURVE('',#4016,#7984,#18163,.T.);
#18163 = LINE('',#18164,#18165);
#18164 = CARTESIAN_POINT('',(1.347308754921,-1.347308754921,0.));
#18165 = VECTOR('',#18166,1.);
#18166 = DIRECTION('',(3.973642985026E-08,0.,1.));
#18167 = ORIENTED_EDGE('',*,*,#18168,.F.);
#18168 = EDGE_CURVE('',#18134,#4016,#18169,.T.);
#18169 = LINE('',#18170,#18171);
#18170 = CARTESIAN_POINT('',(0.616283118725,-2.299999952316,0.));
#18171 = VECTOR('',#18172,1.);
#18172 = DIRECTION('',(0.608761412878,0.793353352669,0.));
#18173 = ORIENTED_EDGE('',*,*,#18133,.T.);
#18174 = PLANE('',#18175);
#18175 = AXIS2_PLACEMENT_3D('',#18176,#18177,#18178);
#18176 = CARTESIAN_POINT('',(0.981795966625,-1.823654353619,
    1.500000012956));
#18177 = DIRECTION('',(-0.793353328696,0.608761444119,1.576251444631E-08
    ));
#18178 = DIRECTION('',(-0.608761444119,-0.793353328696,0.));
#18179 = ADVANCED_FACE('',(#18180),#18205,.F.);
#18180 = FACE_BOUND('',#18181,.F.);
#18181 = EDGE_LOOP('',(#18182,#18190,#18198,#18204));
#18182 = ORIENTED_EDGE('',*,*,#18183,.F.);
#18183 = EDGE_CURVE('',#18184,#7984,#18186,.T.);
#18184 = VERTEX_POINT('',#18185);
#18185 = CARTESIAN_POINT('',(2.299999952316,-0.616283118725,3.));
#18186 = LINE('',#18187,#18188);
#18187 = CARTESIAN_POINT('',(2.299999952316,-0.616283118725,3.));
#18188 = VECTOR('',#18189,1.);
#18189 = DIRECTION('',(-0.79335331588,-0.608761460823,0.));
#18190 = ORIENTED_EDGE('',*,*,#18191,.F.);
#18191 = EDGE_CURVE('',#18192,#18184,#18194,.T.);
#18192 = VERTEX_POINT('',#18193);
#18193 = CARTESIAN_POINT('',(2.299999952316,-0.616283118725,0.));
#18194 = LINE('',#18195,#18196);
#18195 = CARTESIAN_POINT('',(2.299999952316,-0.616283118725,0.));
#18196 = VECTOR('',#18197,1.);
#18197 = DIRECTION('',(0.,0.,1.));
#18198 = ORIENTED_EDGE('',*,*,#18199,.F.);
#18199 = EDGE_CURVE('',#4016,#18192,#18200,.T.);
#18200 = LINE('',#18201,#18202);
#18201 = CARTESIAN_POINT('',(1.347308754921,-1.347308754921,0.));
#18202 = VECTOR('',#18203,1.);
#18203 = DIRECTION('',(0.793353352669,0.608761412878,0.));
#18204 = ORIENTED_EDGE('',*,*,#18162,.T.);
#18205 = PLANE('',#18206);
#18206 = AXIS2_PLACEMENT_3D('',#18207,#18208,#18209);
#18207 = CARTESIAN_POINT('',(1.823654383421,-0.981795936823,
    1.499999983115));
#18208 = DIRECTION('',(-0.60876143685,0.793353334274,1.209500307028E-08)
  );
#18209 = DIRECTION('',(0.793353334274,0.60876143685,0.));
#18210 = ADVANCED_FACE('',(#18211),#18236,.F.);
#18211 = FACE_BOUND('',#18212,.F.);
#18212 = EDGE_LOOP('',(#18213,#18221,#18229,#18235));
#18213 = ORIENTED_EDGE('',*,*,#18214,.F.);
#18214 = EDGE_CURVE('',#18215,#18184,#18217,.T.);
#18215 = VERTEX_POINT('',#18216);
#18216 = CARTESIAN_POINT('',(3.409432411194,-0.156741201878,3.));
#18217 = LINE('',#18218,#18219);
#18218 = CARTESIAN_POINT('',(3.409432411194,-0.156741201878,3.));
#18219 = VECTOR('',#18220,1.);
#18220 = DIRECTION('',(-0.923879548456,-0.382683393871,0.));
#18221 = ORIENTED_EDGE('',*,*,#18222,.F.);
#18222 = EDGE_CURVE('',#18223,#18215,#18225,.T.);
#18223 = VERTEX_POINT('',#18224);
#18224 = CARTESIAN_POINT('',(3.409432411194,-0.156741201878,0.));
#18225 = LINE('',#18226,#18227);
#18226 = CARTESIAN_POINT('',(3.409432411194,-0.156741201878,0.));
#18227 = VECTOR('',#18228,1.);
#18228 = DIRECTION('',(0.,0.,1.));
#18229 = ORIENTED_EDGE('',*,*,#18230,.F.);
#18230 = EDGE_CURVE('',#18192,#18223,#18231,.T.);
#18231 = LINE('',#18232,#18233);
#18232 = CARTESIAN_POINT('',(2.299999952316,-0.616283118725,0.));
#18233 = VECTOR('',#18234,1.);
#18234 = DIRECTION('',(0.923879548456,0.382683393871,0.));
#18235 = ORIENTED_EDGE('',*,*,#18191,.T.);
#18236 = PLANE('',#18237);
#18237 = AXIS2_PLACEMENT_3D('',#18238,#18239,#18240);
#18238 = CARTESIAN_POINT('',(2.854716181755,-0.386512160301,1.5));
#18239 = DIRECTION('',(-0.382683393871,0.923879548456,0.));
#18240 = DIRECTION('',(0.923879548456,0.382683393871,0.));
#18241 = ADVANCED_FACE('',(#18242),#18258,.F.);
#18242 = FACE_BOUND('',#18243,.F.);
#18243 = EDGE_LOOP('',(#18244,#18250,#18251,#18257));
#18244 = ORIENTED_EDGE('',*,*,#18245,.F.);
#18245 = EDGE_CURVE('',#18223,#4048,#18246,.T.);
#18246 = LINE('',#18247,#18248);
#18247 = CARTESIAN_POINT('',(3.409432411194,-0.156741201878,0.));
#18248 = VECTOR('',#18249,1.);
#18249 = DIRECTION('',(0.991444859453,0.130526206807,0.));
#18250 = ORIENTED_EDGE('',*,*,#18222,.T.);
#18251 = ORIENTED_EDGE('',*,*,#18252,.F.);
#18252 = EDGE_CURVE('',#7952,#18215,#18253,.T.);
#18253 = LINE('',#18254,#18255);
#18254 = CARTESIAN_POINT('',(4.599999904633,0.,3.));
#18255 = VECTOR('',#18256,1.);
#18256 = DIRECTION('',(-0.991444859453,-0.130526206807,0.));
#18257 = ORIENTED_EDGE('',*,*,#11644,.F.);
#18258 = PLANE('',#18259);
#18259 = AXIS2_PLACEMENT_3D('',#18260,#18261,#18262);
#18260 = CARTESIAN_POINT('',(4.004716157913,-7.83706009388E-02,1.5));
#18261 = DIRECTION('',(-0.130526206807,0.991444859453,0.));
#18262 = DIRECTION('',(0.991444859453,0.130526206807,0.));
#18263 = ( GEOMETRIC_REPRESENTATION_CONTEXT(3) 
GLOBAL_UNCERTAINTY_ASSIGNED_CONTEXT((#18267)) 
GLOBAL_UNIT_ASSIGNED_CONTEXT((#18264,#18265,#18266)) 
REPRESENTATION_CONTEXT('Context #1',
  '3D Context with UNIT and UNCERTAINTY') );
#18264 = ( LENGTH_UNIT() NAMED_UNIT(*) SI_UNIT(.MILLI.,.METRE.) );
#18265 = ( NAMED_UNIT(*) PLANE_ANGLE_UNIT() SI_UNIT($,.RADIAN.) );
#18266 = ( NAMED_UNIT(*) SI_UNIT($,.STERADIAN.) SOLID_ANGLE_UNIT() );
#18267 = UNCERTAINTY_MEASURE_WITH_UNIT(LENGTH_MEASURE(1.E-07),#18264,
  'distance_accuracy_value','confusion accuracy');
#18268 = PRODUCT_RELATED_PRODUCT_CATEGORY('part',$,(#7));
#18269 = MECHANICAL_DESIGN_GEOMETRIC_PRESENTATION_REPRESENTATION('',(
    #18270),#18263);
#18270 = STYLED_ITEM('color',(#18271),#15);
#18271 = PRESENTATION_STYLE_ASSIGNMENT((#18272,#18278));
#18272 = SURFACE_STYLE_USAGE(.BOTH.,#18273);
#18273 = SURFACE_SIDE_STYLE('',(#18274));
#18274 = SURFACE_STYLE_FILL_AREA(#18275);
#18275 = FILL_AREA_STYLE('',(#18276));
#18276 = FILL_AREA_STYLE_COLOUR('',#18277);
#18277 = COLOUR_RGB('',0.447059003357,0.474510015008,0.501960993452);
#18278 = CURVE_STYLE('',#18279,POSITIVE_LENGTH_MEASURE(0.1),#18280);
#18279 = DRAUGHTING_PRE_DEFINED_CURVE_FONT('continuous');
#18280 = COLOUR_RGB('',9.803921802644E-02,9.803921802644E-02,
  9.803921802644E-02);
ENDSEC;
END-ISO-10303-21;
